{"type": "FeatureCollection", "features": [{"type": "Feature", "id": "TC100132110Centroid", "properties": {"description": "Tropical Cyclone FIFTEEN-E-26", "name": "Tropical Cyclone FIFTEEN-E-26", "htmldescription": "Green Tropical Cylone FIFTEEN-E-26 in off-shore from: 13 Sep 2026 21:00:00 to:16 Sep 2026 03:00:00.", "link": "https://www.gdacs.org/report.aspx?eventtype=TC&eventid=1001321&episodeid=10", "featureIndex": "762", "iconeventlink": "https://www.gdacs.org/images/gdacs_icons/maps/Green/TC.png", "iconitemlink": "https://www.gdacs.org/images/gdacs_icons/maps/Green/TC.png", "alertlevel": "Green", "alertscore": "1", "alertlevelepisode": "Green", "alertscoreepisode": "1", "eventtype": "TC", "eventid": "1001321", "episodeid": "10", "eventname": "FIFTEEN-E-26", "fromdate": "13 Sep 2026 21:00:00", "todate": "16 Sep 2026 03:00:00", "country": "", "countrylist": "", "iso3": "", "severity": "46.296", "latitude": "15.5", "longitude": "-125.8", "imageoverview": "https://www.gdacs.org/contentdata/resources/imgtemp/gdacs/tc/1001321/clouds_1001321_10.png", "polygonlabel": "Centroid", "Class": "Point_Centroid"}, "geometry": {"type": "Point", "coordinates": [-125.8, 15.5]}}, {"type": "Feature", "id": "TC100132110Polygon_Point_0", "properties": {"description": "Tropical Cyclone FIFTEEN-E-26", "name": "Tropical Cyclone FIFTEEN-E-26", "htmldescription": "Green Tropical Cylone FIFTEEN-E-26 in off-shore from: 13 Sep 2026 21:00:00 to:16 Sep 2026 03:00:00.", "link": "https://www.gdacs.org/report.aspx?eventtype=TC&eventid=1001321&episodeid=10", "featureIndex": "763", "iconeventlink": "https://www.gdacs.org/images/gdacs_icons/maps/Green/TC.png", "iconitemlink": "https://www.gdacs.org/images/gdacs_icons/maps/Green/TC.png", "alertlevel": "Green", "eventtype": "TC", "eventname": "FIFTEEN-E-26", "polygonlabel": "13/09 21:00 UTC", "polygontype": "Polygon_Point_0", "fromdate": "13 Sep 2026 21:00:00", "todate": "16 Sep 2026 03:00:00", "country": "", "countrylist": "", "iso3": "", "severity": "46.296", "latitude": "15.5", "longitude": "-125.8", "imageoverview": "https://www.gdacs.org/contentdata/resources/imgtemp/gdacs/tc/1001321/clouds_1001321_10.png", "Class": "Poly_Polygon_Point_0"}, "geometry": {"type": "Polygon", "coordinates": [[[-117.2, 17.169999999999998], [-117.19852796977018, 17.170036136313843], [-117.19705948579012, 17.170144458199832], [-117.19559808576633, 17.170324704701056], [-117.19414729033952, 17.1705764415879], [-117.1927105946029, 17.17089906240416], [-117.19129145968238, 17.17129178992803], [-117.18989330439824, 17.171753678044507], [-117.18851949702905, 17.17228361402466], [-117.18717334719709, 17.172880321206296], [-117.18585809789522, 17.173542362069547], [-117.1845769176742, 17.17426814169999], [-117.18333289300942, 17.17505591163092], [-117.18212902086523, 17.17590377405558], [-117.1809682014751, 17.176809686399118], [-117.17985323135458, 17.17777146623935], [-117.17878679656441, 17.178786796564403], [-117.17777146623935, 17.17985323135459], [-117.17680968639912, 17.18096820147509], [-117.17590377405558, 17.182129020865226], [-117.17505591163092, 17.18333289300941], [-117.1742681417, 17.184576917674203], [-117.17354236206955, 17.18585809789522], [-117.17288032120629, 17.187173347197092], [-117.17228361402466, 17.188519497029045], [-117.17175367804451, 17.189893304398232], [-117.17129178992803, 17.191291459682365], [-117.17089906240416, 17.1927105946029], [-117.17057644158791, 17.194147290339515], [-117.17032470470106, 17.19559808576634], [-117.17014445819983, 17.197059485790113], [-117.17003613631384, 17.198527969770176], [-117.17, 17.2], [-117.17003613631384, 17.201472030229823], [-117.17014445819983, 17.202940514209885], [-117.17032470470106, 17.20440191423366], [-117.17057644158791, 17.205852709660483], [-117.17089906240416, 17.2072894053971], [-117.17129178992803, 17.208708540317634], [-117.17175367804451, 17.210106695601766], [-117.17228361402466, 17.211480502970954], [-117.17288032120629, 17.212826652802907], [-117.17354236206955, 17.214141902104778], [-117.1742681417, 17.215423082325795], [-117.17505591163092, 17.216667106990588], [-117.17590377405558, 17.217870979134773], [-117.17680968639912, 17.21903179852491], [-117.17777146623935, 17.22014676864541], [-117.17878679656441, 17.221213203435596], [-117.17985323135458, 17.22222853376065], [-117.1809682014751, 17.22319031360088], [-117.18212902086523, 17.224096225944418], [-117.18333289300942, 17.224944088369078], [-117.1845769176742, 17.22573185830001], [-117.18585809789522, 17.22645763793045], [-117.18717334719709, 17.227119678793702], [-117.18851949702905, 17.227716385975338], [-117.18989330439824, 17.228246321955492], [-117.19129145968238, 17.228708210071968], [-117.1927105946029, 17.229100937595838], [-117.19414729033952, 17.229423558412098], [-117.19559808576633, 17.229675295298943], [-117.19705948579012, 17.229855541800166], [-117.19852796977018, 17.229963863686155], [-117.2, 17.23], [-117.20147203022982, 17.229963863686155], [-117.20294051420989, 17.229855541800166], [-117.20440191423367, 17.229675295298943], [-117.20585270966049, 17.229423558412098], [-117.2072894053971, 17.229100937595838], [-117.20870854031763, 17.228708210071968], [-117.21010669560177, 17.228246321955492], [-117.21148050297096, 17.227716385975338], [-117.21282665280292, 17.227119678793702], [-117.21414190210479, 17.22645763793045], [-117.2154230823258, 17.22573185830001], [-117.21666710699058, 17.224944088369078], [-117.21787097913477, 17.224096225944418], [-117.21903179852491, 17.22319031360088], [-117.22014676864542, 17.22222853376065], [-117.2212132034356, 17.221213203435596], [-117.22222853376066, 17.22014676864541], [-117.22319031360088, 17.21903179852491], [-117.22409622594442, 17.217870979134773], [-117.22494408836909, 17.216667106990588], [-117.22573185830001, 17.215423082325795], [-117.22645763793045, 17.214141902104778], [-117.22711967879371, 17.212826652802907], [-117.22771638597534, 17.211480502970954], [-117.2282463219555, 17.210106695601766], [-117.22870821007197, 17.208708540317634], [-117.22910093759585, 17.2072894053971], [-117.2294235584121, 17.205852709660483], [-117.22967529529895, 17.20440191423366], [-117.22985554180018, 17.202940514209885], [-117.22996386368617, 17.201472030229823], [-117.23, 17.2], [-117.22996386368617, 17.198527969770176], [-117.22985554180018, 17.197059485790113], [-117.22967529529895, 17.19559808576634], [-117.2294235584121, 17.194147290339515], [-117.22910093759585, 17.1927105946029], [-117.22870821007197, 17.191291459682365], [-117.2282463219555, 17.189893304398232], [-117.22771638597534, 17.188519497029045], [-117.22711967879371, 17.187173347197092], [-117.22645763793045, 17.18585809789522], [-117.22573185830001, 17.184576917674203], [-117.22494408836909, 17.18333289300941], [-117.22409622594442, 17.182129020865226], [-117.22319031360088, 17.18096820147509], [-117.22222853376066, 17.17985323135459], [-117.2212132034356, 17.178786796564403], [-117.22014676864542, 17.17777146623935], [-117.21903179852491, 17.176809686399118], [-117.21787097913477, 17.17590377405558], [-117.21666710699058, 17.17505591163092], [-117.2154230823258, 17.17426814169999], [-117.21414190210479, 17.173542362069547], [-117.21282665280292, 17.172880321206296], [-117.21148050297096, 17.17228361402466], [-117.21010669560177, 17.171753678044507], [-117.20870854031763, 17.17129178992803], [-117.2072894053971, 17.17089906240416], [-117.20585270966049, 17.1705764415879], [-117.20440191423367, 17.170324704701056], [-117.20294051420989, 17.170144458199832], [-117.20147203022982, 17.170036136313843], [-117.2, 17.169999999999998]]]}}, {"type": "Feature", "id": "TC100132110Polygon_Point_1", "properties": {"description": "Tropical Cyclone FIFTEEN-E-26", "name": "Tropical Cyclone FIFTEEN-E-26", "htmldescription": "Green Tropical Cylone FIFTEEN-E-26 in off-shore from: 13 Sep 2026 21:00:00 to:16 Sep 2026 03:00:00.", "link": "https://www.gdacs.org/report.aspx?eventtype=TC&eventid=1001321&episodeid=10", "featureIndex": "764", "iconeventlink": "https://www.gdacs.org/images/gdacs_icons/maps/Green/TC.png", "iconitemlink": "https://www.gdacs.org/images/gdacs_icons/maps/Green/TC.png", "alertlevel": "Green", "eventtype": "TC", "eventname": "FIFTEEN-E-26", "polygonlabel": "14/09 03:00 UTC", "polygontype": "Polygon_Point_1", "fromdate": "13 Sep 2026 21:00:00", "todate": "16 Sep 2026 03:00:00", "country": "", "countrylist": "", "iso3": "", "severity": "46.296", "latitude": "15.5", "longitude": "-125.8", "imageoverview": "https://www.gdacs.org/contentdata/resources/imgtemp/gdacs/tc/1001321/clouds_1001321_10.png", "Class": "Poly_Polygon_Point_1"}, "geometry": {"type": "Polygon", "coordinates": [[[-118.3, 16.97], [-118.29852796977018, 16.970036136313844], [-118.29705948579011, 16.970144458199833], [-118.29559808576633, 16.970324704701056], [-118.29414729033951, 16.9705764415879], [-118.2927105946029, 16.97089906240416], [-118.29129145968237, 16.97129178992803], [-118.28989330439823, 16.971753678044507], [-118.28851949702904, 16.97228361402466], [-118.28717334719708, 16.972880321206297], [-118.28585809789521, 16.973542362069548], [-118.2845769176742, 16.97426814169999], [-118.28333289300942, 16.97505591163092], [-118.28212902086523, 16.97590377405558], [-118.28096820147509, 16.97680968639912], [-118.27985323135458, 16.97777146623935], [-118.2787867965644, 16.978786796564403], [-118.27777146623934, 16.97985323135459], [-118.27680968639912, 16.98096820147509], [-118.27590377405558, 16.982129020865226], [-118.27505591163091, 16.98333289300941], [-118.27426814169999, 16.984576917674204], [-118.27354236206955, 16.98585809789522], [-118.27288032120629, 16.987173347197093], [-118.27228361402466, 16.988519497029046], [-118.2717536780445, 16.989893304398233], [-118.27129178992803, 16.991291459682365], [-118.27089906240415, 16.9927105946029], [-118.2705764415879, 16.994147290339516], [-118.27032470470105, 16.99559808576634], [-118.27014445819982, 16.997059485790114], [-118.27003613631383, 16.998527969770176], [-118.27, 17.0], [-118.27003613631383, 17.001472030229824], [-118.27014445819982, 17.002940514209886], [-118.27032470470105, 17.00440191423366], [-118.2705764415879, 17.005852709660484], [-118.27089906240415, 17.0072894053971], [-118.27129178992803, 17.008708540317635], [-118.2717536780445, 17.010106695601767], [-118.27228361402466, 17.011480502970954], [-118.27288032120629, 17.012826652802907], [-118.27354236206955, 17.01414190210478], [-118.27426814169999, 17.015423082325796], [-118.27505591163091, 17.01666710699059], [-118.27590377405558, 17.017870979134774], [-118.27680968639912, 17.01903179852491], [-118.27777146623934, 17.02014676864541], [-118.2787867965644, 17.021213203435597], [-118.27985323135458, 17.02222853376065], [-118.28096820147509, 17.02319031360088], [-118.28212902086523, 17.02409622594442], [-118.28333289300942, 17.02494408836908], [-118.2845769176742, 17.02573185830001], [-118.28585809789521, 17.026457637930452], [-118.28717334719708, 17.027119678793703], [-118.28851949702904, 17.02771638597534], [-118.28989330439823, 17.028246321955493], [-118.29129145968237, 17.02870821007197], [-118.2927105946029, 17.02910093759584], [-118.29414729033951, 17.0294235584121], [-118.29559808576633, 17.029675295298944], [-118.29705948579011, 17.029855541800167], [-118.29852796977018, 17.029963863686156], [-118.3, 17.03], [-118.30147203022982, 17.029963863686156], [-118.30294051420988, 17.029855541800167], [-118.30440191423367, 17.029675295298944], [-118.30585270966048, 17.0294235584121], [-118.3072894053971, 17.02910093759584], [-118.30870854031762, 17.02870821007197], [-118.31010669560176, 17.028246321955493], [-118.31148050297095, 17.02771638597534], [-118.31282665280291, 17.027119678793703], [-118.31414190210478, 17.026457637930452], [-118.3154230823258, 17.02573185830001], [-118.31666710699058, 17.02494408836908], [-118.31787097913477, 17.02409622594442], [-118.3190317985249, 17.02319031360088], [-118.32014676864542, 17.02222853376065], [-118.32121320343559, 17.021213203435597], [-118.32222853376065, 17.02014676864541], [-118.32319031360088, 17.01903179852491], [-118.32409622594442, 17.017870979134774], [-118.32494408836908, 17.01666710699059], [-118.3257318583, 17.015423082325796], [-118.32645763793045, 17.01414190210478], [-118.32711967879371, 17.012826652802907], [-118.32771638597534, 17.011480502970954], [-118.32824632195549, 17.010106695601767], [-118.32870821007197, 17.008708540317635], [-118.32910093759584, 17.0072894053971], [-118.32942355841209, 17.005852709660484], [-118.32967529529894, 17.00440191423366], [-118.32985554180017, 17.002940514209886], [-118.32996386368616, 17.001472030229824], [-118.33, 17.0], [-118.32996386368616, 16.998527969770176], [-118.32985554180017, 16.997059485790114], [-118.32967529529894, 16.99559808576634], [-118.32942355841209, 16.994147290339516], [-118.32910093759584, 16.9927105946029], [-118.32870821007197, 16.991291459682365], [-118.32824632195549, 16.989893304398233], [-118.32771638597534, 16.988519497029046], [-118.32711967879371, 16.987173347197093], [-118.32645763793045, 16.98585809789522], [-118.3257318583, 16.984576917674204], [-118.32494408836908, 16.98333289300941], [-118.32409622594442, 16.982129020865226], [-118.32319031360088, 16.98096820147509], [-118.32222853376065, 16.97985323135459], [-118.32121320343559, 16.978786796564403], [-118.32014676864542, 16.97777146623935], [-118.3190317985249, 16.97680968639912], [-118.31787097913477, 16.97590377405558], [-118.31666710699058, 16.97505591163092], [-118.3154230823258, 16.97426814169999], [-118.31414190210478, 16.973542362069548], [-118.31282665280291, 16.972880321206297], [-118.31148050297095, 16.97228361402466], [-118.31010669560176, 16.971753678044507], [-118.30870854031762, 16.97129178992803], [-118.3072894053971, 16.97089906240416], [-118.30585270966048, 16.9705764415879], [-118.30440191423367, 16.970324704701056], [-118.30294051420988, 16.970144458199833], [-118.30147203022982, 16.970036136313844], [-118.3, 16.97]]]}}, {"type": "Feature", "id": "TC100132110Polygon_Point_2", "properties": {"description": "Tropical Cyclone FIFTEEN-E-26", "name": "Tropical Cyclone FIFTEEN-E-26", "htmldescription": "Green Tropical Cylone FIFTEEN-E-26 in off-shore from: 13 Sep 2026 21:00:00 to:16 Sep 2026 03:00:00.", "link": "https://www.gdacs.org/report.aspx?eventtype=TC&eventid=1001321&episodeid=10", "featureIndex": "765", "iconeventlink": "https://www.gdacs.org/images/gdacs_icons/maps/Green/TC.png", "iconitemlink": "https://www.gdacs.org/images/gdacs_icons/maps/Green/TC.png", "alertlevel": "Green", "eventtype": "TC", "eventname": "FIFTEEN-E-26", "polygonlabel": "14/09 09:00 UTC", "polygontype": "Polygon_Point_2", "fromdate": "13 Sep 2026 21:00:00", "todate": "16 Sep 2026 03:00:00", "country": "", "countrylist": "", "iso3": "", "severity": "46.296", "latitude": "15.5", "longitude": "-125.8", "imageoverview": "https://www.gdacs.org/contentdata/resources/imgtemp/gdacs/tc/1001321/clouds_1001321_10.png", "Class": "Poly_Polygon_Point_2"}, "geometry": {"type": "Polygon", "coordinates": [[[-118.9, 16.47], [-118.89852796977019, 16.470036136313844], [-118.89705948579012, 16.470144458199833], [-118.89559808576634, 16.470324704701056], [-118.89414729033952, 16.4705764415879], [-118.8927105946029, 16.47089906240416], [-118.89129145968238, 16.47129178992803], [-118.88989330439824, 16.471753678044507], [-118.88851949702905, 16.47228361402466], [-118.88717334719709, 16.472880321206297], [-118.88585809789522, 16.473542362069548], [-118.88457691767421, 16.47426814169999], [-118.88333289300942, 16.47505591163092], [-118.88212902086524, 16.47590377405558], [-118.8809682014751, 16.47680968639912], [-118.87985323135459, 16.47777146623935], [-118.87878679656441, 16.478786796564403], [-118.87777146623935, 16.47985323135459], [-118.87680968639913, 16.48096820147509], [-118.87590377405559, 16.482129020865226], [-118.87505591163092, 16.48333289300941], [-118.8742681417, 16.484576917674204], [-118.87354236206956, 16.48585809789522], [-118.8728803212063, 16.487173347197093], [-118.87228361402467, 16.488519497029046], [-118.87175367804451, 16.489893304398233], [-118.87129178992804, 16.491291459682365], [-118.87089906240416, 16.4927105946029], [-118.87057644158791, 16.494147290339516], [-118.87032470470106, 16.49559808576634], [-118.87014445819983, 16.497059485790114], [-118.87003613631384, 16.498527969770176], [-118.87, 16.5], [-118.87003613631384, 16.501472030229824], [-118.87014445819983, 16.502940514209886], [-118.87032470470106, 16.50440191423366], [-118.87057644158791, 16.505852709660484], [-118.87089906240416, 16.5072894053971], [-118.87129178992804, 16.508708540317635], [-118.87175367804451, 16.510106695601767], [-118.87228361402467, 16.511480502970954], [-118.8728803212063, 16.512826652802907], [-118.87354236206956, 16.51414190210478], [-118.8742681417, 16.515423082325796], [-118.87505591163092, 16.51666710699059], [-118.87590377405559, 16.517870979134774], [-118.87680968639913, 16.51903179852491], [-118.87777146623935, 16.52014676864541], [-118.87878679656441, 16.521213203435597], [-118.87985323135459, 16.52222853376065], [-118.8809682014751, 16.52319031360088], [-118.88212902086524, 16.52409622594442], [-118.88333289300942, 16.52494408836908], [-118.88457691767421, 16.52573185830001], [-118.88585809789522, 16.526457637930452], [-118.88717334719709, 16.527119678793703], [-118.88851949702905, 16.52771638597534], [-118.88989330439824, 16.528246321955493], [-118.89129145968238, 16.52870821007197], [-118.8927105946029, 16.52910093759584], [-118.89414729033952, 16.5294235584121], [-118.89559808576634, 16.529675295298944], [-118.89705948579012, 16.529855541800167], [-118.89852796977019, 16.529963863686156], [-118.9, 16.53], [-118.90147203022983, 16.529963863686156], [-118.90294051420989, 16.529855541800167], [-118.90440191423367, 16.529675295298944], [-118.9058527096605, 16.5294235584121], [-118.90728940539711, 16.52910093759584], [-118.90870854031763, 16.52870821007197], [-118.91010669560177, 16.528246321955493], [-118.91148050297096, 16.52771638597534], [-118.91282665280292, 16.527119678793703], [-118.91414190210479, 16.526457637930452], [-118.9154230823258, 16.52573185830001], [-118.91666710699059, 16.52494408836908], [-118.91787097913478, 16.52409622594442], [-118.91903179852491, 16.52319031360088], [-118.92014676864542, 16.52222853376065], [-118.9212132034356, 16.521213203435597], [-118.92222853376066, 16.52014676864541], [-118.92319031360088, 16.51903179852491], [-118.92409622594442, 16.517870979134774], [-118.92494408836909, 16.51666710699059], [-118.92573185830001, 16.515423082325796], [-118.92645763793045, 16.51414190210478], [-118.92711967879372, 16.512826652802907], [-118.92771638597534, 16.511480502970954], [-118.9282463219555, 16.510106695601767], [-118.92870821007197, 16.508708540317635], [-118.92910093759585, 16.5072894053971], [-118.9294235584121, 16.505852709660484], [-118.92967529529895, 16.50440191423366], [-118.92985554180018, 16.502940514209886], [-118.92996386368617, 16.501472030229824], [-118.93, 16.5], [-118.92996386368617, 16.498527969770176], [-118.92985554180018, 16.497059485790114], [-118.92967529529895, 16.49559808576634], [-118.9294235584121, 16.494147290339516], [-118.92910093759585, 16.4927105946029], [-118.92870821007197, 16.491291459682365], [-118.9282463219555, 16.489893304398233], [-118.92771638597534, 16.488519497029046], [-118.92711967879372, 16.487173347197093], [-118.92645763793045, 16.48585809789522], [-118.92573185830001, 16.484576917674204], [-118.92494408836909, 16.48333289300941], [-118.92409622594442, 16.482129020865226], [-118.92319031360088, 16.48096820147509], [-118.92222853376066, 16.47985323135459], [-118.9212132034356, 16.478786796564403], [-118.92014676864542, 16.47777146623935], [-118.91903179852491, 16.47680968639912], [-118.91787097913478, 16.47590377405558], [-118.91666710699059, 16.47505591163092], [-118.9154230823258, 16.47426814169999], [-118.91414190210479, 16.473542362069548], [-118.91282665280292, 16.472880321206297], [-118.91148050297096, 16.47228361402466], [-118.91010669560177, 16.471753678044507], [-118.90870854031763, 16.47129178992803], [-118.90728940539711, 16.47089906240416], [-118.9058527096605, 16.4705764415879], [-118.90440191423367, 16.470324704701056], [-118.90294051420989, 16.470144458199833], [-118.90147203022983, 16.470036136313844], [-118.9, 16.47]]]}}, {"type": "Feature", "id": "TC100132110Polygon_Point_3", "properties": {"description": "Tropical Cyclone FIFTEEN-E-26", "name": "Tropical Cyclone FIFTEEN-E-26", "htmldescription": "Green Tropical Cylone FIFTEEN-E-26 in off-shore from: 13 Sep 2026 21:00:00 to:16 Sep 2026 03:00:00.", "link": "https://www.gdacs.org/report.aspx?eventtype=TC&eventid=1001321&episodeid=10", "featureIndex": "766", "iconeventlink": "https://www.gdacs.org/images/gdacs_icons/maps/Green/TC.png", "iconitemlink": "https://www.gdacs.org/images/gdacs_icons/maps/Green/TC.png", "alertlevel": "Green", "eventtype": "TC", "eventname": "FIFTEEN-E-26", "polygonlabel": "14/09 15:00 UTC", "polygontype": "Polygon_Point_3", "fromdate": "13 Sep 2026 21:00:00", "todate": "16 Sep 2026 03:00:00", "country": "", "countrylist": "", "iso3": "", "severity": "46.296", "latitude": "15.5", "longitude": "-125.8", "imageoverview": "https://www.gdacs.org/contentdata/resources/imgtemp/gdacs/tc/1001321/clouds_1001321_10.png", "Class": "Poly_Polygon_Point_3"}, "geometry": {"type": "Polygon", "coordinates": [[[-119.7, 16.27], [-119.69852796977018, 16.270036136313845], [-119.69705948579012, 16.270144458199834], [-119.69559808576633, 16.270324704701057], [-119.69414729033952, 16.270576441587902], [-119.6927105946029, 16.270899062404162], [-119.69129145968238, 16.271291789928032], [-119.68989330439824, 16.271753678044508], [-119.68851949702905, 16.272283614024662], [-119.68717334719709, 16.272880321206298], [-119.68585809789522, 16.27354236206955], [-119.6845769176742, 16.27426814169999], [-119.68333289300942, 16.275055911630922], [-119.68212902086523, 16.275903774055582], [-119.6809682014751, 16.27680968639912], [-119.67985323135458, 16.27777146623935], [-119.67878679656441, 16.278786796564404], [-119.67777146623935, 16.27985323135459], [-119.67680968639912, 16.28096820147509], [-119.67590377405558, 16.282129020865227], [-119.67505591163092, 16.283332893009412], [-119.6742681417, 16.284576917674205], [-119.67354236206955, 16.285858097895222], [-119.67288032120629, 16.287173347197093], [-119.67228361402466, 16.288519497029046], [-119.67175367804451, 16.289893304398234], [-119.67129178992803, 16.291291459682366], [-119.67089906240416, 16.2927105946029], [-119.67057644158791, 16.294147290339517], [-119.67032470470106, 16.29559808576634], [-119.67014445819983, 16.297059485790115], [-119.67003613631384, 16.298527969770177], [-119.67, 16.3], [-119.67003613631384, 16.301472030229824], [-119.67014445819983, 16.302940514209887], [-119.67032470470106, 16.30440191423366], [-119.67057644158791, 16.305852709660485], [-119.67089906240416, 16.3072894053971], [-119.67129178992803, 16.308708540317635], [-119.67175367804451, 16.310106695601768], [-119.67228361402466, 16.311480502970955], [-119.67288032120629, 16.312826652802908], [-119.67354236206955, 16.31414190210478], [-119.6742681417, 16.315423082325797], [-119.67505591163092, 16.31666710699059], [-119.67590377405558, 16.317870979134774], [-119.67680968639912, 16.31903179852491], [-119.67777146623935, 16.32014676864541], [-119.67878679656441, 16.321213203435597], [-119.67985323135458, 16.32222853376065], [-119.6809682014751, 16.323190313600882], [-119.68212902086523, 16.32409622594442], [-119.68333289300942, 16.32494408836908], [-119.6845769176742, 16.32573185830001], [-119.68585809789522, 16.326457637930453], [-119.68717334719709, 16.327119678793704], [-119.68851949702905, 16.32771638597534], [-119.68989330439824, 16.328246321955493], [-119.69129145968238, 16.32870821007197], [-119.6927105946029, 16.32910093759584], [-119.69414729033952, 16.3294235584121], [-119.69559808576633, 16.329675295298944], [-119.69705948579012, 16.329855541800168], [-119.69852796977018, 16.329963863686157], [-119.7, 16.330000000000002], [-119.70147203022982, 16.329963863686157], [-119.70294051420989, 16.329855541800168], [-119.70440191423367, 16.329675295298944], [-119.70585270966049, 16.3294235584121], [-119.7072894053971, 16.32910093759584], [-119.70870854031763, 16.32870821007197], [-119.71010669560177, 16.328246321955493], [-119.71148050297096, 16.32771638597534], [-119.71282665280292, 16.327119678793704], [-119.71414190210479, 16.326457637930453], [-119.7154230823258, 16.32573185830001], [-119.71666710699058, 16.32494408836908], [-119.71787097913477, 16.32409622594442], [-119.71903179852491, 16.323190313600882], [-119.72014676864542, 16.32222853376065], [-119.7212132034356, 16.321213203435597], [-119.72222853376066, 16.32014676864541], [-119.72319031360088, 16.31903179852491], [-119.72409622594442, 16.317870979134774], [-119.72494408836909, 16.31666710699059], [-119.72573185830001, 16.315423082325797], [-119.72645763793045, 16.31414190210478], [-119.72711967879371, 16.312826652802908], [-119.72771638597534, 16.311480502970955], [-119.7282463219555, 16.310106695601768], [-119.72870821007197, 16.308708540317635], [-119.72910093759585, 16.3072894053971], [-119.7294235584121, 16.305852709660485], [-119.72967529529895, 16.30440191423366], [-119.72985554180018, 16.302940514209887], [-119.72996386368617, 16.301472030229824], [-119.73, 16.3], [-119.72996386368617, 16.298527969770177], [-119.72985554180018, 16.297059485790115], [-119.72967529529895, 16.29559808576634], [-119.7294235584121, 16.294147290339517], [-119.72910093759585, 16.2927105946029], [-119.72870821007197, 16.291291459682366], [-119.7282463219555, 16.289893304398234], [-119.72771638597534, 16.288519497029046], [-119.72711967879371, 16.287173347197093], [-119.72645763793045, 16.285858097895222], [-119.72573185830001, 16.284576917674205], [-119.72494408836909, 16.283332893009412], [-119.72409622594442, 16.282129020865227], [-119.72319031360088, 16.28096820147509], [-119.72222853376066, 16.27985323135459], [-119.7212132034356, 16.278786796564404], [-119.72014676864542, 16.27777146623935], [-119.71903179852491, 16.27680968639912], [-119.71787097913477, 16.275903774055582], [-119.71666710699058, 16.275055911630922], [-119.7154230823258, 16.27426814169999], [-119.71414190210479, 16.27354236206955], [-119.71282665280292, 16.272880321206298], [-119.71148050297096, 16.272283614024662], [-119.71010669560177, 16.271753678044508], [-119.70870854031763, 16.271291789928032], [-119.7072894053971, 16.270899062404162], [-119.70585270966049, 16.270576441587902], [-119.70440191423367, 16.270324704701057], [-119.70294051420989, 16.270144458199834], [-119.70147203022982, 16.270036136313845], [-119.7, 16.27]]]}}, {"type": "Feature", "id": "TC100132110Polygon_Point_4", "properties": {"description": "Tropical Cyclone FIFTEEN-E-26", "name": "Tropical Cyclone FIFTEEN-E-26", "htmldescription": "Green Tropical Cylone FIFTEEN-E-26 in off-shore from: 13 Sep 2026 21:00:00 to:16 Sep 2026 03:00:00.", "link": "https://www.gdacs.org/report.aspx?eventtype=TC&eventid=1001321&episodeid=10", "featureIndex": "767", "iconeventlink": "https://www.gdacs.org/images/gdacs_icons/maps/Green/TC.png", "iconitemlink": "https://www.gdacs.org/images/gdacs_icons/maps/Green/TC.png", "alertlevel": "Green", "eventtype": "TC", "eventname": "FIFTEEN-E-26", "polygonlabel": "14/09 21:00 UTC", "polygontype": "Polygon_Point_4", "fromdate": "13 Sep 2026 21:00:00", "todate": "16 Sep 2026 03:00:00", "country": "", "countrylist": "", "iso3": "", "severity": "46.296", "latitude": "15.5", "longitude": "-125.8", "imageoverview": "https://www.gdacs.org/contentdata/resources/imgtemp/gdacs/tc/1001321/clouds_1001321_10.png", "Class": "Poly_Polygon_Point_4"}, "geometry": {"type": "Polygon", "coordinates": [[[-120.5, 16.869999999999997], [-120.49852796977018, 16.870036136313843], [-120.49705948579012, 16.87014445819983], [-120.49559808576633, 16.870324704701055], [-120.49414729033951, 16.8705764415879], [-120.4927105946029, 16.87089906240416], [-120.49129145968237, 16.87129178992803], [-120.48989330439824, 16.871753678044506], [-120.48851949702905, 16.87228361402466], [-120.48717334719709, 16.872880321206296], [-120.48585809789522, 16.873542362069546], [-120.4845769176742, 16.87426814169999], [-120.48333289300942, 16.87505591163092], [-120.48212902086523, 16.87590377405558], [-120.4809682014751, 16.876809686399117], [-120.47985323135458, 16.87777146623935], [-120.4787867965644, 16.878786796564402], [-120.47777146623935, 16.879853231354588], [-120.47680968639912, 16.88096820147509], [-120.47590377405558, 16.882129020865225], [-120.47505591163092, 16.88333289300941], [-120.4742681417, 16.884576917674202], [-120.47354236206955, 16.88585809789522], [-120.47288032120629, 16.88717334719709], [-120.47228361402466, 16.888519497029044], [-120.47175367804451, 16.889893304398232], [-120.47129178992803, 16.891291459682364], [-120.47089906240416, 16.8927105946029], [-120.47057644158791, 16.894147290339514], [-120.47032470470106, 16.895598085766338], [-120.47014445819983, 16.897059485790113], [-120.47003613631384, 16.898527969770175], [-120.47, 16.9], [-120.47003613631384, 16.901472030229822], [-120.47014445819983, 16.902940514209885], [-120.47032470470106, 16.90440191423366], [-120.47057644158791, 16.905852709660483], [-120.47089906240416, 16.907289405397098], [-120.47129178992803, 16.908708540317633], [-120.47175367804451, 16.910106695601765], [-120.47228361402466, 16.911480502970953], [-120.47288032120629, 16.912826652802906], [-120.47354236206955, 16.914141902104777], [-120.4742681417, 16.915423082325795], [-120.47505591163092, 16.916667106990587], [-120.47590377405558, 16.917870979134772], [-120.47680968639912, 16.91903179852491], [-120.47777146623935, 16.92014676864541], [-120.4787867965644, 16.921213203435595], [-120.47985323135458, 16.92222853376065], [-120.4809682014751, 16.92319031360088], [-120.48212902086523, 16.924096225944417], [-120.48333289300942, 16.924944088369077], [-120.4845769176742, 16.925731858300008], [-120.48585809789522, 16.92645763793045], [-120.48717334719709, 16.9271196787937], [-120.48851949702905, 16.927716385975337], [-120.48989330439824, 16.92824632195549], [-120.49129145968237, 16.928708210071967], [-120.4927105946029, 16.929100937595837], [-120.49414729033951, 16.929423558412097], [-120.49559808576633, 16.929675295298942], [-120.49705948579012, 16.929855541800165], [-120.49852796977018, 16.929963863686154], [-120.5, 16.93], [-120.50147203022982, 16.929963863686154], [-120.50294051420988, 16.929855541800165], [-120.50440191423367, 16.929675295298942], [-120.50585270966049, 16.929423558412097], [-120.5072894053971, 16.929100937595837], [-120.50870854031763, 16.928708210071967], [-120.51010669560176, 16.92824632195549], [-120.51148050297095, 16.927716385975337], [-120.51282665280291, 16.9271196787937], [-120.51414190210478, 16.92645763793045], [-120.5154230823258, 16.925731858300008], [-120.51666710699058, 16.924944088369077], [-120.51787097913477, 16.924096225944417], [-120.5190317985249, 16.92319031360088], [-120.52014676864542, 16.92222853376065], [-120.5212132034356, 16.921213203435595], [-120.52222853376065, 16.92014676864541], [-120.52319031360088, 16.91903179852491], [-120.52409622594442, 16.917870979134772], [-120.52494408836908, 16.916667106990587], [-120.5257318583, 16.915423082325795], [-120.52645763793045, 16.914141902104777], [-120.52711967879371, 16.912826652802906], [-120.52771638597534, 16.911480502970953], [-120.52824632195549, 16.910106695601765], [-120.52870821007197, 16.908708540317633], [-120.52910093759584, 16.907289405397098], [-120.52942355841209, 16.905852709660483], [-120.52967529529894, 16.90440191423366], [-120.52985554180017, 16.902940514209885], [-120.52996386368616, 16.901472030229822], [-120.53, 16.9], [-120.52996386368616, 16.898527969770175], [-120.52985554180017, 16.897059485790113], [-120.52967529529894, 16.895598085766338], [-120.52942355841209, 16.894147290339514], [-120.52910093759584, 16.8927105946029], [-120.52870821007197, 16.891291459682364], [-120.52824632195549, 16.889893304398232], [-120.52771638597534, 16.888519497029044], [-120.52711967879371, 16.88717334719709], [-120.52645763793045, 16.88585809789522], [-120.5257318583, 16.884576917674202], [-120.52494408836908, 16.88333289300941], [-120.52409622594442, 16.882129020865225], [-120.52319031360088, 16.88096820147509], [-120.52222853376065, 16.879853231354588], [-120.5212132034356, 16.878786796564402], [-120.52014676864542, 16.87777146623935], [-120.5190317985249, 16.876809686399117], [-120.51787097913477, 16.87590377405558], [-120.51666710699058, 16.87505591163092], [-120.5154230823258, 16.87426814169999], [-120.51414190210478, 16.873542362069546], [-120.51282665280291, 16.872880321206296], [-120.51148050297095, 16.87228361402466], [-120.51010669560176, 16.871753678044506], [-120.50870854031763, 16.87129178992803], [-120.5072894053971, 16.87089906240416], [-120.50585270966049, 16.8705764415879], [-120.50440191423367, 16.870324704701055], [-120.50294051420988, 16.87014445819983], [-120.50147203022982, 16.870036136313843], [-120.5, 16.869999999999997]]]}}, {"type": "Feature", "id": "TC100132110Polygon_Point_5", "properties": {"description": "Tropical Cyclone FIFTEEN-E-26", "name": "Tropical Cyclone FIFTEEN-E-26", "htmldescription": "Green Tropical Cylone FIFTEEN-E-26 in off-shore from: 13 Sep 2026 21:00:00 to:16 Sep 2026 03:00:00.", "link": "https://www.gdacs.org/report.aspx?eventtype=TC&eventid=1001321&episodeid=10", "featureIndex": "768", "iconeventlink": "https://www.gdacs.org/images/gdacs_icons/maps/Green/TC.png", "iconitemlink": "https://www.gdacs.org/images/gdacs_icons/maps/Green/TC.png", "alertlevel": "Green", "eventtype": "TC", "eventname": "FIFTEEN-E-26", "polygonlabel": "15/09 03:00 UTC", "polygontype": "Polygon_Point_5", "fromdate": "13 Sep 2026 21:00:00", "todate": "16 Sep 2026 03:00:00", "country": "", "countrylist": "", "iso3": "", "severity": "46.296", "latitude": "15.5", "longitude": "-125.8", "imageoverview": "https://www.gdacs.org/contentdata/resources/imgtemp/gdacs/tc/1001321/clouds_1001321_10.png", "Class": "Poly_Polygon_Point_5"}, "geometry": {"type": "Polygon", "coordinates": [[[-121.6, 16.47], [-121.59852796977017, 16.470036136313844], [-121.59705948579011, 16.470144458199833], [-121.59559808576633, 16.470324704701056], [-121.5941472903395, 16.4705764415879], [-121.59271059460289, 16.47089906240416], [-121.59129145968237, 16.47129178992803], [-121.58989330439823, 16.471753678044507], [-121.58851949702904, 16.47228361402466], [-121.58717334719708, 16.472880321206297], [-121.58585809789521, 16.473542362069548], [-121.5845769176742, 16.47426814169999], [-121.58333289300941, 16.47505591163092], [-121.58212902086522, 16.47590377405558], [-121.58096820147509, 16.47680968639912], [-121.57985323135458, 16.47777146623935], [-121.5787867965644, 16.478786796564403], [-121.57777146623934, 16.47985323135459], [-121.57680968639912, 16.48096820147509], [-121.57590377405558, 16.482129020865226], [-121.57505591163091, 16.48333289300941], [-121.57426814169999, 16.484576917674204], [-121.57354236206955, 16.48585809789522], [-121.57288032120628, 16.487173347197093], [-121.57228361402466, 16.488519497029046], [-121.5717536780445, 16.489893304398233], [-121.57129178992803, 16.491291459682365], [-121.57089906240415, 16.4927105946029], [-121.5705764415879, 16.494147290339516], [-121.57032470470105, 16.49559808576634], [-121.57014445819982, 16.497059485790114], [-121.57003613631383, 16.498527969770176], [-121.57, 16.5], [-121.57003613631383, 16.501472030229824], [-121.57014445819982, 16.502940514209886], [-121.57032470470105, 16.50440191423366], [-121.5705764415879, 16.505852709660484], [-121.57089906240415, 16.5072894053971], [-121.57129178992803, 16.508708540317635], [-121.5717536780445, 16.510106695601767], [-121.57228361402466, 16.511480502970954], [-121.57288032120628, 16.512826652802907], [-121.57354236206955, 16.51414190210478], [-121.57426814169999, 16.515423082325796], [-121.57505591163091, 16.51666710699059], [-121.57590377405558, 16.517870979134774], [-121.57680968639912, 16.51903179852491], [-121.57777146623934, 16.52014676864541], [-121.5787867965644, 16.521213203435597], [-121.57985323135458, 16.52222853376065], [-121.58096820147509, 16.52319031360088], [-121.58212902086522, 16.52409622594442], [-121.58333289300941, 16.52494408836908], [-121.5845769176742, 16.52573185830001], [-121.58585809789521, 16.526457637930452], [-121.58717334719708, 16.527119678793703], [-121.58851949702904, 16.52771638597534], [-121.58989330439823, 16.528246321955493], [-121.59129145968237, 16.52870821007197], [-121.59271059460289, 16.52910093759584], [-121.5941472903395, 16.5294235584121], [-121.59559808576633, 16.529675295298944], [-121.59705948579011, 16.529855541800167], [-121.59852796977017, 16.529963863686156], [-121.6, 16.53], [-121.60147203022981, 16.529963863686156], [-121.60294051420988, 16.529855541800167], [-121.60440191423366, 16.529675295298944], [-121.60585270966048, 16.5294235584121], [-121.6072894053971, 16.52910093759584], [-121.60870854031762, 16.52870821007197], [-121.61010669560176, 16.528246321955493], [-121.61148050297095, 16.52771638597534], [-121.61282665280291, 16.527119678793703], [-121.61414190210478, 16.526457637930452], [-121.61542308232579, 16.52573185830001], [-121.61666710699058, 16.52494408836908], [-121.61787097913476, 16.52409622594442], [-121.6190317985249, 16.52319031360088], [-121.62014676864541, 16.52222853376065], [-121.62121320343559, 16.521213203435597], [-121.62222853376065, 16.52014676864541], [-121.62319031360087, 16.51903179852491], [-121.62409622594441, 16.517870979134774], [-121.62494408836908, 16.51666710699059], [-121.6257318583, 16.515423082325796], [-121.62645763793044, 16.51414190210478], [-121.6271196787937, 16.512826652802907], [-121.62771638597533, 16.511480502970954], [-121.62824632195549, 16.510106695601767], [-121.62870821007196, 16.508708540317635], [-121.62910093759584, 16.5072894053971], [-121.62942355841209, 16.505852709660484], [-121.62967529529894, 16.50440191423366], [-121.62985554180017, 16.502940514209886], [-121.62996386368616, 16.501472030229824], [-121.63, 16.5], [-121.62996386368616, 16.498527969770176], [-121.62985554180017, 16.497059485790114], [-121.62967529529894, 16.49559808576634], [-121.62942355841209, 16.494147290339516], [-121.62910093759584, 16.4927105946029], [-121.62870821007196, 16.491291459682365], [-121.62824632195549, 16.489893304398233], [-121.62771638597533, 16.488519497029046], [-121.6271196787937, 16.487173347197093], [-121.62645763793044, 16.48585809789522], [-121.6257318583, 16.484576917674204], [-121.62494408836908, 16.48333289300941], [-121.62409622594441, 16.482129020865226], [-121.62319031360087, 16.48096820147509], [-121.62222853376065, 16.47985323135459], [-121.62121320343559, 16.478786796564403], [-121.62014676864541, 16.47777146623935], [-121.6190317985249, 16.47680968639912], [-121.61787097913476, 16.47590377405558], [-121.61666710699058, 16.47505591163092], [-121.61542308232579, 16.47426814169999], [-121.61414190210478, 16.473542362069548], [-121.61282665280291, 16.472880321206297], [-121.61148050297095, 16.47228361402466], [-121.61010669560176, 16.471753678044507], [-121.60870854031762, 16.47129178992803], [-121.6072894053971, 16.47089906240416], [-121.60585270966048, 16.4705764415879], [-121.60440191423366, 16.470324704701056], [-121.60294051420988, 16.470144458199833], [-121.60147203022981, 16.470036136313844], [-121.6, 16.47]]]}}, {"type": "Feature", "id": "TC100132110Polygon_Point_6", "properties": {"description": "Tropical Cyclone FIFTEEN-E-26", "name": "Tropical Cyclone FIFTEEN-E-26", "htmldescription": "Green Tropical Cylone FIFTEEN-E-26 in off-shore from: 13 Sep 2026 21:00:00 to:16 Sep 2026 03:00:00.", "link": "https://www.gdacs.org/report.aspx?eventtype=TC&eventid=1001321&episodeid=10", "featureIndex": "769", "iconeventlink": "https://www.gdacs.org/images/gdacs_icons/maps/Green/TC.png", "iconitemlink": "https://www.gdacs.org/images/gdacs_icons/maps/Green/TC.png", "alertlevel": "Green", "eventtype": "TC", "eventname": "FIFTEEN-E-26", "polygonlabel": "15/09 09:00 UTC", "polygontype": "Polygon_Point_6", "fromdate": "13 Sep 2026 21:00:00", "todate": "16 Sep 2026 03:00:00", "country": "", "countrylist": "", "iso3": "", "severity": "46.296", "latitude": "15.5", "longitude": "-125.8", "imageoverview": "https://www.gdacs.org/contentdata/resources/imgtemp/gdacs/tc/1001321/clouds_1001321_10.png", "Class": "Poly_Polygon_Point_6"}, "geometry": {"type": "Polygon", "coordinates": [[[-122.6, 16.07], [-122.59852796977017, 16.070036136313846], [-122.59705948579011, 16.070144458199835], [-122.59559808576633, 16.070324704701058], [-122.5941472903395, 16.070576441587903], [-122.59271059460289, 16.070899062404163], [-122.59129145968237, 16.071291789928033], [-122.58989330439823, 16.07175367804451], [-122.58851949702904, 16.072283614024663], [-122.58717334719708, 16.0728803212063], [-122.58585809789521, 16.07354236206955], [-122.5845769176742, 16.074268141699992], [-122.58333289300941, 16.075055911630923], [-122.58212902086522, 16.075903774055583], [-122.58096820147509, 16.07680968639912], [-122.57985323135458, 16.07777146623935], [-122.5787867965644, 16.078786796564405], [-122.57777146623934, 16.07985323135459], [-122.57680968639912, 16.08096820147509], [-122.57590377405558, 16.082129020865228], [-122.57505591163091, 16.083332893009413], [-122.57426814169999, 16.084576917674205], [-122.57354236206955, 16.085858097895223], [-122.57288032120628, 16.087173347197094], [-122.57228361402466, 16.088519497029047], [-122.5717536780445, 16.089893304398235], [-122.57129178992803, 16.091291459682367], [-122.57089906240415, 16.092710594602902], [-122.5705764415879, 16.094147290339517], [-122.57032470470105, 16.09559808576634], [-122.57014445819982, 16.097059485790115], [-122.57003613631383, 16.098527969770178], [-122.57, 16.1], [-122.57003613631383, 16.101472030229825], [-122.57014445819982, 16.102940514209887], [-122.57032470470105, 16.104401914233662], [-122.5705764415879, 16.105852709660486], [-122.57089906240415, 16.1072894053971], [-122.57129178992803, 16.108708540317636], [-122.5717536780445, 16.110106695601768], [-122.57228361402466, 16.111480502970956], [-122.57288032120628, 16.11282665280291], [-122.57354236206955, 16.11414190210478], [-122.57426814169999, 16.115423082325798], [-122.57505591163091, 16.11666710699059], [-122.57590377405558, 16.117870979134775], [-122.57680968639912, 16.11903179852491], [-122.57777146623934, 16.120146768645412], [-122.5787867965644, 16.121213203435598], [-122.57985323135458, 16.12222853376065], [-122.58096820147509, 16.123190313600883], [-122.58212902086522, 16.12409622594442], [-122.58333289300941, 16.12494408836908], [-122.5845769176742, 16.12573185830001], [-122.58585809789521, 16.126457637930454], [-122.58717334719708, 16.127119678793704], [-122.58851949702904, 16.12771638597534], [-122.58989330439823, 16.128246321955494], [-122.59129145968237, 16.12870821007197], [-122.59271059460289, 16.12910093759584], [-122.5941472903395, 16.1294235584121], [-122.59559808576633, 16.129675295298945], [-122.59705948579011, 16.12985554180017], [-122.59852796977017, 16.129963863686157], [-122.6, 16.130000000000003], [-122.60147203022981, 16.129963863686157], [-122.60294051420988, 16.12985554180017], [-122.60440191423366, 16.129675295298945], [-122.60585270966048, 16.1294235584121], [-122.6072894053971, 16.12910093759584], [-122.60870854031762, 16.12870821007197], [-122.61010669560176, 16.128246321955494], [-122.61148050297095, 16.12771638597534], [-122.61282665280291, 16.127119678793704], [-122.61414190210478, 16.126457637930454], [-122.61542308232579, 16.12573185830001], [-122.61666710699058, 16.12494408836908], [-122.61787097913476, 16.12409622594442], [-122.6190317985249, 16.123190313600883], [-122.62014676864541, 16.12222853376065], [-122.62121320343559, 16.121213203435598], [-122.62222853376065, 16.120146768645412], [-122.62319031360087, 16.11903179852491], [-122.62409622594441, 16.117870979134775], [-122.62494408836908, 16.11666710699059], [-122.6257318583, 16.115423082325798], [-122.62645763793044, 16.11414190210478], [-122.6271196787937, 16.11282665280291], [-122.62771638597533, 16.111480502970956], [-122.62824632195549, 16.110106695601768], [-122.62870821007196, 16.108708540317636], [-122.62910093759584, 16.1072894053971], [-122.62942355841209, 16.105852709660486], [-122.62967529529894, 16.104401914233662], [-122.62985554180017, 16.102940514209887], [-122.62996386368616, 16.101472030229825], [-122.63, 16.1], [-122.62996386368616, 16.098527969770178], [-122.62985554180017, 16.097059485790115], [-122.62967529529894, 16.09559808576634], [-122.62942355841209, 16.094147290339517], [-122.62910093759584, 16.092710594602902], [-122.62870821007196, 16.091291459682367], [-122.62824632195549, 16.089893304398235], [-122.62771638597533, 16.088519497029047], [-122.6271196787937, 16.087173347197094], [-122.62645763793044, 16.085858097895223], [-122.6257318583, 16.084576917674205], [-122.62494408836908, 16.083332893009413], [-122.62409622594441, 16.082129020865228], [-122.62319031360087, 16.08096820147509], [-122.62222853376065, 16.07985323135459], [-122.62121320343559, 16.078786796564405], [-122.62014676864541, 16.07777146623935], [-122.6190317985249, 16.07680968639912], [-122.61787097913476, 16.075903774055583], [-122.61666710699058, 16.075055911630923], [-122.61542308232579, 16.074268141699992], [-122.61414190210478, 16.07354236206955], [-122.61282665280291, 16.0728803212063], [-122.61148050297095, 16.072283614024663], [-122.61010669560176, 16.07175367804451], [-122.60870854031762, 16.071291789928033], [-122.6072894053971, 16.070899062404163], [-122.60585270966048, 16.070576441587903], [-122.60440191423366, 16.070324704701058], [-122.60294051420988, 16.070144458199835], [-122.60147203022981, 16.070036136313846], [-122.6, 16.07]]]}}, {"type": "Feature", "id": "TC100132110Polygon_Point_7", "properties": {"description": "Tropical Cyclone FIFTEEN-E-26", "name": "Tropical Cyclone FIFTEEN-E-26", "htmldescription": "Green Tropical Cylone FIFTEEN-E-26 in off-shore from: 13 Sep 2026 21:00:00 to:16 Sep 2026 03:00:00.", "link": "https://www.gdacs.org/report.aspx?eventtype=TC&eventid=1001321&episodeid=10", "featureIndex": "770", "iconeventlink": "https://www.gdacs.org/images/gdacs_icons/maps/Green/TC.png", "iconitemlink": "https://www.gdacs.org/images/gdacs_icons/maps/Green/TC.png", "alertlevel": "Green", "eventtype": "TC", "eventname": "FIFTEEN-E-26", "polygonlabel": "15/09 15:00 UTC", "polygontype": "Polygon_Point_7", "fromdate": "13 Sep 2026 21:00:00", "todate": "16 Sep 2026 03:00:00", "country": "", "countrylist": "", "iso3": "", "severity": "46.296", "latitude": "15.5", "longitude": "-125.8", "imageoverview": "https://www.gdacs.org/contentdata/resources/imgtemp/gdacs/tc/1001321/clouds_1001321_10.png", "Class": "Poly_Polygon_Point_7"}, "geometry": {"type": "Polygon", "coordinates": [[[-123.9, 16.07], [-123.89852796977019, 16.070036136313846], [-123.89705948579012, 16.070144458199835], [-123.89559808576634, 16.070324704701058], [-123.89414729033952, 16.070576441587903], [-123.8927105946029, 16.070899062404163], [-123.89129145968238, 16.071291789928033], [-123.88989330439824, 16.07175367804451], [-123.88851949702905, 16.072283614024663], [-123.88717334719709, 16.0728803212063], [-123.88585809789522, 16.07354236206955], [-123.88457691767421, 16.074268141699992], [-123.88333289300942, 16.075055911630923], [-123.88212902086524, 16.075903774055583], [-123.8809682014751, 16.07680968639912], [-123.87985323135459, 16.07777146623935], [-123.87878679656441, 16.078786796564405], [-123.87777146623935, 16.07985323135459], [-123.87680968639913, 16.08096820147509], [-123.87590377405559, 16.082129020865228], [-123.87505591163092, 16.083332893009413], [-123.8742681417, 16.084576917674205], [-123.87354236206956, 16.085858097895223], [-123.8728803212063, 16.087173347197094], [-123.87228361402467, 16.088519497029047], [-123.87175367804451, 16.089893304398235], [-123.87129178992804, 16.091291459682367], [-123.87089906240416, 16.092710594602902], [-123.87057644158791, 16.094147290339517], [-123.87032470470106, 16.09559808576634], [-123.87014445819983, 16.097059485790115], [-123.87003613631384, 16.098527969770178], [-123.87, 16.1], [-123.87003613631384, 16.101472030229825], [-123.87014445819983, 16.102940514209887], [-123.87032470470106, 16.104401914233662], [-123.87057644158791, 16.105852709660486], [-123.87089906240416, 16.1072894053971], [-123.87129178992804, 16.108708540317636], [-123.87175367804451, 16.110106695601768], [-123.87228361402467, 16.111480502970956], [-123.8728803212063, 16.11282665280291], [-123.87354236206956, 16.11414190210478], [-123.8742681417, 16.115423082325798], [-123.87505591163092, 16.11666710699059], [-123.87590377405559, 16.117870979134775], [-123.87680968639913, 16.11903179852491], [-123.87777146623935, 16.120146768645412], [-123.87878679656441, 16.121213203435598], [-123.87985323135459, 16.12222853376065], [-123.8809682014751, 16.123190313600883], [-123.88212902086524, 16.12409622594442], [-123.88333289300942, 16.12494408836908], [-123.88457691767421, 16.12573185830001], [-123.88585809789522, 16.126457637930454], [-123.88717334719709, 16.127119678793704], [-123.88851949702905, 16.12771638597534], [-123.88989330439824, 16.128246321955494], [-123.89129145968238, 16.12870821007197], [-123.8927105946029, 16.12910093759584], [-123.89414729033952, 16.1294235584121], [-123.89559808576634, 16.129675295298945], [-123.89705948579012, 16.12985554180017], [-123.89852796977019, 16.129963863686157], [-123.9, 16.130000000000003], [-123.90147203022983, 16.129963863686157], [-123.90294051420989, 16.12985554180017], [-123.90440191423367, 16.129675295298945], [-123.9058527096605, 16.1294235584121], [-123.90728940539711, 16.12910093759584], [-123.90870854031763, 16.12870821007197], [-123.91010669560177, 16.128246321955494], [-123.91148050297096, 16.12771638597534], [-123.91282665280292, 16.127119678793704], [-123.91414190210479, 16.126457637930454], [-123.9154230823258, 16.12573185830001], [-123.91666710699059, 16.12494408836908], [-123.91787097913478, 16.12409622594442], [-123.91903179852491, 16.123190313600883], [-123.92014676864542, 16.12222853376065], [-123.9212132034356, 16.121213203435598], [-123.92222853376066, 16.120146768645412], [-123.92319031360088, 16.11903179852491], [-123.92409622594442, 16.117870979134775], [-123.92494408836909, 16.11666710699059], [-123.92573185830001, 16.115423082325798], [-123.92645763793045, 16.11414190210478], [-123.92711967879372, 16.11282665280291], [-123.92771638597534, 16.111480502970956], [-123.9282463219555, 16.110106695601768], [-123.92870821007197, 16.108708540317636], [-123.92910093759585, 16.1072894053971], [-123.9294235584121, 16.105852709660486], [-123.92967529529895, 16.104401914233662], [-123.92985554180018, 16.102940514209887], [-123.92996386368617, 16.101472030229825], [-123.93, 16.1], [-123.92996386368617, 16.098527969770178], [-123.92985554180018, 16.097059485790115], [-123.92967529529895, 16.09559808576634], [-123.9294235584121, 16.094147290339517], [-123.92910093759585, 16.092710594602902], [-123.92870821007197, 16.091291459682367], [-123.9282463219555, 16.089893304398235], [-123.92771638597534, 16.088519497029047], [-123.92711967879372, 16.087173347197094], [-123.92645763793045, 16.085858097895223], [-123.92573185830001, 16.084576917674205], [-123.92494408836909, 16.083332893009413], [-123.92409622594442, 16.082129020865228], [-123.92319031360088, 16.08096820147509], [-123.92222853376066, 16.07985323135459], [-123.9212132034356, 16.078786796564405], [-123.92014676864542, 16.07777146623935], [-123.91903179852491, 16.07680968639912], [-123.91787097913478, 16.075903774055583], [-123.91666710699059, 16.075055911630923], [-123.9154230823258, 16.074268141699992], [-123.91414190210479, 16.07354236206955], [-123.91282665280292, 16.0728803212063], [-123.91148050297096, 16.072283614024663], [-123.91010669560177, 16.07175367804451], [-123.90870854031763, 16.071291789928033], [-123.90728940539711, 16.070899062404163], [-123.9058527096605, 16.070576441587903], [-123.90440191423367, 16.070324704701058], [-123.90294051420989, 16.070144458199835], [-123.90147203022983, 16.070036136313846], [-123.9, 16.07]]]}}, {"type": "Feature", "id": "TC100132110Polygon_Point_8", "properties": {"description": "Tropical Cyclone FIFTEEN-E-26", "name": "Tropical Cyclone FIFTEEN-E-26", "htmldescription": "Green Tropical Cylone FIFTEEN-E-26 in off-shore from: 13 Sep 2026 21:00:00 to:16 Sep 2026 03:00:00.", "link": "https://www.gdacs.org/report.aspx?eventtype=TC&eventid=1001321&episodeid=10", "featureIndex": "771", "iconeventlink": "https://www.gdacs.org/images/gdacs_icons/maps/Green/TC.png", "iconitemlink": "https://www.gdacs.org/images/gdacs_icons/maps/Green/TC.png", "alertlevel": "Green", "eventtype": "TC", "eventname": "FIFTEEN-E-26", "polygonlabel": "15/09 21:00 UTC", "polygontype": "Polygon_Point_8", "fromdate": "13 Sep 2026 21:00:00", "todate": "16 Sep 2026 03:00:00", "country": "", "countrylist": "", "iso3": "", "severity": "46.296", "latitude": "15.5", "longitude": "-125.8", "imageoverview": "https://www.gdacs.org/contentdata/resources/imgtemp/gdacs/tc/1001321/clouds_1001321_10.png", "Class": "Poly_Polygon_Point_8"}, "geometry": {"type": "Polygon", "coordinates": [[[-125.0, 15.67], [-124.99852796977018, 15.670036136313845], [-124.99705948579012, 15.670144458199834], [-124.99559808576633, 15.670324704701056], [-124.99414729033951, 15.670576441587903], [-124.9927105946029, 15.670899062404164], [-124.99129145968237, 15.671291789928032], [-124.98989330439824, 15.671753678044508], [-124.98851949702905, 15.67228361402466], [-124.98717334719709, 15.672880321206296], [-124.98585809789522, 15.673542362069549], [-124.9845769176742, 15.674268141699992], [-124.98333289300942, 15.675055911630922], [-124.98212902086523, 15.67590377405558], [-124.9809682014751, 15.676809686399118], [-124.97985323135458, 15.677771466239351], [-124.9787867965644, 15.678786796564403], [-124.97777146623935, 15.679853231354588], [-124.97680968639912, 15.680968201475089], [-124.97590377405558, 15.682129020865226], [-124.97505591163092, 15.68333289300941], [-124.9742681417, 15.684576917674203], [-124.97354236206955, 15.685858097895219], [-124.97288032120629, 15.68717334719709], [-124.97228361402466, 15.688519497029047], [-124.97175367804451, 15.689893304398232], [-124.97129178992803, 15.691291459682365], [-124.97089906240416, 15.692710594602902], [-124.97057644158791, 15.694147290339515], [-124.97032470470106, 15.695598085766338], [-124.97014445819983, 15.697059485790112], [-124.97003613631384, 15.698527969770177], [-124.97, 15.7], [-124.97003613631384, 15.701472030229821], [-124.97014445819983, 15.702940514209887], [-124.97032470470106, 15.70440191423366], [-124.97057644158791, 15.705852709660483], [-124.97089906240416, 15.707289405397097], [-124.97129178992803, 15.708708540317634], [-124.97175367804451, 15.710106695601766], [-124.97228361402466, 15.711480502970952], [-124.97288032120629, 15.712826652802908], [-124.97354236206955, 15.71414190210478], [-124.9742681417, 15.715423082325795], [-124.97505591163092, 15.716667106990588], [-124.97590377405558, 15.717870979134773], [-124.97680968639912, 15.71903179852491], [-124.97777146623935, 15.72014676864541], [-124.9787867965644, 15.721213203435596], [-124.97985323135458, 15.722228533760648], [-124.9809682014751, 15.723190313600881], [-124.98212902086523, 15.724096225944418], [-124.98333289300942, 15.724944088369076], [-124.9845769176742, 15.725731858300007], [-124.98585809789522, 15.72645763793045], [-124.98717334719709, 15.727119678793702], [-124.98851949702905, 15.727716385975338], [-124.98989330439824, 15.72824632195549], [-124.99129145968237, 15.728708210071966], [-124.9927105946029, 15.729100937595835], [-124.99414729033951, 15.729423558412096], [-124.99559808576633, 15.729675295298943], [-124.99705948579012, 15.729855541800164], [-124.99852796977018, 15.729963863686153], [-125.0, 15.729999999999999], [-125.00147203022982, 15.729963863686153], [-125.00294051420988, 15.729855541800164], [-125.00440191423367, 15.729675295298943], [-125.00585270966049, 15.729423558412096], [-125.0072894053971, 15.729100937595835], [-125.00870854031763, 15.728708210071966], [-125.01010669560176, 15.72824632195549], [-125.01148050297095, 15.727716385975338], [-125.01282665280291, 15.727119678793702], [-125.01414190210478, 15.72645763793045], [-125.0154230823258, 15.725731858300007], [-125.01666710699058, 15.724944088369076], [-125.01787097913477, 15.724096225944418], [-125.0190317985249, 15.723190313600881], [-125.02014676864542, 15.722228533760648], [-125.0212132034356, 15.721213203435596], [-125.02222853376065, 15.72014676864541], [-125.02319031360088, 15.71903179852491], [-125.02409622594442, 15.717870979134773], [-125.02494408836908, 15.716667106990588], [-125.0257318583, 15.715423082325795], [-125.02645763793045, 15.71414190210478], [-125.02711967879371, 15.712826652802908], [-125.02771638597534, 15.711480502970952], [-125.02824632195549, 15.710106695601766], [-125.02870821007197, 15.708708540317634], [-125.02910093759584, 15.707289405397097], [-125.02942355841209, 15.705852709660483], [-125.02967529529894, 15.70440191423366], [-125.02985554180017, 15.702940514209887], [-125.02996386368616, 15.701472030229821], [-125.03, 15.7], [-125.02996386368616, 15.698527969770177], [-125.02985554180017, 15.697059485790112], [-125.02967529529894, 15.695598085766338], [-125.02942355841209, 15.694147290339515], [-125.02910093759584, 15.692710594602902], [-125.02870821007197, 15.691291459682365], [-125.02824632195549, 15.689893304398232], [-125.02771638597534, 15.688519497029047], [-125.02711967879371, 15.68717334719709], [-125.02645763793045, 15.685858097895219], [-125.0257318583, 15.684576917674203], [-125.02494408836908, 15.68333289300941], [-125.02409622594442, 15.682129020865226], [-125.02319031360088, 15.680968201475089], [-125.02222853376065, 15.679853231354588], [-125.0212132034356, 15.678786796564403], [-125.02014676864542, 15.677771466239351], [-125.0190317985249, 15.676809686399118], [-125.01787097913477, 15.67590377405558], [-125.01666710699058, 15.675055911630922], [-125.0154230823258, 15.674268141699992], [-125.01414190210478, 15.673542362069549], [-125.01282665280291, 15.672880321206296], [-125.01148050297095, 15.67228361402466], [-125.01010669560176, 15.671753678044508], [-125.00870854031763, 15.671291789928032], [-125.0072894053971, 15.670899062404164], [-125.00585270966049, 15.670576441587903], [-125.00440191423367, 15.670324704701056], [-125.00294051420988, 15.670144458199834], [-125.00147203022982, 15.670036136313845], [-125.0, 15.67]]]}}, {"type": "Feature", "id": "TC100132110WindRadii_34_2609160300", "properties": {"description": "Tropical Cyclone FIFTEEN-E-26", "name": "Tropical Cyclone FIFTEEN-E-26", "htmldescription": "Green Tropical Cylone FIFTEEN-E-26 in off-shore from: 13 Sep 2026 21:00:00 to:16 Sep 2026 03:00:00.", "link": "https://www.gdacs.org/report.aspx?eventtype=TC&eventid=1001321&episodeid=10", "featureIndex": "772", "iconeventlink": "https://www.gdacs.org/images/gdacs_icons/maps/Green/TC.png", "iconitemlink": "https://www.gdacs.org/images/gdacs_icons/maps/Green/TC.png", "alertlevel": "Green", "eventtype": "TC", "eventname": "FIFTEEN-E-26", "polygonlabel": "16/09 03:00", "polygontype": "WindRadii_34_2609160300", "fromdate": "13 Sep 2026 21:00:00", "todate": "16 Sep 2026 03:00:00", "country": "", "countrylist": "", "iso3": "", "severity": "46.296", "latitude": "15.5", "longitude": "-125.8", "imageoverview": "https://www.gdacs.org/contentdata/resources/imgtemp/gdacs/tc/1001321/clouds_1001321_10.png", "Class": "Poly_WindRadii_34_2609160300"}, "geometry": {"type": "Polygon", "coordinates": [[[-125.8, 15.5], [-125.8, 15.5], [-125.8, 15.5], [-125.8, 15.5], [-125.8, 15.5], [-125.8, 15.5], [-125.8, 15.5], [-125.8, 15.5], [-125.8, 15.5], [-125.8, 15.5], [-125.8, 15.5], [-125.8, 15.5], [-125.8, 15.5], [-125.8, 15.5], [-125.8, 15.5], [-125.8, 15.5], [-125.8, 15.5], [-125.8, 15.5], [-125.8, 15.5], [-125.8, 15.5], [-125.8, 15.5], [-125.8, 15.5], [-125.8, 15.5], [-125.8, 15.5], [-125.8, 15.5], [-125.8, 15.5], [-125.8, 15.5], [-125.8, 15.5], [-125.8, 15.5], [-125.8, 15.5], [-125.8, 15.5], [-125.8, 15.5], [-125.8, 15.5], [-125.8, 15.5], [-125.8, 15.5], [-125.8, 15.5], [-125.8, 15.5], [-125.8, 15.5], [-125.8, 15.5], [-125.8, 15.5], [-125.8, 15.5], [-125.8, 15.5], [-125.8, 15.5], [-125.8, 15.5], [-125.8, 15.5], [-125.8, 15.5], [-125.8, 15.5], [-125.8, 15.5], [-125.8, 15.5], [-125.8, 15.5], [-125.8, 15.5], [-125.8, 15.5], [-125.8, 15.5], [-125.8, 15.5], [-125.8, 15.5], [-125.8, 15.5], [-125.8, 15.5], [-125.8, 15.5], [-125.8, 15.5], [-125.8, 15.5], [-125.8, 15.5], [-125.8, 15.5], [-125.8, 15.5], [-125.8, 15.5], [-125.8, 15.5], [-125.8, 15.5], [-125.8, 15.5], [-125.8, 15.5], [-125.8, 15.5], [-125.8, 15.5], [-125.8, 15.5], [-125.8, 15.5], [-125.8, 15.5], [-125.8, 15.5], [-125.8, 15.5], [-125.8, 15.5], [-125.8, 15.5], [-125.8, 15.5], [-125.8, 15.5], [-125.8, 15.5], [-125.8, 15.5], [-125.8, 15.5], [-125.8, 15.5], [-125.8, 15.5], [-125.8, 15.5], [-125.8, 15.5], [-125.8, 15.5], [-125.8, 15.5], [-125.8, 15.5], [-125.8, 15.5], [-125.8, 15.5], [-125.8, 15.5], [-125.8, 15.5], [-125.8, 15.5], [-125.8, 15.5], [-125.8, 15.5], [-125.8, 15.5], [-125.8, 15.5], [-125.8, 15.5], [-125.8, 15.5], [-125.8, 15.5], [-125.8, 15.5], [-125.8, 15.5], [-125.8, 15.5], [-125.8, 15.5], [-125.8, 15.5], [-125.8, 15.5], [-125.8, 15.5], [-125.8, 15.5], [-125.8, 15.5], [-125.8, 15.5], [-125.8, 15.5], [-125.8, 15.5], [-125.8, 15.5], [-125.8, 15.5], [-125.8, 15.5], [-125.8, 15.5], [-125.8, 15.5], [-125.8, 15.5], [-125.8, 15.5], [-125.8, 15.5], [-125.8, 15.5], [-125.8, 15.5], [-125.8, 15.5], [-125.8, 15.5], [-125.8, 15.5], [-125.8, 15.5], [-125.8, 15.5], [-125.8, 15.5], [-125.8, 15.5], [-125.8, 15.5], [-125.8, 15.5], [-125.8, 15.5], [-125.8, 15.5], [-125.8, 15.5], [-125.8, 15.5], [-125.8, 15.5], [-125.8, 15.5], [-125.8, 15.5], [-125.8, 15.5], [-125.8, 15.5], [-125.8, 15.5], [-125.8, 15.5], [-125.8, 15.5], [-125.8, 15.5], [-125.8, 15.5], [-125.8, 15.5], [-125.8, 15.5], [-125.8, 15.5], [-125.8, 15.5], [-125.8, 15.5], [-125.8, 15.5], [-125.8, 15.5], [-125.8, 15.5], [-125.8, 15.5], [-125.8, 15.5], [-125.8, 15.5], [-125.8, 15.5], [-125.8, 15.5], [-125.8, 15.5], [-125.8, 15.5], [-125.8, 15.5], [-125.8, 15.5], [-125.8, 15.5], [-125.8, 15.5], [-125.8, 15.5], [-125.8, 15.5], [-125.8, 15.5], [-125.8, 15.5], [-125.8, 15.5], [-125.8, 15.5], [-125.8, 15.5], [-125.8, 15.5], [-125.8, 15.5], [-125.8, 15.5], [-125.8, 15.5], [-125.8, 15.5], [-125.8, 15.5], [-125.8, 15.5], [-125.8, 15.5], [-125.8, 15.5], [-125.8, 15.5], [-125.8, 15.5], [-125.8, 15.5], [-125.8, 15.5], [-125.8, 15.5], [-125.8, 15.5], [-125.8, 15.5], [-125.8, 15.5], [-125.8, 15.5], [-125.8, 15.5], [-125.8, 15.5], [-125.8, 15.5], [-125.8, 15.5], [-125.8, 15.5], [-125.8, 15.5], [-125.8, 15.5], [-125.8, 15.5], [-125.8, 15.5], [-125.8, 15.5], [-125.8, 15.5], [-125.8, 15.5], [-125.8, 15.5], [-125.8, 15.5], [-125.8, 15.5], [-125.8, 15.5], [-125.8, 15.5], [-125.8, 15.5], [-125.8, 15.5], [-125.8, 15.5], [-125.8, 15.5], [-125.8, 15.5], [-125.8, 15.5], [-125.8, 15.5], [-125.8, 15.5], [-125.8, 15.5], [-125.8, 15.5], [-125.8, 15.5], [-125.8, 15.5], [-125.8, 15.5], [-125.8, 15.5], [-125.8, 15.5], [-125.8, 15.5], [-125.8, 15.5], [-125.8, 15.5], [-125.8, 15.5], [-125.8, 15.5], [-125.8, 15.5], [-125.8, 15.5], [-125.8, 15.5], [-125.8, 15.5], [-125.8, 15.5], [-125.8, 15.5], [-125.8, 15.5], [-125.8, 15.5], [-125.8, 15.5], [-125.8, 15.5], [-125.8, 15.5], [-125.8, 15.5], [-125.8, 15.5], [-125.8, 15.5], [-125.8, 15.5], [-125.8, 15.5], [-125.8, 15.5], [-125.8, 15.5], [-125.8, 15.5], [-125.8, 15.5], [-125.8, 15.5], [-125.8, 15.5], [-125.8, 15.5], [-125.8, 15.5], [-125.8, 15.5], [-125.8, 15.5], [-125.8, 15.5], [-125.8, 15.5], [-125.8, 15.5], [-125.8, 15.5], [-125.8, 15.5], [-125.8, 15.5], [-125.8, 15.5], [-125.8, 15.5], [-125.8, 15.5], [-125.8, 15.5], [-125.8, 15.5], [-125.8, 15.5], [-125.8, 15.5], [-125.8, 15.5], [-125.8, 15.5], [-125.8, 15.5], [-125.8, 15.5], [-125.8, 15.5], [-125.8, 15.5], [-125.8, 15.5], [-125.8, 15.5], [-125.8, 15.5], [-125.8, 15.5], [-125.8, 15.5], [-125.8, 15.5], [-125.8, 15.5], [-125.8, 15.5], [-125.8, 15.5], [-125.8, 15.5], [-125.8, 15.5], [-125.8, 15.5], [-125.8, 15.5], [-125.8, 15.5], [-125.8, 15.5], [-125.8, 15.5], [-125.8, 15.5], [-125.8, 15.5], [-125.8, 15.5], [-125.8, 15.5], [-125.8, 15.5], [-125.8, 15.5], [-125.8, 15.5], [-125.8, 15.5], [-125.8, 15.5], [-125.8, 15.5], [-125.8, 15.5], [-125.8, 15.5], [-125.8, 15.5], [-125.8, 15.5], [-125.8, 15.5], [-125.8, 15.5], [-125.8, 15.5], [-125.8, 15.5], [-125.8, 15.5], [-125.8, 15.5], [-125.8, 15.5], [-125.8, 15.5], [-125.8, 15.5], [-125.8, 15.5], [-125.8, 15.5], [-125.8, 15.5], [-125.8, 15.5], [-125.8, 15.5], [-125.8, 15.5], [-125.8, 15.5], [-125.8, 15.5], [-125.8, 15.5], [-125.8, 15.5], [-125.8, 15.5], [-125.8, 15.5], [-125.8, 15.5], [-125.8, 15.5], [-125.8, 15.5], [-125.8, 15.5], [-125.8, 15.5], [-125.8, 15.5], [-125.8, 15.5], [-125.8, 15.5], [-125.8, 15.5], [-125.8, 15.5], [-125.8, 15.5], [-125.8, 15.5], [-125.8, 15.5], [-125.8, 15.5], [-125.8, 15.5], [-125.8, 15.5], [-125.8, 15.5], [-125.8, 15.5], [-125.8, 15.5], [-125.8, 15.5], [-125.8, 15.5], [-125.8, 15.5], [-125.8, 15.5], [-125.8, 15.5], [-125.8, 15.5], [-125.8, 15.5], [-125.8, 15.5], [-125.8, 15.5], [-125.8, 15.5], [-125.8, 15.5], [-125.8, 15.5], [-125.8, 15.5], [-125.8, 15.5], [-125.8, 15.5], [-125.8, 15.5], [-125.8, 15.5], [-125.8, 15.5], [-125.8, 15.5], [-125.8, 15.5], [-125.8, 15.5], [-125.8, 15.5], [-125.8, 15.5]]]}}, {"type": "Feature", "id": "TC100132110WindRadii_50_2609160300", "properties": {"description": "Tropical Cyclone FIFTEEN-E-26", "name": "Tropical Cyclone FIFTEEN-E-26", "htmldescription": "Green Tropical Cylone FIFTEEN-E-26 in off-shore from: 13 Sep 2026 21:00:00 to:16 Sep 2026 03:00:00.", "link": "https://www.gdacs.org/report.aspx?eventtype=TC&eventid=1001321&episodeid=10", "featureIndex": "773", "iconeventlink": "https://www.gdacs.org/images/gdacs_icons/maps/Green/TC.png", "iconitemlink": "https://www.gdacs.org/images/gdacs_icons/maps/Green/TC.png", "alertlevel": "Green", "eventtype": "TC", "eventname": "FIFTEEN-E-26", "polygonlabel": "16/09 03:00", "polygontype": "WindRadii_50_2609160300", "fromdate": "13 Sep 2026 21:00:00", "todate": "16 Sep 2026 03:00:00", "country": "", "countrylist": "", "iso3": "", "severity": "46.296", "latitude": "15.5", "longitude": "-125.8", "imageoverview": "https://www.gdacs.org/contentdata/resources/imgtemp/gdacs/tc/1001321/clouds_1001321_10.png", "Class": "Poly_WindRadii_50_2609160300"}, "geometry": {"type": "Polygon", "coordinates": [[[-125.8, 15.5], [-125.8, 15.5], [-125.8, 15.5], [-125.8, 15.5], [-125.8, 15.5], [-125.8, 15.5], [-125.8, 15.5], [-125.8, 15.5], [-125.8, 15.5], [-125.8, 15.5], [-125.8, 15.5], [-125.8, 15.5], [-125.8, 15.5], [-125.8, 15.5], [-125.8, 15.5], [-125.8, 15.5], [-125.8, 15.5], [-125.8, 15.5], [-125.8, 15.5], [-125.8, 15.5], [-125.8, 15.5], [-125.8, 15.5], [-125.8, 15.5], [-125.8, 15.5], [-125.8, 15.5], [-125.8, 15.5], [-125.8, 15.5], [-125.8, 15.5], [-125.8, 15.5], [-125.8, 15.5], [-125.8, 15.5], [-125.8, 15.5], [-125.8, 15.5], [-125.8, 15.5], [-125.8, 15.5], [-125.8, 15.5], [-125.8, 15.5], [-125.8, 15.5], [-125.8, 15.5], [-125.8, 15.5], [-125.8, 15.5], [-125.8, 15.5], [-125.8, 15.5], [-125.8, 15.5], [-125.8, 15.5], [-125.8, 15.5], [-125.8, 15.5], [-125.8, 15.5], [-125.8, 15.5], [-125.8, 15.5], [-125.8, 15.5], [-125.8, 15.5], [-125.8, 15.5], [-125.8, 15.5], [-125.8, 15.5], [-125.8, 15.5], [-125.8, 15.5], [-125.8, 15.5], [-125.8, 15.5], [-125.8, 15.5], [-125.8, 15.5], [-125.8, 15.5], [-125.8, 15.5], [-125.8, 15.5], [-125.8, 15.5], [-125.8, 15.5], [-125.8, 15.5], [-125.8, 15.5], [-125.8, 15.5], [-125.8, 15.5], [-125.8, 15.5], [-125.8, 15.5], [-125.8, 15.5], [-125.8, 15.5], [-125.8, 15.5], [-125.8, 15.5], [-125.8, 15.5], [-125.8, 15.5], [-125.8, 15.5], [-125.8, 15.5], [-125.8, 15.5], [-125.8, 15.5], [-125.8, 15.5], [-125.8, 15.5], [-125.8, 15.5], [-125.8, 15.5], [-125.8, 15.5], [-125.8, 15.5], [-125.8, 15.5], [-125.8, 15.5], [-125.8, 15.5], [-125.8, 15.5], [-125.8, 15.5], [-125.8, 15.5], [-125.8, 15.5], [-125.8, 15.5], [-125.8, 15.5], [-125.8, 15.5], [-125.8, 15.5], [-125.8, 15.5], [-125.8, 15.5], [-125.8, 15.5], [-125.8, 15.5], [-125.8, 15.5], [-125.8, 15.5], [-125.8, 15.5], [-125.8, 15.5], [-125.8, 15.5], [-125.8, 15.5], [-125.8, 15.5], [-125.8, 15.5], [-125.8, 15.5], [-125.8, 15.5], [-125.8, 15.5], [-125.8, 15.5], [-125.8, 15.5], [-125.8, 15.5], [-125.8, 15.5], [-125.8, 15.5], [-125.8, 15.5], [-125.8, 15.5], [-125.8, 15.5], [-125.8, 15.5], [-125.8, 15.5], [-125.8, 15.5], [-125.8, 15.5], [-125.8, 15.5], [-125.8, 15.5], [-125.8, 15.5], [-125.8, 15.5], [-125.8, 15.5], [-125.8, 15.5], [-125.8, 15.5], [-125.8, 15.5], [-125.8, 15.5], [-125.8, 15.5], [-125.8, 15.5], [-125.8, 15.5], [-125.8, 15.5], [-125.8, 15.5], [-125.8, 15.5], [-125.8, 15.5], [-125.8, 15.5], [-125.8, 15.5], [-125.8, 15.5], [-125.8, 15.5], [-125.8, 15.5], [-125.8, 15.5], [-125.8, 15.5], [-125.8, 15.5], [-125.8, 15.5], [-125.8, 15.5], [-125.8, 15.5], [-125.8, 15.5], [-125.8, 15.5], [-125.8, 15.5], [-125.8, 15.5], [-125.8, 15.5], [-125.8, 15.5], [-125.8, 15.5], [-125.8, 15.5], [-125.8, 15.5], [-125.8, 15.5], [-125.8, 15.5], [-125.8, 15.5], [-125.8, 15.5], [-125.8, 15.5], [-125.8, 15.5], [-125.8, 15.5], [-125.8, 15.5], [-125.8, 15.5], [-125.8, 15.5], [-125.8, 15.5], [-125.8, 15.5], [-125.8, 15.5], [-125.8, 15.5], [-125.8, 15.5], [-125.8, 15.5], [-125.8, 15.5], [-125.8, 15.5], [-125.8, 15.5], [-125.8, 15.5], [-125.8, 15.5], [-125.8, 15.5], [-125.8, 15.5], [-125.8, 15.5], [-125.8, 15.5], [-125.8, 15.5], [-125.8, 15.5], [-125.8, 15.5], [-125.8, 15.5], [-125.8, 15.5], [-125.8, 15.5], [-125.8, 15.5], [-125.8, 15.5], [-125.8, 15.5], [-125.8, 15.5], [-125.8, 15.5], [-125.8, 15.5], [-125.8, 15.5], [-125.8, 15.5], [-125.8, 15.5], [-125.8, 15.5], [-125.8, 15.5], [-125.8, 15.5], [-125.8, 15.5], [-125.8, 15.5], [-125.8, 15.5], [-125.8, 15.5], [-125.8, 15.5], [-125.8, 15.5], [-125.8, 15.5], [-125.8, 15.5], [-125.8, 15.5], [-125.8, 15.5], [-125.8, 15.5], [-125.8, 15.5], [-125.8, 15.5], [-125.8, 15.5], [-125.8, 15.5], [-125.8, 15.5], [-125.8, 15.5], [-125.8, 15.5], [-125.8, 15.5], [-125.8, 15.5], [-125.8, 15.5], [-125.8, 15.5], [-125.8, 15.5], [-125.8, 15.5], [-125.8, 15.5], [-125.8, 15.5], [-125.8, 15.5], [-125.8, 15.5], [-125.8, 15.5], [-125.8, 15.5], [-125.8, 15.5], [-125.8, 15.5], [-125.8, 15.5], [-125.8, 15.5], [-125.8, 15.5], [-125.8, 15.5], [-125.8, 15.5], [-125.8, 15.5], [-125.8, 15.5], [-125.8, 15.5], [-125.8, 15.5], [-125.8, 15.5], [-125.8, 15.5], [-125.8, 15.5], [-125.8, 15.5], [-125.8, 15.5], [-125.8, 15.5], [-125.8, 15.5], [-125.8, 15.5], [-125.8, 15.5], [-125.8, 15.5], [-125.8, 15.5], [-125.8, 15.5], [-125.8, 15.5], [-125.8, 15.5], [-125.8, 15.5], [-125.8, 15.5], [-125.8, 15.5], [-125.8, 15.5], [-125.8, 15.5], [-125.8, 15.5], [-125.8, 15.5], [-125.8, 15.5], [-125.8, 15.5], [-125.8, 15.5], [-125.8, 15.5], [-125.8, 15.5], [-125.8, 15.5], [-125.8, 15.5], [-125.8, 15.5], [-125.8, 15.5], [-125.8, 15.5], [-125.8, 15.5], [-125.8, 15.5], [-125.8, 15.5], [-125.8, 15.5], [-125.8, 15.5], [-125.8, 15.5], [-125.8, 15.5], [-125.8, 15.5], [-125.8, 15.5], [-125.8, 15.5], [-125.8, 15.5], [-125.8, 15.5], [-125.8, 15.5], [-125.8, 15.5], [-125.8, 15.5], [-125.8, 15.5], [-125.8, 15.5], [-125.8, 15.5], [-125.8, 15.5], [-125.8, 15.5], [-125.8, 15.5], [-125.8, 15.5], [-125.8, 15.5], [-125.8, 15.5], [-125.8, 15.5], [-125.8, 15.5], [-125.8, 15.5], [-125.8, 15.5], [-125.8, 15.5], [-125.8, 15.5], [-125.8, 15.5], [-125.8, 15.5], [-125.8, 15.5], [-125.8, 15.5], [-125.8, 15.5], [-125.8, 15.5], [-125.8, 15.5], [-125.8, 15.5], [-125.8, 15.5], [-125.8, 15.5], [-125.8, 15.5], [-125.8, 15.5], [-125.8, 15.5], [-125.8, 15.5], [-125.8, 15.5], [-125.8, 15.5], [-125.8, 15.5], [-125.8, 15.5], [-125.8, 15.5], [-125.8, 15.5], [-125.8, 15.5], [-125.8, 15.5], [-125.8, 15.5], [-125.8, 15.5], [-125.8, 15.5], [-125.8, 15.5], [-125.8, 15.5], [-125.8, 15.5], [-125.8, 15.5], [-125.8, 15.5], [-125.8, 15.5], [-125.8, 15.5], [-125.8, 15.5], [-125.8, 15.5], [-125.8, 15.5], [-125.8, 15.5], [-125.8, 15.5], [-125.8, 15.5], [-125.8, 15.5], [-125.8, 15.5], [-125.8, 15.5], [-125.8, 15.5], [-125.8, 15.5], [-125.8, 15.5], [-125.8, 15.5], [-125.8, 15.5], [-125.8, 15.5], [-125.8, 15.5], [-125.8, 15.5], [-125.8, 15.5], [-125.8, 15.5], [-125.8, 15.5], [-125.8, 15.5], [-125.8, 15.5], [-125.8, 15.5], [-125.8, 15.5], [-125.8, 15.5], [-125.8, 15.5]]]}}, {"type": "Feature", "id": "TC100132110WindRadii_64_2609160300", "properties": {"description": "Tropical Cyclone FIFTEEN-E-26", "name": "Tropical Cyclone FIFTEEN-E-26", "htmldescription": "Green Tropical Cylone FIFTEEN-E-26 in off-shore from: 13 Sep 2026 21:00:00 to:16 Sep 2026 03:00:00.", "link": "https://www.gdacs.org/report.aspx?eventtype=TC&eventid=1001321&episodeid=10", "featureIndex": "774", "iconeventlink": "https://www.gdacs.org/images/gdacs_icons/maps/Green/TC.png", "iconitemlink": "https://www.gdacs.org/images/gdacs_icons/maps/Green/TC.png", "alertlevel": "Green", "eventtype": "TC", "eventname": "FIFTEEN-E-26", "polygonlabel": "16/09 03:00", "polygontype": "WindRadii_64_2609160300", "fromdate": "13 Sep 2026 21:00:00", "todate": "16 Sep 2026 03:00:00", "country": "", "countrylist": "", "iso3": "", "severity": "46.296", "latitude": "15.5", "longitude": "-125.8", "imageoverview": "https://www.gdacs.org/contentdata/resources/imgtemp/gdacs/tc/1001321/clouds_1001321_10.png", "Class": "Poly_WindRadii_64_2609160300"}, "geometry": {"type": "Polygon", "coordinates": [[[-125.8, 15.5], [-125.8, 15.5], [-125.8, 15.5], [-125.8, 15.5], [-125.8, 15.5], [-125.8, 15.5], [-125.8, 15.5], [-125.8, 15.5], [-125.8, 15.5], [-125.8, 15.5], [-125.8, 15.5], [-125.8, 15.5], [-125.8, 15.5], [-125.8, 15.5], [-125.8, 15.5], [-125.8, 15.5], [-125.8, 15.5], [-125.8, 15.5], [-125.8, 15.5], [-125.8, 15.5], [-125.8, 15.5], [-125.8, 15.5], [-125.8, 15.5], [-125.8, 15.5], [-125.8, 15.5], [-125.8, 15.5], [-125.8, 15.5], [-125.8, 15.5], [-125.8, 15.5], [-125.8, 15.5], [-125.8, 15.5], [-125.8, 15.5], [-125.8, 15.5], [-125.8, 15.5], [-125.8, 15.5], [-125.8, 15.5], [-125.8, 15.5], [-125.8, 15.5], [-125.8, 15.5], [-125.8, 15.5], [-125.8, 15.5], [-125.8, 15.5], [-125.8, 15.5], [-125.8, 15.5], [-125.8, 15.5], [-125.8, 15.5], [-125.8, 15.5], [-125.8, 15.5], [-125.8, 15.5], [-125.8, 15.5], [-125.8, 15.5], [-125.8, 15.5], [-125.8, 15.5], [-125.8, 15.5], [-125.8, 15.5], [-125.8, 15.5], [-125.8, 15.5], [-125.8, 15.5], [-125.8, 15.5], [-125.8, 15.5], [-125.8, 15.5], [-125.8, 15.5], [-125.8, 15.5], [-125.8, 15.5], [-125.8, 15.5], [-125.8, 15.5], [-125.8, 15.5], [-125.8, 15.5], [-125.8, 15.5], [-125.8, 15.5], [-125.8, 15.5], [-125.8, 15.5], [-125.8, 15.5], [-125.8, 15.5], [-125.8, 15.5], [-125.8, 15.5], [-125.8, 15.5], [-125.8, 15.5], [-125.8, 15.5], [-125.8, 15.5], [-125.8, 15.5], [-125.8, 15.5], [-125.8, 15.5], [-125.8, 15.5], [-125.8, 15.5], [-125.8, 15.5], [-125.8, 15.5], [-125.8, 15.5], [-125.8, 15.5], [-125.8, 15.5], [-125.8, 15.5], [-125.8, 15.5], [-125.8, 15.5], [-125.8, 15.5], [-125.8, 15.5], [-125.8, 15.5], [-125.8, 15.5], [-125.8, 15.5], [-125.8, 15.5], [-125.8, 15.5], [-125.8, 15.5], [-125.8, 15.5], [-125.8, 15.5], [-125.8, 15.5], [-125.8, 15.5], [-125.8, 15.5], [-125.8, 15.5], [-125.8, 15.5], [-125.8, 15.5], [-125.8, 15.5], [-125.8, 15.5], [-125.8, 15.5], [-125.8, 15.5], [-125.8, 15.5], [-125.8, 15.5], [-125.8, 15.5], [-125.8, 15.5], [-125.8, 15.5], [-125.8, 15.5], [-125.8, 15.5], [-125.8, 15.5], [-125.8, 15.5], [-125.8, 15.5], [-125.8, 15.5], [-125.8, 15.5], [-125.8, 15.5], [-125.8, 15.5], [-125.8, 15.5], [-125.8, 15.5], [-125.8, 15.5], [-125.8, 15.5], [-125.8, 15.5], [-125.8, 15.5], [-125.8, 15.5], [-125.8, 15.5], [-125.8, 15.5], [-125.8, 15.5], [-125.8, 15.5], [-125.8, 15.5], [-125.8, 15.5], [-125.8, 15.5], [-125.8, 15.5], [-125.8, 15.5], [-125.8, 15.5], [-125.8, 15.5], [-125.8, 15.5], [-125.8, 15.5], [-125.8, 15.5], [-125.8, 15.5], [-125.8, 15.5], [-125.8, 15.5], [-125.8, 15.5], [-125.8, 15.5], [-125.8, 15.5], [-125.8, 15.5], [-125.8, 15.5], [-125.8, 15.5], [-125.8, 15.5], [-125.8, 15.5], [-125.8, 15.5], [-125.8, 15.5], [-125.8, 15.5], [-125.8, 15.5], [-125.8, 15.5], [-125.8, 15.5], [-125.8, 15.5], [-125.8, 15.5], [-125.8, 15.5], [-125.8, 15.5], [-125.8, 15.5], [-125.8, 15.5], [-125.8, 15.5], [-125.8, 15.5], [-125.8, 15.5], [-125.8, 15.5], [-125.8, 15.5], [-125.8, 15.5], [-125.8, 15.5], [-125.8, 15.5], [-125.8, 15.5], [-125.8, 15.5], [-125.8, 15.5], [-125.8, 15.5], [-125.8, 15.5], [-125.8, 15.5], [-125.8, 15.5], [-125.8, 15.5], [-125.8, 15.5], [-125.8, 15.5], [-125.8, 15.5], [-125.8, 15.5], [-125.8, 15.5], [-125.8, 15.5], [-125.8, 15.5], [-125.8, 15.5], [-125.8, 15.5], [-125.8, 15.5], [-125.8, 15.5], [-125.8, 15.5], [-125.8, 15.5], [-125.8, 15.5], [-125.8, 15.5], [-125.8, 15.5], [-125.8, 15.5], [-125.8, 15.5], [-125.8, 15.5], [-125.8, 15.5], [-125.8, 15.5], [-125.8, 15.5], [-125.8, 15.5], [-125.8, 15.5], [-125.8, 15.5], [-125.8, 15.5], [-125.8, 15.5], [-125.8, 15.5], [-125.8, 15.5], [-125.8, 15.5], [-125.8, 15.5], [-125.8, 15.5], [-125.8, 15.5], [-125.8, 15.5], [-125.8, 15.5], [-125.8, 15.5], [-125.8, 15.5], [-125.8, 15.5], [-125.8, 15.5], [-125.8, 15.5], [-125.8, 15.5], [-125.8, 15.5], [-125.8, 15.5], [-125.8, 15.5], [-125.8, 15.5], [-125.8, 15.5], [-125.8, 15.5], [-125.8, 15.5], [-125.8, 15.5], [-125.8, 15.5], [-125.8, 15.5], [-125.8, 15.5], [-125.8, 15.5], [-125.8, 15.5], [-125.8, 15.5], [-125.8, 15.5], [-125.8, 15.5], [-125.8, 15.5], [-125.8, 15.5], [-125.8, 15.5], [-125.8, 15.5], [-125.8, 15.5], [-125.8, 15.5], [-125.8, 15.5], [-125.8, 15.5], [-125.8, 15.5], [-125.8, 15.5], [-125.8, 15.5], [-125.8, 15.5], [-125.8, 15.5], [-125.8, 15.5], [-125.8, 15.5], [-125.8, 15.5], [-125.8, 15.5], [-125.8, 15.5], [-125.8, 15.5], [-125.8, 15.5], [-125.8, 15.5], [-125.8, 15.5], [-125.8, 15.5], [-125.8, 15.5], [-125.8, 15.5], [-125.8, 15.5], [-125.8, 15.5], [-125.8, 15.5], [-125.8, 15.5], [-125.8, 15.5], [-125.8, 15.5], [-125.8, 15.5], [-125.8, 15.5], [-125.8, 15.5], [-125.8, 15.5], [-125.8, 15.5], [-125.8, 15.5], [-125.8, 15.5], [-125.8, 15.5], [-125.8, 15.5], [-125.8, 15.5], [-125.8, 15.5], [-125.8, 15.5], [-125.8, 15.5], [-125.8, 15.5], [-125.8, 15.5], [-125.8, 15.5], [-125.8, 15.5], [-125.8, 15.5], [-125.8, 15.5], [-125.8, 15.5], [-125.8, 15.5], [-125.8, 15.5], [-125.8, 15.5], [-125.8, 15.5], [-125.8, 15.5], [-125.8, 15.5], [-125.8, 15.5], [-125.8, 15.5], [-125.8, 15.5], [-125.8, 15.5], [-125.8, 15.5], [-125.8, 15.5], [-125.8, 15.5], [-125.8, 15.5], [-125.8, 15.5], [-125.8, 15.5], [-125.8, 15.5], [-125.8, 15.5], [-125.8, 15.5], [-125.8, 15.5], [-125.8, 15.5], [-125.8, 15.5], [-125.8, 15.5], [-125.8, 15.5], [-125.8, 15.5], [-125.8, 15.5], [-125.8, 15.5], [-125.8, 15.5], [-125.8, 15.5], [-125.8, 15.5], [-125.8, 15.5], [-125.8, 15.5], [-125.8, 15.5], [-125.8, 15.5], [-125.8, 15.5], [-125.8, 15.5], [-125.8, 15.5], [-125.8, 15.5], [-125.8, 15.5], [-125.8, 15.5], [-125.8, 15.5], [-125.8, 15.5], [-125.8, 15.5], [-125.8, 15.5], [-125.8, 15.5], [-125.8, 15.5], [-125.8, 15.5], [-125.8, 15.5], [-125.8, 15.5], [-125.8, 15.5], [-125.8, 15.5], [-125.8, 15.5], [-125.8, 15.5], [-125.8, 15.5], [-125.8, 15.5], [-125.8, 15.5], [-125.8, 15.5], [-125.8, 15.5], [-125.8, 15.5], [-125.8, 15.5], [-125.8, 15.5], [-125.8, 15.5], [-125.8, 15.5], [-125.8, 15.5], [-125.8, 15.5], [-125.8, 15.5], [-125.8, 15.5], [-125.8, 15.5], [-125.8, 15.5], [-125.8, 15.5]]]}}, {"type": "Feature", "id": "TC100132110Polygon_Point_9", "properties": {"description": "Tropical Cyclone FIFTEEN-E-26", "name": "Tropical Cyclone FIFTEEN-E-26", "htmldescription": "Green Tropical Cylone FIFTEEN-E-26 in off-shore from: 13 Sep 2026 21:00:00 to:16 Sep 2026 03:00:00.", "link": "https://www.gdacs.org/report.aspx?eventtype=TC&eventid=1001321&episodeid=10", "featureIndex": "775", "iconeventlink": "https://www.gdacs.org/images/gdacs_icons/maps/Green/TC.png", "iconitemlink": "https://www.gdacs.org/images/gdacs_icons/maps/Green/TC.png", "alertlevel": "Green", "eventtype": "TC", "eventname": "FIFTEEN-E-26", "polygonlabel": "16/09 03:00 UTC", "polygontype": "Polygon_Point_9", "fromdate": "13 Sep 2026 21:00:00", "todate": "16 Sep 2026 03:00:00", "country": "", "countrylist": "", "iso3": "", "severity": "46.296", "latitude": "15.5", "longitude": "-125.8", "imageoverview": "https://www.gdacs.org/contentdata/resources/imgtemp/gdacs/tc/1001321/clouds_1001321_10.png", "Class": "Poly_Polygon_Point_9"}, "geometry": {"type": "Polygon", "coordinates": [[[-125.8, 15.47], [-125.79852796977018, 15.470036136313846], [-125.79705948579011, 15.470144458199835], [-125.79559808576633, 15.470324704701056], [-125.79414729033951, 15.470576441587903], [-125.7927105946029, 15.470899062404165], [-125.79129145968237, 15.471291789928033], [-125.78989330439823, 15.471753678044509], [-125.78851949702904, 15.472283614024661], [-125.78717334719708, 15.472880321206297], [-125.78585809789521, 15.47354236206955], [-125.7845769176742, 15.474268141699993], [-125.78333289300942, 15.475055911630923], [-125.78212902086523, 15.475903774055581], [-125.78096820147509, 15.476809686399118], [-125.77985323135458, 15.477771466239352], [-125.7787867965644, 15.478786796564403], [-125.77777146623934, 15.47985323135459], [-125.77680968639912, 15.48096820147509], [-125.77590377405558, 15.482129020865226], [-125.77505591163091, 15.483332893009411], [-125.77426814169999, 15.484576917674204], [-125.77354236206955, 15.48585809789522], [-125.77288032120629, 15.487173347197091], [-125.77228361402466, 15.488519497029047], [-125.7717536780445, 15.489893304398233], [-125.77129178992803, 15.491291459682365], [-125.77089906240415, 15.492710594602903], [-125.7705764415879, 15.494147290339516], [-125.77032470470105, 15.49559808576634], [-125.77014445819982, 15.497059485790112], [-125.77003613631383, 15.498527969770178], [-125.77, 15.5], [-125.77003613631383, 15.501472030229822], [-125.77014445819982, 15.502940514209888], [-125.77032470470105, 15.50440191423366], [-125.7705764415879, 15.505852709660484], [-125.77089906240415, 15.507289405397097], [-125.77129178992803, 15.508708540317635], [-125.7717536780445, 15.510106695601767], [-125.77228361402466, 15.511480502970953], [-125.77288032120629, 15.512826652802909], [-125.77354236206955, 15.51414190210478], [-125.77426814169999, 15.515423082325796], [-125.77505591163091, 15.516667106990589], [-125.77590377405558, 15.517870979134774], [-125.77680968639912, 15.51903179852491], [-125.77777146623934, 15.52014676864541], [-125.7787867965644, 15.521213203435597], [-125.77985323135458, 15.522228533760648], [-125.78096820147509, 15.523190313600882], [-125.78212902086523, 15.524096225944419], [-125.78333289300942, 15.524944088369077], [-125.7845769176742, 15.525731858300007], [-125.78585809789521, 15.52645763793045], [-125.78717334719708, 15.527119678793703], [-125.78851949702904, 15.527716385975339], [-125.78989330439823, 15.528246321955491], [-125.79129145968237, 15.528708210071967], [-125.7927105946029, 15.529100937595835], [-125.79414729033951, 15.529423558412097], [-125.79559808576633, 15.529675295298944], [-125.79705948579011, 15.529855541800165], [-125.79852796977018, 15.529963863686154], [-125.8, 15.53], [-125.80147203022982, 15.529963863686154], [-125.80294051420988, 15.529855541800165], [-125.80440191423367, 15.529675295298944], [-125.80585270966048, 15.529423558412097], [-125.8072894053971, 15.529100937595835], [-125.80870854031762, 15.528708210071967], [-125.81010669560176, 15.528246321955491], [-125.81148050297095, 15.527716385975339], [-125.81282665280291, 15.527119678793703], [-125.81414190210478, 15.52645763793045], [-125.8154230823258, 15.525731858300007], [-125.81666710699058, 15.524944088369077], [-125.81787097913477, 15.524096225944419], [-125.8190317985249, 15.523190313600882], [-125.82014676864542, 15.522228533760648], [-125.82121320343559, 15.521213203435597], [-125.82222853376065, 15.52014676864541], [-125.82319031360088, 15.51903179852491], [-125.82409622594442, 15.517870979134774], [-125.82494408836908, 15.516667106990589], [-125.8257318583, 15.515423082325796], [-125.82645763793045, 15.51414190210478], [-125.82711967879371, 15.512826652802909], [-125.82771638597534, 15.511480502970953], [-125.82824632195549, 15.510106695601767], [-125.82870821007197, 15.508708540317635], [-125.82910093759584, 15.507289405397097], [-125.82942355841209, 15.505852709660484], [-125.82967529529894, 15.50440191423366], [-125.82985554180017, 15.502940514209888], [-125.82996386368616, 15.501472030229822], [-125.83, 15.5], [-125.82996386368616, 15.498527969770178], [-125.82985554180017, 15.497059485790112], [-125.82967529529894, 15.49559808576634], [-125.82942355841209, 15.494147290339516], [-125.82910093759584, 15.492710594602903], [-125.82870821007197, 15.491291459682365], [-125.82824632195549, 15.489893304398233], [-125.82771638597534, 15.488519497029047], [-125.82711967879371, 15.487173347197091], [-125.82645763793045, 15.48585809789522], [-125.8257318583, 15.484576917674204], [-125.82494408836908, 15.483332893009411], [-125.82409622594442, 15.482129020865226], [-125.82319031360088, 15.48096820147509], [-125.82222853376065, 15.47985323135459], [-125.82121320343559, 15.478786796564403], [-125.82014676864542, 15.477771466239352], [-125.8190317985249, 15.476809686399118], [-125.81787097913477, 15.475903774055581], [-125.81666710699058, 15.475055911630923], [-125.8154230823258, 15.474268141699993], [-125.81414190210478, 15.47354236206955], [-125.81282665280291, 15.472880321206297], [-125.81148050297095, 15.472283614024661], [-125.81010669560176, 15.471753678044509], [-125.80870854031762, 15.471291789928033], [-125.8072894053971, 15.470899062404165], [-125.80585270966048, 15.470576441587903], [-125.80440191423367, 15.470324704701056], [-125.80294051420988, 15.470144458199835], [-125.80147203022982, 15.470036136313846], [-125.8, 15.47]]]}}, {"type": "Feature", "id": "TC100132110Line_0", "properties": {"description": "Tropical Cyclone FIFTEEN-E-26", "name": "Tropical Cyclone FIFTEEN-E-26", "htmldescription": "Green Tropical Cylone FIFTEEN-E-26 in off-shore from: 13 Sep 2026 21:00:00 to:16 Sep 2026 03:00:00.", "link": "https://www.gdacs.org/report.aspx?eventtype=TC&eventid=1001321&episodeid=10", "featureIndex": "776", "iconeventlink": "https://www.gdacs.org/images/gdacs_icons/maps/Green/TC.png", "iconitemlink": "https://www.gdacs.org/images/gdacs_icons/maps/Green/TC.png", "alertlevel": "Green", "eventtype": "TC", "eventname": "FIFTEEN-E-26", "polygonlabel": "TD", "polygontype": "Line_0", "fromdate": "13 Sep 2026 21:00:00", "todate": "16 Sep 2026 03:00:00", "country": "", "countrylist": "", "iso3": "", "severity": "46.296", "latitude": "15.5", "longitude": "-125.8", "imageoverview": "https://www.gdacs.org/contentdata/resources/imgtemp/gdacs/tc/1001321/clouds_1001321_10.png", "Class": "Line_Line_0"}, "geometry": {"type": "LineString", "coordinates": [[-117.2, 17.2], [-118.3, 17.0]]}}, {"type": "Feature", "id": "TC100132110Line_1", "properties": {"description": "Tropical Cyclone FIFTEEN-E-26", "name": "Tropical Cyclone FIFTEEN-E-26", "htmldescription": "Green Tropical Cylone FIFTEEN-E-26 in off-shore from: 13 Sep 2026 21:00:00 to:16 Sep 2026 03:00:00.", "link": "https://www.gdacs.org/report.aspx?eventtype=TC&eventid=1001321&episodeid=10", "featureIndex": "777", "iconeventlink": "https://www.gdacs.org/images/gdacs_icons/maps/Green/TC.png", "iconitemlink": "https://www.gdacs.org/images/gdacs_icons/maps/Green/TC.png", "alertlevel": "Green", "eventtype": "TC", "eventname": "FIFTEEN-E-26", "polygonlabel": "TD", "polygontype": "Line_1", "fromdate": "13 Sep 2026 21:00:00", "todate": "16 Sep 2026 03:00:00", "country": "", "countrylist": "", "iso3": "", "severity": "46.296", "latitude": "15.5", "longitude": "-125.8", "imageoverview": "https://www.gdacs.org/contentdata/resources/imgtemp/gdacs/tc/1001321/clouds_1001321_10.png", "Class": "Line_Line_1"}, "geometry": {"type": "LineString", "coordinates": [[-118.3, 17.0], [-118.9, 16.5]]}}, {"type": "Feature", "id": "TC100132110Line_2", "properties": {"description": "Tropical Cyclone FIFTEEN-E-26", "name": "Tropical Cyclone FIFTEEN-E-26", "htmldescription": "Green Tropical Cylone FIFTEEN-E-26 in off-shore from: 13 Sep 2026 21:00:00 to:16 Sep 2026 03:00:00.", "link": "https://www.gdacs.org/report.aspx?eventtype=TC&eventid=1001321&episodeid=10", "featureIndex": "778", "iconeventlink": "https://www.gdacs.org/images/gdacs_icons/maps/Green/TC.png", "iconitemlink": "https://www.gdacs.org/images/gdacs_icons/maps/Green/TC.png", "alertlevel": "Green", "eventtype": "TC", "eventname": "FIFTEEN-E-26", "polygonlabel": "TD", "polygontype": "Line_2", "fromdate": "13 Sep 2026 21:00:00", "todate": "16 Sep 2026 03:00:00", "country": "", "countrylist": "", "iso3": "", "severity": "46.296", "latitude": "15.5", "longitude": "-125.8", "imageoverview": "https://www.gdacs.org/contentdata/resources/imgtemp/gdacs/tc/1001321/clouds_1001321_10.png", "Class": "Line_Line_2"}, "geometry": {"type": "LineString", "coordinates": [[-118.9, 16.5], [-119.7, 16.3]]}}, {"type": "Feature", "id": "TC100132110Line_3", "properties": {"description": "Tropical Cyclone FIFTEEN-E-26", "name": "Tropical Cyclone FIFTEEN-E-26", "htmldescription": "Green Tropical Cylone FIFTEEN-E-26 in off-shore from: 13 Sep 2026 21:00:00 to:16 Sep 2026 03:00:00.", "link": "https://www.gdacs.org/report.aspx?eventtype=TC&eventid=1001321&episodeid=10", "featureIndex": "779", "iconeventlink": "https://www.gdacs.org/images/gdacs_icons/maps/Green/TC.png", "iconitemlink": "https://www.gdacs.org/images/gdacs_icons/maps/Green/TC.png", "alertlevel": "Green", "eventtype": "TC", "eventname": "FIFTEEN-E-26", "polygonlabel": "TD", "polygontype": "Line_3", "fromdate": "13 Sep 2026 21:00:00", "todate": "16 Sep 2026 03:00:00", "country": "", "countrylist": "", "iso3": "", "severity": "46.296", "latitude": "15.5", "longitude": "-125.8", "imageoverview": "https://www.gdacs.org/contentdata/resources/imgtemp/gdacs/tc/1001321/clouds_1001321_10.png", "Class": "Line_Line_3"}, "geometry": {"type": "LineString", "coordinates": [[-119.7, 16.3], [-120.5, 16.9]]}}, {"type": "Feature", "id": "TC100132110Line_4", "properties": {"description": "Tropical Cyclone FIFTEEN-E-26", "name": "Tropical Cyclone FIFTEEN-E-26", "htmldescription": "Green Tropical Cylone FIFTEEN-E-26 in off-shore from: 13 Sep 2026 21:00:00 to:16 Sep 2026 03:00:00.", "link": "https://www.gdacs.org/report.aspx?eventtype=TC&eventid=1001321&episodeid=10", "featureIndex": "780", "iconeventlink": "https://www.gdacs.org/images/gdacs_icons/maps/Green/TC.png", "iconitemlink": "https://www.gdacs.org/images/gdacs_icons/maps/Green/TC.png", "alertlevel": "Green", "eventtype": "TC", "eventname": "FIFTEEN-E-26", "polygonlabel": "TD", "polygontype": "Line_4", "fromdate": "13 Sep 2026 21:00:00", "todate": "16 Sep 2026 03:00:00", "country": "", "countrylist": "", "iso3": "", "severity": "46.296", "latitude": "15.5", "longitude": "-125.8", "imageoverview": "https://www.gdacs.org/contentdata/resources/imgtemp/gdacs/tc/1001321/clouds_1001321_10.png", "Class": "Line_Line_4"}, "geometry": {"type": "LineString", "coordinates": [[-120.5, 16.9], [-121.6, 16.5]]}}, {"type": "Feature", "id": "TC100132110Line_5", "properties": {"description": "Tropical Cyclone FIFTEEN-E-26", "name": "Tropical Cyclone FIFTEEN-E-26", "htmldescription": "Green Tropical Cylone FIFTEEN-E-26 in off-shore from: 13 Sep 2026 21:00:00 to:16 Sep 2026 03:00:00.", "link": "https://www.gdacs.org/report.aspx?eventtype=TC&eventid=1001321&episodeid=10", "featureIndex": "781", "iconeventlink": "https://www.gdacs.org/images/gdacs_icons/maps/Green/TC.png", "iconitemlink": "https://www.gdacs.org/images/gdacs_icons/maps/Green/TC.png", "alertlevel": "Green", "eventtype": "TC", "eventname": "FIFTEEN-E-26", "polygonlabel": "TD", "polygontype": "Line_5", "fromdate": "13 Sep 2026 21:00:00", "todate": "16 Sep 2026 03:00:00", "country": "", "countrylist": "", "iso3": "", "severity": "46.296", "latitude": "15.5", "longitude": "-125.8", "imageoverview": "https://www.gdacs.org/contentdata/resources/imgtemp/gdacs/tc/1001321/clouds_1001321_10.png", "Class": "Line_Line_5"}, "geometry": {"type": "LineString", "coordinates": [[-121.6, 16.5], [-122.6, 16.1]]}}, {"type": "Feature", "id": "TC100132110Line_6", "properties": {"description": "Tropical Cyclone FIFTEEN-E-26", "name": "Tropical Cyclone FIFTEEN-E-26", "htmldescription": "Green Tropical Cylone FIFTEEN-E-26 in off-shore from: 13 Sep 2026 21:00:00 to:16 Sep 2026 03:00:00.", "link": "https://www.gdacs.org/report.aspx?eventtype=TC&eventid=1001321&episodeid=10", "featureIndex": "782", "iconeventlink": "https://www.gdacs.org/images/gdacs_icons/maps/Green/TC.png", "iconitemlink": "https://www.gdacs.org/images/gdacs_icons/maps/Green/TC.png", "alertlevel": "Green", "eventtype": "TC", "eventname": "FIFTEEN-E-26", "polygonlabel": "TD", "polygontype": "Line_6", "fromdate": "13 Sep 2026 21:00:00", "todate": "16 Sep 2026 03:00:00", "country": "", "countrylist": "", "iso3": "", "severity": "46.296", "latitude": "15.5", "longitude": "-125.8", "imageoverview": "https://www.gdacs.org/contentdata/resources/imgtemp/gdacs/tc/1001321/clouds_1001321_10.png", "Class": "Line_Line_6"}, "geometry": {"type": "LineString", "coordinates": [[-122.6, 16.1], [-123.9, 16.1]]}}, {"type": "Feature", "id": "TC100132110Line_7", "properties": {"description": "Tropical Cyclone FIFTEEN-E-26", "name": "Tropical Cyclone FIFTEEN-E-26", "htmldescription": "Green Tropical Cylone FIFTEEN-E-26 in off-shore from: 13 Sep 2026 21:00:00 to:16 Sep 2026 03:00:00.", "link": "https://www.gdacs.org/report.aspx?eventtype=TC&eventid=1001321&episodeid=10", "featureIndex": "783", "iconeventlink": "https://www.gdacs.org/images/gdacs_icons/maps/Green/TC.png", "iconitemlink": "https://www.gdacs.org/images/gdacs_icons/maps/Green/TC.png", "alertlevel": "Green", "eventtype": "TC", "eventname": "FIFTEEN-E-26", "polygonlabel": "TD", "polygontype": "Line_7", "fromdate": "13 Sep 2026 21:00:00", "todate": "16 Sep 2026 03:00:00", "country": "", "countrylist": "", "iso3": "", "severity": "46.296", "latitude": "15.5", "longitude": "-125.8", "imageoverview": "https://www.gdacs.org/contentdata/resources/imgtemp/gdacs/tc/1001321/clouds_1001321_10.png", "Class": "Line_Line_7"}, "geometry": {"type": "LineString", "coordinates": [[-123.9, 16.1], [-125.0, 15.7]]}}, {"type": "Feature", "id": "TC100132110Line_8", "properties": {"description": "Tropical Cyclone FIFTEEN-E-26", "name": "Tropical Cyclone FIFTEEN-E-26", "htmldescription": "Green Tropical Cylone FIFTEEN-E-26 in off-shore from: 13 Sep 2026 21:00:00 to:16 Sep 2026 03:00:00.", "link": "https://www.gdacs.org/report.aspx?eventtype=TC&eventid=1001321&episodeid=10", "featureIndex": "784", "iconeventlink": "https://www.gdacs.org/images/gdacs_icons/maps/Green/TC.png", "iconitemlink": "https://www.gdacs.org/images/gdacs_icons/maps/Green/TC.png", "alertlevel": "Green", "eventtype": "TC", "eventname": "FIFTEEN-E-26", "polygonlabel": "TD", "polygontype": "Line_8", "fromdate": "13 Sep 2026 21:00:00", "todate": "16 Sep 2026 03:00:00", "country": "", "countrylist": "", "iso3": "", "severity": "46.296", "latitude": "15.5", "longitude": "-125.8", "imageoverview": "https://www.gdacs.org/contentdata/resources/imgtemp/gdacs/tc/1001321/clouds_1001321_10.png", "Class": "Line_Line_8"}, "geometry": {"type": "LineString", "coordinates": [[-125.0, 15.7], [-125.8, 15.5]]}}, {"type": "Feature", "id": "TC100132110Cones", "properties": {"description": "Tropical Cyclone FIFTEEN-E-26", "name": "Tropical Cyclone FIFTEEN-E-26", "htmldescription": "Green Tropical Cylone FIFTEEN-E-26 in off-shore from: 13 Sep 2026 21:00:00 to:16 Sep 2026 03:00:00.", "link": "https://www.gdacs.org/report.aspx?eventtype=TC&eventid=1001321&episodeid=10", "featureIndex": "785", "iconeventlink": "https://www.gdacs.org/images/gdacs_icons/maps/Green/TC.png", "iconitemlink": "https://www.gdacs.org/images/gdacs_icons/maps/Green/TC.png", "alertlevel": "Green", "eventtype": "TC", "eventname": "FIFTEEN-E-26", "polygonlabel": "Uncertainty Cones", "polygontype": "Cones", "fromdate": "13 Sep 2026 21:00:00", "todate": "16 Sep 2026 03:00:00", "country": "", "countrylist": "", "iso3": "", "severity": "46.296", "latitude": "15.5", "longitude": "-125.8", "imageoverview": "https://www.gdacs.org/contentdata/resources/imgtemp/gdacs/tc/1001321/clouds_1001321_10.png", "Class": "Poly_Cones"}, "geometry": {"type": "Polygon", "coordinates": [[[-125.8, 15.250000000000002], [-125.790945829756, 15.250152293245202], [-125.781902690624, 15.250608987435001], [-125.772881600275, 15.251369526157902], [-125.76389354952, 15.252432982814602], [-125.754949488912, 15.253798061746902], [-125.746060315413, 15.255463099816502], [-125.737236859111, 15.257426068431002], [-125.728489870028, 15.259684576015403], [-125.719830005023, 15.262235870926201], [-125.711267814807, 15.265076844803502], [-125.702813731091, 15.268204036358302], [-125.694478053874, 15.271613635589402], [-125.686270938893, 15.275301488425201], [-125.678202385255, 15.279263101785302], [-125.670282223249, 15.283493649053902], [-125.662520102372, 15.287987975960903], [-125.654925479573, 15.292740606861202], [-125.647507607731, 15.297745751406302], [-125.640275524379, 15.302997311598302], [-125.633238040696, 15.308488889220301], [-125.626403730774, 15.314213793630701], [-125.619780921165, 15.320165049915301], [-125.613377680743, 15.326335407385303], [-125.60720181087, 15.332717348410302], [-125.601260835892, 15.339303097578401], [-125.595561993972, 15.346084631168601], [-125.590112228271, 15.353053686926902], [-125.58491817849, 15.360201774132301], [-125.579986172777, 15.367520183941702], [-125.575322220022, 15.375000000000002], [-125.570932002533, 15.382632109303502], [-125.566820869114, 15.390407213302701], [-125.562993828547, 15.398315839231001], [-125.559455543492, 15.406348351646002], [-125.556210324804, 15.414494964168602], [-125.553262126283, 15.422745751406302], [-125.550614539854, 15.431090661045802], [-125.548270791193, 15.439519526100101], [-125.546233735797, 15.448022077295601], [-125.544505855504, 15.456587955583302], [-125.54308925547, 15.465206724760002], [-125.541985661605, 15.473867884183102], [-125.541196418467, 15.482560881564002], [-125.540722487627, 15.491275125824401], [-125.540564446498, 15.5], [-125.540722487627, 15.5087248741756], [-125.541196418467, 15.517439118436], [-125.541985661605, 15.5261321158169], [-125.54308925547, 15.53479327524], [-125.544505855504, 15.5434120444167], [-125.546233735797, 15.5519779227044], [-125.548270791193, 15.5604804738999], [-125.550614539854, 15.5689093389542], [-125.553262126283, 15.5772542485937], [-125.556210324804, 15.5855050358314], [-125.559455543492, 15.593651648354], [-125.562993828547, 15.601684160769], [-125.566820869114, 15.6095927866973], [-125.570932002533, 15.6173678906965], [-125.575322220022, 15.625], [-125.579986172777, 15.6324798160583], [-125.58491817849, 15.6397982258677], [-125.590112228271, 15.6469463130731], [-125.595561993972, 15.6539153688314], [-125.601260835892, 15.6606969024216], [-125.60720181087, 15.6672826515897], [-125.613377680743, 15.6736645926147], [-125.619780921165, 15.6798349500847], [-125.626403730774, 15.6857862063693], [-125.633238040696, 15.6915111107797], [-125.640275524379, 15.6970026884017], [-125.647507607731, 15.7022542485937], [-125.654925479573, 15.7072593931388], [-125.662520102372, 15.7120120240391], [-125.670282223249, 15.7165063509461], [-125.678202385255, 15.7207368982147], [-125.686270938893, 15.7246985115748], [-125.694478053874, 15.7283863644106], [-125.702813731091, 15.7317959636417], [-125.711267814807, 15.7349231551965], [-125.719830005023, 15.7377641290738], [-125.728489870028, 15.7403154239846], [-125.737236859111, 15.742573931569], [-125.746060315413, 15.7445369001835], [-125.754949488912, 15.7462019382531], [-125.76389354952, 15.7475670171854], [-125.772881600275, 15.7486304738421], [-125.781902690624, 15.749391012565], [-125.790945829756, 15.7498477067548], [-125.8, 15.75], [-125.809054170244, 15.7498477067548], [-125.818097309376, 15.749391012565], [-125.827118399725, 15.7486304738421], [-125.83610645048, 15.7475670171854], [-125.845050511088, 15.7462019382531], [-125.853939684587, 15.7445369001835], [-125.862763140889, 15.742573931569], [-125.871510129972, 15.7403154239846], [-125.880169994977, 15.7377641290738], [-125.888732185193, 15.7349231551965], [-125.897186268909, 15.7317959636417], [-125.905521946126, 15.7283863644106], [-125.913729061107, 15.7246985115748], [-125.921797614745, 15.7207368982147], [-125.929717776751, 15.7165063509461], [-125.937479897628, 15.7120120240391], [-125.945074520427, 15.7072593931388], [-125.952492392269, 15.7022542485937], [-125.959724475621, 15.6970026884017], [-125.966761959304, 15.6915111107797], [-125.973596269226, 15.6857862063693], [-125.980219078835, 15.6798349500847], [-125.986622319257, 15.6736645926147], [-125.99279818913, 15.6672826515897], [-125.998739164108, 15.6606969024216], [-126.004438006028, 15.6539153688314], [-126.009887771729, 15.6469463130731], [-126.01508182151, 15.6397982258677], [-126.020013827223, 15.6324798160583], [-126.024677779978, 15.625], [-126.029067997467, 15.6173678906965], [-126.033179130886, 15.6095927866973], [-126.037006171453, 15.601684160769], [-126.040544456508, 15.593651648354], [-126.043789675196, 15.5855050358314], [-126.046737873717, 15.5772542485937], [-126.049385460146, 15.5689093389542], [-126.051729208807, 15.5604804738999], [-126.053766264203, 15.5519779227044], [-126.055494144496, 15.5434120444167], [-126.05691074453, 15.53479327524], [-126.058014338395, 15.5261321158169], [-126.058803581533, 15.517439118436], [-126.059277512373, 15.5087248741756], [-126.059435553502, 15.5], [-126.059277512373, 15.491275125824401], [-126.058803581533, 15.482560881564002], [-126.058014338395, 15.473867884183102], [-126.05691074453, 15.465206724760002], [-126.055494144496, 15.456587955583302], [-126.053766264203, 15.448022077295601], [-126.051729208807, 15.439519526100101], [-126.049385460146, 15.431090661045802], [-126.046737873717, 15.422745751406302], [-126.043789675196, 15.414494964168602], [-126.040544456508, 15.406348351646002], [-126.037006171453, 15.398315839231001], [-126.033179130886, 15.390407213302701], [-126.029067997467, 15.382632109303502], [-126.024677779978, 15.375000000000002], [-126.020013827223, 15.367520183941702], [-126.01508182151, 15.360201774132301], [-126.009887771729, 15.353053686926902], [-126.004438006028, 15.346084631168601], [-125.998739164108, 15.339303097578401], [-125.99279818913, 15.332717348410302], [-125.986622319257, 15.326335407385303], [-125.980219078835, 15.320165049915301], [-125.973596269226, 15.314213793630701], [-125.966761959304, 15.308488889220301], [-125.959724475621, 15.302997311598302], [-125.952492392269, 15.297745751406302], [-125.945074520427, 15.292740606861202], [-125.937479897628, 15.287987975960903], [-125.929717776751, 15.283493649053902], [-125.921797614745, 15.279263101785302], [-125.913729061107, 15.275301488425201], [-125.905521946126, 15.271613635589402], [-125.897186268909, 15.268204036358302], [-125.888732185193, 15.265076844803502], [-125.880169994977, 15.262235870926201], [-125.871510129972, 15.259684576015403], [-125.862763140889, 15.257426068431002], [-125.853939684587, 15.255463099816502], [-125.845050511088, 15.253798061746902], [-125.83610645048, 15.252432982814602], [-125.827118399725, 15.251369526157902], [-125.818097309376, 15.250608987435001], [-125.809054170244, 15.250152293245202], [-125.8, 15.250000000000002]]]}}, {"type": "Feature", "id": "TC100132219Centroid", "properties": {"description": "Tropical Cyclone DUJUAN-26", "name": "Tropical Cyclone DUJUAN-26", "htmldescription": "Green Tropical Cylone DUJUAN-26 in Japan from: 15 Sep 2026 12:00:00 to:20 Sep 2026 00:00:00.", "link": "https://www.gdacs.org/report.aspx?eventtype=TC&eventid=1001322&episodeid=19", "featureIndex": "786", "iconeventlink": "https://www.gdacs.org/images/gdacs_icons/maps/Green/TC.png", "iconitemlink": "https://www.gdacs.org/images/gdacs_icons/maps/Green/TC.png", "alertlevel": "Green", "alertscore": "1", "alertlevelepisode": "Green", "alertscoreepisode": "1", "eventtype": "TC", "eventid": "1001322", "episodeid": "19", "eventname": "DUJUAN-26", "fromdate": "15 Sep 2026 12:00:00", "todate": "20 Sep 2026 00:00:00", "country": "Japan", "countrylist": "Japan", "iso3": "JPN", "severity": "129.6288", "latitude": "28.7", "longitude": "137.5", "imageoverview": "https://www.gdacs.org/contentdata/resources/imgtemp/gdacs/tc/1001322/clouds_1001322_19.png", "polygonlabel": "Centroid", "Class": "Point_Centroid"}, "geometry": {"type": "Point", "coordinates": [137.5, 28.7]}}, {"type": "Feature", "id": "TC100132219Green", "properties": {"description": "Tropical Cyclone DUJUAN-26", "name": "Tropical Cyclone DUJUAN-26", "htmldescription": "Green Tropical Cylone DUJUAN-26 in Japan from: 15 Sep 2026 12:00:00 to:20 Sep 2026 00:00:00.", "link": "https://www.gdacs.org/report.aspx?eventtype=TC&eventid=1001322&episodeid=19", "featureIndex": "787", "iconeventlink": "https://www.gdacs.org/images/gdacs_icons/maps/Green/TC.png", "iconitemlink": "https://www.gdacs.org/images/gdacs_icons/maps/Green/TC.png", "alertlevel": "Green", "eventtype": "TC", "eventname": "DUJUAN-26", "polygonlabel": "60 km/h", "polygontype": "Green", "fromdate": "15 Sep 2026 12:00:00", "todate": "20 Sep 2026 00:00:00", "country": "Japan", "countrylist": "Japan", "iso3": "JPN", "severity": "129.6288", "latitude": "28.7", "longitude": "137.5", "imageoverview": "https://www.gdacs.org/contentdata/resources/imgtemp/gdacs/tc/1001322/clouds_1001322_19.png", "Class": "Poly_Green"}, "geometry": {"type": "Polygon", "coordinates": [[[149.5, 14.331000000000023], [149.578948112554, 14.332321296195612], [149.657800038995, 14.336283574986414], [149.736459710395, 14.342882008946209], [149.814831292061, 14.35210855889951], [149.892819300295, 14.363951983716518], [149.97032871872, 14.378397854008412], [150.04726511405, 14.39542856970741], [150.123534751138, 14.415023381509808], [150.19904470718, 14.437158416155818], [150.273702984926, 14.461806705515409], [150.347418624765, 14.48893821944462], [150.420101815544, 14.51851990237321], [150.491664003992, 14.550515713577116], [150.562018002605, 14.584886671089011], [150.631078095873, 14.621590899191617], [150.69876014471, 14.66058367943672], [150.764981688967, 14.701817505128115], [150.82966204789, 14.745242139200709], [150.892722418427, 14.790804675427015], [150.95408597123, 14.838449602874912], [151.013677944261, 14.888118873539508], [151.071425733882, 14.939751973065517], [151.127258983305, 14.993285994474414], [151.181109668317, 15.048655714807618], [151.232912180154, 15.10579367458991], [151.282603405434, 15.16463026001862], [151.330122803053, 15.22509378777761], [151.375412477945, 15.287110592371915], [151.418417251618, 15.35060511587821], [151.45908472938, 15.415500000000023], [151.497365364173, 15.48171618031741], [152.017621176934, 16.425382149909726], [152.059216030773, 16.503195390733712], [152.778359095077, 17.903195390733718], [152.817393792156, 17.98234491902432], [152.85348326727, 18.06273430327342], [152.886583550954, 18.144265601399226], [152.916654315609, 18.226839480073924], [152.943658924642, 18.310355335745925], [152.967564477095, 18.394711417209614], [152.988341847737, 18.479804949574014], [153.00596572254, 18.565532259477312], [153.020414629529, 18.651788901397914], [153.031670964935, 18.73846978490432], [153.039721014649, 18.825469302692223], [153.044554970924, 18.912681459250322], [153.046166944329, 18.999999999999996], [153.096596505565, 21.90000000000001], [153.094953811833, 21.9873185407497], [153.090027732008, 22.0745306973078], [153.081824267758, 22.161530215095702], [153.070353413741, 22.24821109860209], [153.055629145426, 22.334467740522694], [153.037669402065, 22.420195050425992], [153.01649606484, 22.505288582790392], [152.9921349302, 22.5896446642541], [152.964615678436, 22.6731605199261], [152.933971837516, 22.755734398600797], [152.900240742241, 22.837265696726604], [152.863463488753, 22.917655080975596], [152.823684884473, 22.996804609266306], [152.7809533935, 23.07461785009029], [152.735321077575, 23.150999999999993], [152.686843532646, 23.225857999111494], [152.635579821134, 23.299100644483794], [152.581592399974, 23.370638701235805], [152.524947044523, 23.44038501126481], [152.465712768422, 23.508254599435706], [150.694784353924, 25.408254599435693], [150.632164278578, 25.47416477710989], [150.56706832409, 25.538035242888405], [150.499575799852, 25.599788180447305], [148.52015803557, 27.402067034354996], [148.43368832569, 27.48030716707351], [147.699558185252, 28.1003663072125], [147.581978710144, 28.199657067066195], [147.46064431872, 28.295171372249303], [147.335702838246, 28.386792853293613], [147.20730649067102, 28.474409883537902], [147.075611707165, 28.557915715127105], [146.940778937537, 28.637208609068495], [146.802972454746, 28.712191959184885], [145.21836136465, 29.512191959184907], [145.076809465929, 29.582774409814615], [144.932605460186, 29.648869967113797], [144.785925037789, 29.710398103827313], [144.636946906237, 29.76728385739809], [144.485852572437, 29.819457921298014], [144.332826121558, 29.866856729467088], [144.178053992761, 29.9094225337587], [144.021724752042, 29.947103474297197], [143.864028862502, 29.979853642660707], [143.70515845229, 30.00763313781391], [143.545307080529, 30.030408114721098], [143.384669501492, 30.048150825581097], [143.223441427325, 30.060839653633707], [143.061819289602, 30.068459139496603], [142.90000000000003, 30.071000000000005], [142.73818071039807, 30.068459139496603], [142.57655857267505, 30.060839653633707], [142.41533049850804, 30.048150825581097], [142.25469291947104, 30.030408114721098], [142.09484154771002, 30.00763313781391], [141.93597113749803, 29.979853642660707], [141.77827524795802, 29.947103474297197], [141.70433826176526, 29.929282015128614], [141.62851715002253, 29.944988238384585], [141.53210934103183, 30.032783593073642], [141.7722542391012, 30.610168967996913], [143.79256282569682, 32.41151194529668], [148.41390418437285, 34.524714605727674], [154.72709149712222, 36.76661902064011], [162.361227396286, 38.47216957590641], [162.526071810602, 38.50962258519683], [162.68905694149, 38.55132808171572], [162.849984216674, 38.59723525373992], [163.008657571059, 38.64728817045173], [163.164883685602, 38.70142585008213], [163.31847222285, 38.759582334207735], [163.469236058828, 38.82168676811112], [163.616991511024, 38.88766348710591], [163.761558562181, 38.957432108723026], [163.902761079615, 39.030907630643924], [164.04042702980996, 39.108000534263326], [164.174388688011, 39.18861689375331], [164.304482842573, 39.27265849049803], [164.430550993808, 39.36002293275711], [164.55243954709198, 39.450603780415534], [164.67, 39.54429067466302], [164.783089123228, 39.64096947245043], [164.891569135099, 39.740522385554826], [164.99530786943, 39.84282812408663], [165.094178936552, 39.94776204426241], [165.188061877299, 40.05519630026412], [165.276842309771, 40.16500000000002], [165.360412068685, 40.27703936457582], [165.438669337163, 40.391177891284116], [165.511518770779, 40.50727651991182], [165.578871613718, 40.62519380216362], [165.64064580691797, 40.74478607399484], [165.696766088038, 40.865907630643925], [165.747164083162, 40.988410904151614], [165.791778390094, 41.11214664314924], [165.830554653175, 41.23696409469881], [165.863445629502, 41.362711187962425], [165.890411246485, 41.489234719476634], [165.91141865067397, 41.61638053980772], [165.926442247784, 41.74399374135912], [165.935463733874, 41.87191884710184], [165.938472117655, 41.99999999999999], [165.935463733874, 42.1280811528982], [165.926442247784, 42.256006258640895], [165.91141865067397, 42.383619460192286], [165.890411246485, 42.5107652805234], [165.863445629502, 42.63728881203761], [165.830554653175, 42.763035905301194], [165.791778390094, 42.8878533568508], [165.747164083162, 43.0115890958484], [165.696766088038, 43.13409236935609], [165.64064580691797, 43.2552139260052], [165.578871613718, 43.37480619783639], [165.511518770779, 43.49272348008819], [165.438669337163, 43.60882210871589], [165.360412068685, 43.72296063542419], [165.276842309771, 43.834999999999994], [165.188061877299, 43.94480369973589], [165.094178936552, 44.0522379557376], [164.99530786943, 44.15717187591341], [164.891569135099, 44.25947761444522], [164.783089123228, 44.359030527549606], [164.67, 44.455709325337], [164.55243954709198, 44.54939621958451], [164.430550993808, 44.639977067242896], [164.304482842573, 44.727341509502004], [164.174388688011, 44.8113831062467], [164.04042702980996, 44.89199946573671], [163.902761079615, 44.96909236935609], [163.761558562181, 45.04256789127701], [163.616991511024, 45.1123365128941], [163.469236058828, 45.17831323188889], [163.31847222285, 45.24041766579231], [163.164883685602, 45.298574149917904], [163.008657571059, 45.352711829548305], [162.849984216674, 45.4027647462601], [162.68905694149, 45.44867191828429], [162.526071810602, 45.490377414803206], [162.36122739628703, 45.5278304240936], [162.194724536069, 45.560985315432916], [162.026766088038, 45.589801694693115], [161.85755668369, 45.61424445355479], [161.68730247861902, 45.63428381228161], [161.51621090134904, 45.64989535600161], [161.344490400611, 45.66106006445361], [161.172350191386, 45.667764335160115], [161.0, 45.669999999999995], [160.82764980861404, 45.667764335160115], [160.65550959938903, 45.66106006445361], [160.48378909865102, 45.64989535600161], [160.31269752138104, 45.63428381228161], [160.14244331631002, 45.61424445355479], [159.97323391196207, 45.589801694693115], [159.80527546393105, 45.560985315432916], [159.63877260371302, 45.5278304240936], [159.47392818939804, 45.490377414803206], [159.31094305851002, 45.44867191828429], [159.15001578332604, 45.4027647462601], [158.99134242894107, 45.352711829548305], [151.57103185320904, 42.99308533883479], [151.43131507200204, 42.94758764669571], [151.29375316093504, 42.89837693845399], [144.78969845793702, 40.54758764669571], [144.65667739528104, 40.498376938453994], [144.52590213727603, 40.4455131697774], [144.39753201343103, 40.38906074702489], [144.27172342296703, 40.32908844877781], [144.14862964427203, 40.2656693420436], [144.02840064815504, 40.198880693234806], [143.91118291512802, 40.128803874031995], [139.24848299208202, 37.16639629308101], [139.14928082446204, 37.100431462686295], [139.05294264605604, 37.0316639109086], [138.95958583009602, 36.960177420417], [135.99054797130404, 34.65576909676331], [135.894810758269, 34.58030716707349], [135.80224756702702, 34.50206703435501], [135.71297117156703, 34.421144022157605], [135.62709034142603, 34.33763672270631], [135.54470970916603, 34.2516468767823], [135.46592964289704, 34.16327924976709], [135.39084612399702, 34.0726415040023], [135.31955063016503, 33.979844067619304], [135.25213002398002, 33.88499999999999], [135.18866644706503, 33.78822485403131], [135.12923722001202, 33.6896365353214], [135.07391474818104, 33.589355158550305], [134.03075974021704, 31.662406145688404], [133.97382101178204, 31.556873441300908], [133.92117838927803, 31.44968759563549], [133.87289600963103, 31.34097919813439], [133.82903269748402, 31.23088069323479], [133.78964189352604, 31.119526219005508], [133.75477158938403, 31.007051443720496], [133.72446426915204, 30.893593400568005], [133.69875685763103, 30.779290320696898], [133.67768067534303, 30.664281464802805], [133.66126140036803, 30.548706953460904], [133.64951903706503, 30.432707596410395], [133.64246789169502, 30.3164247209995], [133.64011655499002, 30.200000000000006], [133.64246789169502, 30.083575279000513], [133.66643790329547, 29.448394385980766], [133.64797909129604, 29.3878533568508], [133.61518912983001, 29.2630359053012], [133.58737588119206, 29.137288812037593], [133.56457323154206, 29.010765280523408], [133.54680896239503, 28.883619460192293], [133.53410471677802, 28.756006258640895], [133.52647597285602, 28.6280811528982], [133.52393202507906, 28.499999999999996], [133.52647597285602, 28.371918847101817], [133.53410471677802, 28.243993741359123], [133.54680896239503, 28.116380539807725], [133.56457323154206, 27.989234719476638], [133.58737588119206, 27.86271118796243], [133.61518912983001, 27.73696409469882], [133.64797909129604, 27.612146643149217], [133.68570581607403, 27.488410904151618], [133.72832333996004, 27.365907630643928], [133.77577974006704, 27.244786073994817], [133.82801719808003, 27.125193802163626], [133.88497207070404, 27.007276519911827], [133.94657496720103, 26.891177891284123], [134.01275083392804, 26.777039364575828], [134.08341904578802, 26.66500000000002], [134.15849350444904, 26.555196300264125], [134.23788274324704, 26.447762044262415], [134.76044163674504, 25.747762044262437], [134.84350415332605, 25.64282812408663], [134.93065604306804, 25.540522385554826], [135.02179112481704, 25.440969472450433], [135.11679836451503, 25.34429067466302], [135.21556201047503, 25.25060378041553], [135.31796173440802, 25.16002293275722], [135.94354318048366, 24.616502239712325], [136.30903927552004, 24.14776204426243], [136.39092819893804, 24.04282812408662], [136.47684871662304, 23.940522385554814], [136.56669614765804, 23.84096947245042], [136.66036102678902, 23.744290674663038], [136.75772923778803, 23.650603780415523], [136.85868215248902, 23.560022932757235], [136.96309677531502, 23.472658490498027], [137.07084589313303, 23.388616893753436], [137.18179823024101, 23.30800053426332], [137.29581860830504, 23.230907630643916], [137.41276811106002, 23.15743210872302], [137.53250425355003, 23.087663487105928], [137.65488115573004, 23.021686768111138], [137.77974972019504, 22.959582334207724], [137.90695781383502, 22.901425850082124], [138.03635045318103, 22.847288170451726], [138.16776999323503, 22.797235253739935], [138.30105631952904, 22.751328081715737], [138.43604704320802, 22.709622585196822], [138.57257769886803, 22.67216957590643], [138.71048194493503, 22.63901468456712], [138.75399409119032, 22.630001212359705], [138.96970032295602, 22.46068747175253], [139.08492108136602, 22.376402738411038], [139.20332791061702, 22.29580179258334], [139.32477655022603, 22.218982834106317], [139.44911903373304, 22.14603945504782], [139.57620386897702, 22.077060525679123], [139.70587622266004, 22.012130086200322], [139.83797810899404, 21.95132724435012], [139.97234858218002, 21.894726079025318], [140.10882393249503, 21.842395550027213], [140.24723788574602, 21.79439941404453], [140.38742180585206, 21.750796146975517], [140.52920490030104, 21.71163887268472], [140.67241442823104, 21.67697529827904], [140.81687591089303, 21.646847655984438], [140.96241334422302, 21.62129265169222], [141.10884941327703, 21.600341420238614], [141.25600570826103, 21.584019487471934], [141.40370294189702, 21.572346739153126], [141.55176116785702, 21.565337396727713], [141.70000000000002, 21.563000000000024], [141.848238832143, 21.565337396727713], [141.996297058103, 21.572346739153126], [142.02070324660676, 21.57427559921922], [142.33763984523503, 21.41722559018543], [142.48088664797902, 21.351130032886218], [142.62659342932102, 21.289601896172734], [142.77458266799403, 21.232716142601923], [142.92467406190502, 21.18054207870203], [143.07668474781204, 21.133143270532926], [143.23042952410904, 21.090577466241342], [143.38572107646803, 21.052896525702817], [143.54237020605404, 21.020146357339335], [143.70018606003202, 20.99236686218613], [143.85897636409504, 20.969591885278916], [144.01854765671501, 20.951849174418918], [144.17870552485402, 20.93916034636634], [144.33925484081902, 20.93154086050344], [144.5, 20.92900000000004], [144.660745159181, 20.93154086050344], [144.821294475146, 20.93916034636634], [144.981452343285, 20.951849174418918], [145.141023635905, 20.969591885278916], [145.299813939968, 20.99236686218613], [145.457629793946, 21.020146357339335], [145.614278923532, 21.052896525702817], [145.769570475891, 21.090577466241342], [145.923315252188, 21.133143270532926], [146.075325938095, 21.18054207870203], [146.225417332006, 21.232716142601923], [146.373406570679, 21.289601896172734], [146.519113352021, 21.351130032886218], [146.662360154765, 21.41722559018543], [146.802972454746, 21.48780804081514], [146.940778937537, 21.56279139093153], [147.02960514522428, 21.615028596210358], [147.06975130118377, 21.604208334638543], [147.72030423531166, 20.92810678219575], [147.7446490667754, 19.52813403774666], [147.30206345671203, 18.6176550809757], [147.26626446050102, 18.537265696726603], [147.233430596157, 18.455734398600796], [147.203601866686, 18.3731605199261], [147.1768146138, 18.289644664254098], [147.15310147363903, 18.20528858279039], [147.132491337014, 18.12019505042599], [147.11500931420002, 18.034467740522693], [147.100676704349, 17.94821109860211], [147.08951096953902, 17.8615302150957], [147.08152571349703, 17.7745306973078], [147.07673066502903, 17.6873185407497], [147.075131666162, 17.60000000000001], [147.07673066502903, 17.512681459250317], [147.08152571349703, 17.425469302692218], [147.08951096953902, 17.338469784904316], [147.100676704349, 17.251788901397926], [147.25985895680802, 16.19813354401761], [147.272211043844, 16.123357102640412], [147.28727734855903, 16.049039542616317], [147.30503951498002, 15.975271408444314], [147.32547590264502, 15.90214257523291], [147.34856161296304, 15.82974213920071], [147.374268519551, 15.758158309126614], [147.40256530250502, 15.68747829888091], [147.43341748655303, 15.617788221168622], [147.46678748306002, 15.549172982614522], [147.50263463582704, 15.48171618031741], [147.54091527062002, 15.415500000000023], [147.58158274838203, 15.35060511587821], [147.62458752205504, 15.287110592372024], [147.669877196947, 15.22509378777761], [147.717396594566, 15.16463026001862], [147.767087819846, 15.10579367458991], [147.81889033168304, 15.048655714807618], [147.872741016695, 14.993285994474414], [147.92857426611803, 14.939751973065517], [147.986322055739, 14.888118873539508], [148.04591402877003, 14.838449602874912], [148.10727758157302, 14.790804675427015], [148.17033795211, 14.745242139200709], [148.235018311033, 14.701817505128115], [148.30123985529002, 14.66058367943672], [148.36892190412703, 14.621590899191617], [148.437981997395, 14.584886671089011], [148.50833599600801, 14.550515713577116], [148.57989818445603, 14.51851990237321], [148.65258137523503, 14.48893821944462], [148.726297015074, 14.461806705515409], [148.80095529282, 14.437158416155818], [148.87646524886202, 14.415023381509808], [148.95273488595004, 14.39542856970741], [149.02967128128003, 14.378397854008412], [149.10718069970503, 14.363951983716518], [149.18516870793903, 14.35210855889951], [149.26354028960503, 14.342882008946209], [149.342199961005, 14.336283574986414], [149.42105188744603, 14.332321296195612], [149.5, 14.331000000000023]]]}}, {"type": "Feature", "id": "TC100132219Orange", "properties": {"description": "Tropical Cyclone DUJUAN-26", "name": "Tropical Cyclone DUJUAN-26", "htmldescription": "Green Tropical Cylone DUJUAN-26 in Japan from: 15 Sep 2026 12:00:00 to:20 Sep 2026 00:00:00.", "link": "https://www.gdacs.org/report.aspx?eventtype=TC&eventid=1001322&episodeid=19", "featureIndex": "788", "iconeventlink": "https://www.gdacs.org/images/gdacs_icons/maps/Green/TC.png", "iconitemlink": "https://www.gdacs.org/images/gdacs_icons/maps/Green/TC.png", "alertlevel": "Green", "eventtype": "TC", "eventname": "DUJUAN-26", "polygonlabel": "90 km/h", "polygontype": "Orange", "fromdate": "15 Sep 2026 12:00:00", "todate": "20 Sep 2026 00:00:00", "country": "Japan", "countrylist": "Japan", "iso3": "JPN", "severity": "129.6288", "latitude": "28.7", "longitude": "137.5", "imageoverview": "https://www.gdacs.org/contentdata/resources/imgtemp/gdacs/tc/1001322/clouds_1001322_19.png", "Class": "Poly_Orange"}, "geometry": {"type": "Polygon", "coordinates": [[[150.4, 18.500000000000004], [150.418455214738, 18.500304586490504], [150.436887944639, 18.501217974870105], [150.455275732262, 18.502739052315903], [150.47359617492, 18.504865965629204], [150.491826951975, 18.507596123493904], [150.509945852035, 18.510926199633104], [150.527930800009, 18.514852136862004], [150.54575988401, 18.519369152030805], [150.563411382045, 18.524471741852402], [150.580863788482, 18.530153689607005], [150.598095840253, 18.536408072716604], [150.615086542757, 18.543227271178704], [150.63181519544, 18.550602976850403], [150.648261417016, 18.558526203570505], [150.664405170297, 18.566987298107804], [150.680226786606, 18.575975951921805], [150.695706989742, 18.585481213722503], [150.710826919461, 18.595491502812504], [150.725568154457, 18.605994623196604], [150.739912734808, 18.616977778440503], [150.75384318385, 18.628427587261303], [150.767342529478, 18.640330099830702], [150.780394324819, 18.652670814770502], [150.792982668271, 18.665434696820604], [150.805092222875, 18.678606195156704], [150.816708235006, 18.692169262337202], [150.827816552341, 18.706107373853804], [150.838403641108, 18.720403548264603], [150.848456602568, 18.735040367883403], [150.857963188738, 18.750000000000004], [150.866911817306, 18.765264218607104], [150.875291585747, 18.780814426605502], [150.883092284603, 18.796631678462102], [150.890304409926, 18.812696703292005], [150.896919174851, 18.828989928337204], [150.902928520306, 18.845491502812504], [150.908325124828, 18.862181322091505], [150.913102413488, 18.879039052200202], [150.917254565895, 18.896044154591102], [150.920776523289, 18.913175911166505], [150.92366399471, 18.930413449520003], [150.925913462217, 18.947735768366204], [150.927522185182, 18.965121763127904], [150.928488203622, 18.982550251648803], [150.928810340593, 19.0], [150.93888819056, 21.9], [150.938559914435, 21.9174497483512], [150.937575486013, 21.9348782368721], [150.935936104668, 21.9522642316338], [150.933643767734, 21.96958655048], [150.930701268071, 21.9868240888335], [150.927112190661, 22.0039558454089], [150.922880908241, 22.0209609477998], [150.918012575979, 22.0378186779085], [150.912513125187, 22.0545084971875], [150.906389256098, 22.0710100716628], [150.899648429704, 22.087303296708], [150.892298858664, 22.1033683215379], [150.884349497297, 22.1191855733945], [150.875810030675, 22.1347357813929], [150.866690862825, 22.15], [150.857003104046, 22.1649596321166], [150.846758557381, 22.1795964517354], [150.835969704231, 22.1938926261462], [150.824649689153, 22.2078307376628], [150.812812303841, 22.2213938048433], [150.800471970326, 22.2345653031794], [149.018621973206, 24.1213938048433], [149.00610796934, 24.1345653031794], [148.99309918547, 24.1473291852295], [148.979611470794, 24.1596699001693], [146.895935102864, 26.0394695469952], [146.863010688609, 26.067250011332096], [146.829034828766, 26.0939738651198], [146.794048917688, 26.119608549458995], [146.758095580317, 26.144122832435603], [146.721218620257, 26.1674868471717], [145.736244219071, 26.759733220255196], [145.671527075749, 26.7977922885052], [145.605382607145, 26.833782858376402], [144.012768988739, 27.633782858376396], [143.944826792326, 27.667661080903603], [143.875611635409, 27.699385680690906], [143.805207845997, 27.728918006200498], [143.733701200261, 27.756222076842707], [143.661178818034, 27.7812646268134], [143.587729056667, 27.804015145622902], [143.513441403382, 27.8244459152685], [143.43840636624, 27.842532044004496], [143.362715363876, 27.858251496669094], [143.286460614118, 27.871585121530394], [143.20973502163, 27.8825166736206], [143.13263206473, 27.891032834527298], [143.055245681492, 27.897123228620202], [142.977670155306, 27.900780435692194], [142.9, 27.902], [142.82232984469402, 27.900780435692194], [142.74475431850803, 27.897123228620202], [142.66736793527002, 27.891032834527298], [142.59026497837, 27.8825166736206], [142.513539385882, 27.871585121530394], [142.43728463612402, 27.858251496669094], [142.36159363376004, 27.842532044004496], [142.286558596618, 27.8244459152685], [142.21227094333304, 27.804015145622902], [142.138821181966, 27.7812646268134], [142.06629879973903, 27.756222076842707], [141.99479215400302, 27.728918006200498], [141.92438836459104, 27.699385680690906], [141.85517320767403, 27.667661080903603], [141.8053306077124, 27.642807914800883], [141.791265132843, 27.651644789543898], [141.734137616358, 27.6849322163699], [141.675750162484, 27.716410482026596], [141.61617390734, 27.74604123509601], [141.555481435416, 27.773788375069806], [141.493746691139, 27.799618096332203], [141.431044888786, 27.823498929346407], [141.367452420846, 27.8454017789961], [141.303046764943, 27.865299960032804], [141.23790638945, 27.883169229588], [141.17211065788, 27.8989878167093], [141.105739732196, 27.912736448884896], [141.038874475147, 27.924398375524397], [140.97159635175, 27.933959388366507], [140.903987330035, 27.941407838789797], [140.83612978118, 27.946734652004995], [140.768106379156, 27.949933338110405], [140.7, 27.951], [140.631893620844, 27.949933338110405], [140.56387021882003, 27.946734652004995], [140.49601266996504, 27.941407838789797], [140.42840364825, 27.933959388366507], [140.361125524853, 27.924398375524397], [140.294260267804, 27.912736448884896], [140.22788934212, 27.8989878167093], [140.16209361055002, 27.883169229588], [140.09695323505701, 27.865299960032804], [140.032547579154, 27.8454017789961], [139.96895511121403, 27.823498929346407], [139.90625330886104, 27.799618096332203], [139.844518564584, 27.773788375069806], [139.78382609266, 27.74604123509601], [139.72424983751603, 27.716410482026596], [139.66586238364204, 27.6849322163699], [139.65939377171912, 27.681163044186327], [138.94402368748266, 28.320522078554394], [138.504800113703, 28.941952666370497], [138.486759071426, 28.966366881494597], [138.467759484411, 28.9902129004119], [138.447824500728, 29.0134616704216], [138.426978408085, 29.0360848664786], [138.405246604235, 29.0580549257033], [138.382655566032, 29.0793450809628], [138.359232817176, 29.099929393482405], [138.33500689468, 29.1197827844481], [138.310007314098, 29.1388810655612], [138.284264533569, 29.157200968508], [138.26397380905468, 29.170638220694862], [138.27052376064682, 30.038204849982993], [139.28785219795685, 31.7662886549853], [142.32871909794312, 33.847976508644976], [147.3161535488822, 36.331413257212546], [153.79483123399694, 38.8234081298834], [161.537092493384, 40.90337871154281], [161.588264735929, 40.91797644172061], [161.638720268508, 40.933892450931104], [161.688397618828, 40.951107347968914], [161.737236262688, 40.969600159133606], [161.785176697725, 40.989348353783605], [161.832160515903, 41.01032787178541], [161.878130474677, 41.03251315282831], [161.923030566733, 41.055877167564404], [161.966806088226, 41.08039145054101], [162.009403705425, 41.10602613488021], [162.050771519696, 41.13274998866791], [162.090859130728, 41.16053045300481], [162.129617697945, 41.189333681674306], [162.167, 41.219124582379216], [162.202960492318, 41.24986685949581], [162.237455362578, 41.281523058295015], [162.270442584094, 41.31405461057471], [162.301881967018, 41.347421881649616], [162.331735207305, 41.38158421863991], [162.359965933379, 41.416500000000006], [162.386539750451, 41.452126686228915], [162.411424282417, 41.48842087169711], [162.434589211308, 41.52533833753051], [162.456006314226, 41.56283410548361], [162.475649497731, 41.60086249273891], [162.49349482963, 41.639377167564405], [162.509520568133, 41.678331205761616], [162.523707188349, 41.717677147835204], [162.536037406064, 41.75736705681572], [162.546496198809, 41.79735257666271], [162.555070824155, 41.837584991179604], [162.561750835242, 41.878015283366715], [162.566528093505, 41.91859419514061], [162.569396778592, 41.959272287348206], [162.570353395451, 42.00000000000001], [162.569396778592, 42.0407277126518], [162.566528093505, 42.08140580485939], [162.561750835242, 42.1219847166333], [162.555070824155, 42.1624150088204], [162.546496198809, 42.2026474233373], [162.536037406064, 42.2426329431843], [162.523707188349, 42.2823228521648], [162.509520568133, 42.3216687942384], [162.49349482963, 42.3606228324356], [162.475649497731, 42.3991375072611], [162.456006314226, 42.43716589451639], [162.434589211308, 42.4746616624695], [162.411424282417, 42.5115791283029], [162.386539750451, 42.5478733137711], [162.359965933379, 42.5835], [162.331735207305, 42.618415781360106], [162.301881967018, 42.6525781183504], [162.270442584094, 42.68594538942529], [162.237455362578, 42.718476941705], [162.202960492318, 42.7501331405042], [162.167, 42.7808754176208], [162.129617697945, 42.810666318325694], [162.090859130728, 42.8394695469952], [162.050771519696, 42.8672500113321], [162.009403705425, 42.8939738651198], [161.966806088226, 42.919608549459], [161.923030566733, 42.9441228324356], [161.878130474677, 42.9674868471717], [161.832160515903, 42.9896721282146], [161.785176697725, 43.0106516462164], [161.737236262688, 43.0303998408664], [161.688397618828, 43.0488926520311], [161.638720268508, 43.0661075490689], [161.588264735929, 43.0820235582794], [161.537092493384, 43.0966212884572], [161.485265886369, 43.1098829545164], [161.43284805762, 43.12179239916], [161.379902870189, 43.1323351125641], [161.32649482963, 43.1414982500564], [161.272689005413, 43.1492706477652], [161.218550951648, 43.1556428362214], [161.164146627214, 43.1606070518948], [161.109542315399, 43.1641572466532], [161.054804543146, 43.1662890951313], [161.0, 43.167], [160.945195456854, 43.1662890951313], [160.890457684601, 43.1641572466532], [160.835853372786, 43.1606070518948], [160.781449048352, 43.1556428362214], [160.727310994587, 43.1492706477652], [160.67350517037, 43.1414982500564], [160.620097129811, 43.1323351125641], [160.56715194238, 43.12179239916], [160.51473411363102, 43.1098829545164], [160.462907506616, 43.0966212884572], [152.67972414242703, 40.9966212884572], [152.630154128506, 40.9820235582794], [152.581278384001, 40.9661075490689], [145.870110176339, 38.736863261992106], [145.816084455302, 38.7186696404952], [145.762891980007, 38.6989912577631], [145.710597557292, 38.6778520888738], [145.659264899855, 38.6552778886484], [145.60895654863202, 38.63129616027269], [145.55973379660003, 38.6059361217884], [145.5116566141, 38.57922867049619], [140.664651951441, 35.7441228324356], [140.625034849071, 35.719608549459], [140.586483756959, 35.6939738651198], [140.54904564367203, 35.667250011332094], [140.512766121786, 35.6394695469952], [140.477689392308, 35.6106663183256], [140.443858190831, 35.5808754176208], [140.41131373546202, 35.5501331405042], [140.380095676608, 35.518476941705], [137.744161938407, 32.8360848664786], [137.722488295724, 32.8134616704216], [137.701761931286, 32.7902129004119], [137.682008096976, 32.7663668814946], [137.663250859797, 32.7419526663705], [137.645513072555, 32.717], [137.62881634601, 32.6915392833634], [137.613181022552, 32.6656015364221], [137.598626151414, 32.6392183603252], [137.585169465465, 32.6124218989089], [137.572827359603, 32.5852447995336], [137.561614870783, 32.5577201733087], [136.766026621469, 30.406114335248102], [136.758150822237, 30.3838501163299], [136.751178851954, 30.361361904365], [136.745119204893, 30.3386770977754], [136.739979263801, 30.3158233345038], [136.735765290903, 30.2928284583404], [136.732482420278, 30.269720484999503], [136.730134651596, 30.2465275679873], [136.728724845252, 30.2232779643006], [136.728254718879, 30.2], [136.739579413786, 28.700000000000006], [136.740042641462, 28.676722035699406], [136.751575193832, 28.470893819750106], [136.753308810298, 28.441823100897405], [136.756195824152, 28.412823261634802], [136.760232718012, 28.38392963379931], [136.765414573546, 28.355177419825804], [136.77173507746, 28.326601649858002], [136.779186529194, 28.298237139069904], [136.787759850301, 28.270118445248606], [136.797444595511, 28.242279826691306], [136.808228965454, 28.214755200466406], [136.820099821035, 28.187578101091102], [136.833042699446, 28.160781639674802], [136.847041831783, 28.134398463577906], [136.862080162261, 28.108460716636607], [136.878139368988, 28.083000000000006], [136.895199886297, 28.058047333629503], [137.400443902807, 27.358047333629507], [137.418367391021, 27.333633118505407], [137.437243178167, 27.309787099588107], [137.457048267008, 27.286538329578402], [137.477758528092, 27.263915133521408], [137.499348729157, 27.241945074296705], [137.521792565868, 27.220654919037205], [137.545062693868, 27.200070606517603], [138.37510547656268, 26.466106578571182], [138.7694968137762, 25.944947902730863], [138.77814734996502, 25.895942040905215], [138.79114463930102, 25.835946629378117], [138.80646757485704, 25.77639476080501], [138.824097487997, 25.717358989964417], [138.84401289938702, 25.658911242849516], [138.866189545166, 25.601122729036806], [138.890600406508, 25.544063854928716], [138.917215742537, 25.487804137974308], [138.94600312656803, 25.432412121972312], [138.97692748560604, 25.377955293561907], [139.00995114308404, 25.324500000000015], [139.045033864762, 25.272111368327707], [139.082132907748, 25.220853226022715], [139.12120307257203, 25.170788023235914], [139.162196758258, 25.12197675670481], [139.205064020313, 25.074478895438915], [139.24975263158203, 25.02835230826561], [139.296208145876, 24.983653193326315], [140.238761250612, 24.125301890207712], [140.288898142403, 24.080011466378608], [140.34075424444404, 24.036329245249018], [140.39426637806204, 23.99430844687671], [140.449369346966, 23.95400026713172], [140.50599601667503, 23.915453815322014], [140.56407739631604, 23.878716054361515], [140.62354272267402, 23.843831743553007], [140.684319546409, 23.810843384055612], [140.74633382032303, 23.77979116710392], [140.809509989576, 23.750712925041015], [140.873771083738, 23.723644085225814], [140.93903881056204, 23.69861762686992], [141.00523365138, 23.67566404085791], [141.072274957972, 23.654811292598414], [141.140081050834, 23.63608478795322], [141.20856931868803, 23.619507342283512], [141.277656319127, 23.605099152653516], [141.347257880284, 23.59287777322261], [141.417289203378, 23.582858093859212], [141.48766496603, 23.575052321999216], [141.558299426213, 23.569469967773216], [141.629106526718, 23.566117832420016], [141.7, 23.56500000000001], [141.770893473282, 23.566117832420016], [141.841700573787, 23.569469967773216], [141.91233503397, 23.575052321999216], [141.982710796622, 23.582858093859212], [142.052742119716, 23.59287777322261], [142.122343680873, 23.605099152653516], [142.191430681312, 23.619507342283512], [142.259918949166, 23.63608478795322], [142.64338739239318, 23.739932758383407], [143.46210859989503, 23.332338919096408], [143.53086431773002, 23.30061431930912], [143.600800778111, 23.271081993799513], [143.67183277423302, 23.243777923157317], [143.743873764549, 23.21873537318661], [143.816835978211, 23.19598485437711], [143.890630522001, 23.17555408473151], [143.96516748863303, 23.157467955995514], [144.04035606629603, 23.141748503330916], [144.11610464928904, 23.128414878469616], [144.192320949633, 23.11748332637941], [144.268912109505, 23.108967165472713], [144.34578481437504, 23.102876771379808], [144.422845406694, 23.099219564307816], [144.5, 23.098000000000006], [144.577154593306, 23.099219564307816], [144.654215185625, 23.102876771379808], [144.731087890495, 23.108967165472713], [144.807679050367, 23.11748332637941], [144.883895350711, 23.128414878469616], [144.959643933704, 23.141748503330916], [145.034832511367, 23.157467955995514], [145.109369477999, 23.17555408473151], [145.183164021789, 23.19598485437711], [145.256126235451, 23.21873537318661], [145.328167225767, 23.243777923157317], [145.399199221889, 23.271081993799513], [145.46913568227, 23.30061431930912], [145.537891400105, 23.332338919096408], [145.605382607145, 23.366217141623615], [145.671527075749, 23.402207711494817], [145.736244219071, 23.440266779744807], [145.799455189241, 23.480347977261413], [145.861082973428, 23.52240247127931], [145.921052487671, 23.56637902487581], [145.979290668355, 23.612224059394308], [146.3250094291177, 23.894099908822557], [148.29232564965486, 23.361856857105195], [149.8617707225106, 21.71039131252463], [149.871189659407, 19.0], [149.871511796378, 18.982550251648803], [149.872477814818, 18.965121763127904], [149.874086537783, 18.947735768366204], [149.87633600529, 18.930413449520003], [149.879223476711, 18.913175911166505], [149.882745434105, 18.896044154591102], [149.886897586512, 18.879039052200202], [149.891674875172, 18.862181322091505], [149.897071479694, 18.845491502812504], [149.903080825149, 18.828989928337204], [149.909695590074, 18.812696703292005], [149.916907715397, 18.796631678462102], [149.924708414253, 18.780814426605502], [149.933088182694, 18.765264218607104], [149.942036811262, 18.750000000000004], [149.951543397432, 18.735040367883403], [149.961596358893, 18.720403548264603], [149.972183447659, 18.706107373853804], [149.983291764994, 18.692169262337202], [149.994907777125, 18.678606195156704], [150.007017331729, 18.665434696820604], [150.019605675181, 18.652670814770502], [150.032657470522, 18.640330099830702], [150.04615681615, 18.628427587261303], [150.060087265192, 18.616977778440503], [150.074431845543, 18.605994623196604], [150.089173080539, 18.595491502812504], [150.104293010258, 18.585481213722503], [150.119773213394, 18.575975951921805], [150.135594829703, 18.566987298107804], [150.151738582984, 18.558526203570505], [150.16818480456, 18.550602976850403], [150.184913457243, 18.543227271178704], [150.201904159747, 18.536408072716604], [150.219136211518, 18.530153689607005], [150.236588617955, 18.524471741852402], [150.25424011599, 18.519369152030805], [150.272069199991, 18.514852136862004], [150.290054147965, 18.510926199633104], [150.308173048025, 18.507596123493904], [150.32640382508, 18.504865965629204], [150.344724267738, 18.502739052315903], [150.363112055361, 18.501217974870105], [150.381544785262, 18.500304586490504], [150.4, 18.500000000000004]]]}}, {"type": "Feature", "id": "TC100132219Red", "properties": {"description": "Tropical Cyclone DUJUAN-26", "name": "Tropical Cyclone DUJUAN-26", "htmldescription": "Green Tropical Cylone DUJUAN-26 in Japan from: 15 Sep 2026 12:00:00 to:20 Sep 2026 00:00:00.", "link": "https://www.gdacs.org/report.aspx?eventtype=TC&eventid=1001322&episodeid=19", "featureIndex": "789", "iconeventlink": "https://www.gdacs.org/images/gdacs_icons/maps/Green/TC.png", "iconitemlink": "https://www.gdacs.org/images/gdacs_icons/maps/Green/TC.png", "alertlevel": "Green", "eventtype": "TC", "eventname": "DUJUAN-26", "polygonlabel": "120 km/h", "polygontype": "Red", "fromdate": "15 Sep 2026 12:00:00", "todate": "20 Sep 2026 00:00:00", "country": "Japan", "countrylist": "Japan", "iso3": "JPN", "severity": "129.6288", "latitude": "28.7", "longitude": "137.5", "imageoverview": "https://www.gdacs.org/contentdata/resources/imgtemp/gdacs/tc/1001322/clouds_1001322_19.png", "Class": "Poly_Red"}, "geometry": {"type": "MultiPolygon", "coordinates": [[[[138.5, 31.967], [138.513749032483, 31.9672028546026], [138.527481313889, 31.967811171263502], [138.541180113546, 31.9688242088424], [138.554828741578, 31.970240733109105], [138.568410569235, 31.9720590182469], [138.58190904915, 31.974276848955604], [138.595307735507, 31.976891523150105], [138.608590304069, 31.979899855252505], [138.621740572072, 31.983298180073703], [138.634742517941, 31.987082357278304], [138.647580300807, 31.991247776429304], [138.66023827981, 31.995789362605002], [138.672701033151, 32.0007015825824], [138.684953376887, 32.005978451578], [138.696980383422, 32.0116135405398], [138.708767399703, 32.0175999839799], [138.720300065065, 32.0239304883392], [138.731564328733, 32.0305973408731], [138.742546466936, 32.037592419049], [138.75323309963, 32.0449072004414], [138.7636112068, 32.052532773116], [141.86795881757578, 34.39859374951733], [146.90499765933393, 36.91411401553783], [153.526279060284, 39.386788599563204], [153.549427058459, 39.3958369244776], [153.572149333588, 39.4054994944391], [153.59441820208, 39.4157645370947], [153.616206532748, 39.42661954607111], [153.637487779867, 39.43805129621191], [153.658236015516, 39.4500458596906], [153.678425961167, 39.462588622979105], [153.69803301848, 39.4756643046524], [153.717033299275, 39.48925697400661], [153.735403654639, 39.5033500704679], [153.753121703122, 39.517926423769104], [153.770165858011, 39.532968274869006], [153.78651535363, 39.54845729758901], [153.802150270636, 39.56437462094101], [153.817051560292, 39.580700852118206], [153.83120106767, 39.59741610012281], [153.844581553777, 39.61450000000001], [153.857176716551, 39.63193173764931], [153.868971210726, 39.64969007518341], [153.879950666528, 39.66775337680371], [153.890101707181, 39.68609963515951], [153.899411965206, 39.704706498161], [153.907870097488, 39.72355129621191], [153.915465799094, 39.7426110698285], [153.922189815834, 39.7618625976126], [153.928033955528, 39.7812824245431], [153.932991097992, 39.8008468905522], [153.937055203711, 39.8205321593518], [153.9402213212, 39.8403142474742], [153.942485593031, 39.86016905349211], [153.943845260538, 39.88007238738291], [153.944298667176, 39.9], [153.943845260538, 39.9199276126171], [153.942485593031, 39.9398309465079], [153.9402213212, 39.9596857525258], [153.937055203711, 39.9794678406482], [153.932991097992, 39.9991531094478], [153.928033955528, 40.0187175754569], [153.922189815834, 40.0381374023874], [153.915465799094, 40.0573889301715], [153.907870097488, 40.0764487037881], [153.899411965206, 40.095293501839], [153.890101707181, 40.1139003648405], [153.879950666528, 40.1322466231963], [153.868971210726, 40.1503099248166], [153.857176716551, 40.1680682623507], [153.844581553777, 40.1855], [153.83120106767, 40.2025838998772], [153.817051560292, 40.2192991478818], [153.802150270636, 40.235625379059], [153.78651535363, 40.251542702411], [153.770165858011, 40.267031725131], [153.753121703122, 40.2820735762309], [153.735403654639, 40.2966499295321], [153.717033299275, 40.3107430259934], [153.69803301848, 40.3243356953476], [153.678425961167, 40.3374113770209], [153.658236015516, 40.3499541403094], [153.637487779867, 40.3619487037881], [153.616206532748, 40.3733804539289], [153.59441820208, 40.3842354629053], [153.572149333588, 40.3945005055609], [153.549427058459, 40.4041630755224], [153.526279060284, 40.4132114004368], [153.502733541333, 40.4216344563139], [153.478819188195, 40.4294219809576], [153.454565136825, 40.4365644864688], [153.430000937048, 40.4430532708045], [153.405156516558, 40.4488804283808], [153.380062144456, 40.4540388597036], [153.354748394366, 40.458522280019], [153.329246107195, 40.46232522697], [153.303586353551, 40.4654430672514], [153.277800395892, 40.4678720022553], [153.251919650435, 40.4696090726984], [153.225975648881, 40.4706521622279], [153.2, 40.471], [153.174024351119, 40.4706521622279], [153.148080349565, 40.4696090726984], [153.122199604108, 40.4678720022553], [153.096413646449, 40.4654430672514], [153.070753892805, 40.46232522697], [153.045251605634, 40.458522280019], [153.019937855544, 40.4540388597036], [152.994843483441, 40.4488804283808], [152.969999062952, 40.4430532708045], [152.945434863175, 40.4365644864688], [152.921180811805, 40.4294219809576], [152.897266458667, 40.4216344563139], [146.158042227651, 38.1093348202476], [146.131445990004, 38.0994956288815], [146.105298778646, 38.0889260444369], [146.079632449928, 38.0776389443242], [146.054478274316, 38.0656480801363], [146.0298668983, 38.0529680608942], [146.00582830705, 38.0396143352481], [141.142095951774, 35.2045084971875], [141.125122043304, 35.1940053768034], [141.108604865878, 35.1830222215595], [141.092564543133, 35.1715724127387], [141.077020617732, 35.1596699001693], [141.061992027553, 35.1473291852295], [141.047497082618, 35.1345653031794], [138.207230094679, 32.5228204919175], [138.198208543752, 32.5140482740256], [138.189554679228, 32.5050152712834], [138.181279044506, 32.4957324890134], [138.173391722174, 32.4862112368558], [138.165902321718, 32.4764631149897], [138.158819967819, 32.4665], [138.152153289234, 32.4563340304077], [138.145910408285, 32.4459775918808], [138.14009893096, 32.4354433021442], [138.13472593765, 32.4247439956075], [138.129797974518, 32.4138927077274], [138.125321045528, 32.4029026591269], [138.12130060513, 32.3917872394871], [138.117741551611, 32.3805599912347], [138.114648221128, 32.3692345930423], [138.112024382429, 32.3578248431631], [138.109873232258, 32.3463446426197], [138.108197391458, 32.3348079782681], [138.106998901784, 32.3232289057568], [138.106279223411, 32.3116215324019], [138.106039233156, 32.3], [138.106279223411, 32.2883784675981], [138.106998901784, 32.2767710942432], [138.108197391458, 32.2651920217319], [138.109873232258, 32.2536553573803], [138.112024382429, 32.2421751568369], [138.114648221128, 32.2307654069577], [138.117741551611, 32.2194400087653], [138.12130060513, 32.2082127605129], [138.125321045528, 32.1970973408731], [138.129797974518, 32.1861072922726], [138.13472593765, 32.1752560043925], [138.14009893096, 32.1645566978558], [138.145910408285, 32.1540224081192], [138.152153289234, 32.1436659695923], [138.158819967819, 32.1335], [138.165902321718, 32.1235368850103], [138.173391722174, 32.1137887631442], [138.181279044506, 32.1042675109866], [138.189554679228, 32.0949847287166], [138.198208543752, 32.0859517259744], [138.207230094679, 32.0771795080825], [138.216608340637, 32.0686787626371], [138.226331855679, 32.0604598464872], [138.2363887932, 32.052532773116], [138.24676690037, 32.0449072004414], [138.257453533064, 32.037592419049], [138.268435671267, 32.0305973408731], [138.279699934935, 32.0239304883392], [138.291232600297, 32.0175999839799], [138.303019616578, 32.0116135405398], [138.315046623113, 32.005978451578], [138.327298966849, 32.0007015825824], [138.33976172019, 31.995789362605002], [138.352419699193, 31.991247776429304], [138.365257482059, 31.987082357278304], [138.378259427928, 31.983298180073703], [138.391409695931, 31.979899855252505], [138.404692264493, 31.976891523150105], [138.41809095085, 31.974276848955604], [138.431589430765, 31.9720590182469], [138.445171258422, 31.970240733109105], [138.458819886454, 31.9688242088424], [138.472518686111, 31.967811171263502], [138.486250967517, 31.9672028546026], [138.5, 31.967]]], [[[139.7, 25.950000000000003], [139.709723926207, 25.950152293245203], [139.719436005308, 25.950608987435004], [139.729124404631, 25.951369526157904], [140.719338604675, 26.0349093653689], [140.725748140714, 26.0356155005889], [140.73212630661, 26.036521913], [140.73846533155, 26.0376274982782], [140.744757492409, 26.0389309094382], [140.750995123157, 26.0404305584742], [140.757170624204, 26.042124618295], [140.763276471651, 26.0440110249495], [140.769305226464, 26.0460874801419], [140.775249543535, 26.0483514540313], [140.781102180628, 26.0508001883143], [140.786856007206, 26.0534306995854], [140.79250401312, 26.0562397829718], [140.798039317142, 26.059224016038], [140.803455175358, 26.0623797629559], [140.808744989379, 26.0657031789338], [140.813902314381, 26.0691902149013], [140.818920866959, 26.0728366224422], [140.823794532779, 26.0766379589708], [140.828517374029, 26.0805895931438], [140.833083636656, 26.0846867105038], [140.837487757371, 26.0889243193444], [140.841724370433, 26.093297256792], [140.84578831418, 26.0978001950959], [140.849674637323, 26.1024276481194], [140.853378604976, 26.1071739780239], [140.856895704426, 26.1120334021373], [140.860221650627, 26.117], [140.863352391427, 26.1220677205775], [140.866284112501, 26.127230389633], [140.869013241998, 26.1324817172494], [140.871536454894, 26.137815305493], [140.873850677043, 26.1432246562079], [140.875953088922, 26.1487031789338], [140.877841129065, 26.1542441989344], [140.879512497187, 26.1598409653305], [140.880965156982, 26.1654866593243], [140.88219733861, 26.1711744025073], [140.883207540846, 26.1768972652406], [140.883994532914, 26.1826482750976], [140.884557355986, 26.1884204253585], [140.884895324348, 26.1942066835474], [140.885008026239, 26.2], [140.884895324348, 26.2057933164526], [140.884557355986, 26.2115795746415], [140.883994532914, 26.2173517249024], [140.883207540846, 26.2231027347594], [140.88219733861, 26.2288255974927], [140.880965156982, 26.2345133406757], [140.879512497187, 26.2401590346695], [140.877841129065, 26.2457558010656], [140.875953088922, 26.2512968210662], [140.873850677043, 26.2567753437921], [140.871536454894, 26.262184694507], [140.869013241998, 26.2675182827506], [140.866284112501, 26.272769610367], [140.863352391427, 26.2779322794225], [140.860221650627, 26.283], [140.856895704426, 26.2879665978627], [140.853378604976, 26.2928260219761], [140.849674637323, 26.2975723518806], [140.84578831418, 26.3021998049041], [140.841724370433, 26.306702743208], [140.837487757371, 26.3110756806556], [140.833083636656, 26.3153132894962], [140.828517374029, 26.3194104068562], [140.823794532779, 26.3233620410292], [140.818920866959, 26.3271633775577], [140.813902314381, 26.3308097850987], [140.808744989379, 26.3342968210662], [140.803455175358, 26.3376202370441], [140.798039317142, 26.340775983962], [140.79250401312, 26.3437602170282], [140.786856007206, 26.3465693004146], [140.781102180628, 26.3491998116857], [140.775249543535, 26.3516485459687], [140.769305226464, 26.3539125198581], [140.763276471651, 26.3559889750505], [140.757170624204, 26.357875381705], [140.750995123157, 26.3595694415258], [140.744757492409, 26.3610690905618], [140.73846533155, 26.3623725017218], [140.73212630661, 26.363478087], [140.725748140714, 26.3643844994111], [140.719338604675, 26.3650906346311], [139.85770181959157, 26.43778298592333], [139.332612654916, 27.1397982258677], [139.32699524987, 27.1469463130731], [139.321101286078, 27.1539153688314], [139.314937944427, 27.1606969024216], [139.308512733999, 27.1672826515897], [139.301833482924, 27.1736645926147], [139.29490832884, 27.1798349500847], [138.42256022534423, 27.956516193138924], [137.941247036482, 28.6324798160583], [137.935839050188, 28.6397982258677], [137.930143730339, 28.6469463130731], [137.924168015806, 28.6539153688314], [137.917919187076, 28.6606969024216], [137.911404857384, 28.6672826515897], [137.904632963439, 28.6736645926147], [137.897611755748, 28.6798349500847], [137.682149146649, 28.8654481540779], [137.675455409635, 28.8709233098598], [137.668547907231, 28.8761902219174], [137.661435055164, 28.8812424733295], [137.65412551935, 28.8860739087062], [137.646628205332, 28.8906786416877], [137.638952247432, 28.895051062116], [137.631106997623, 28.8991858428704], [137.623102014133, 28.9030779463576], [137.6149470498, 28.9067226306488], [137.606652040194, 28.9101154552578], [137.598227091505, 28.9132522865504], [137.589682468236, 28.9161293027808], [137.581028580694, 28.9187429987479], [137.572275972308, 28.9210901900658], [137.563435306783, 28.9231680170435], [137.554517355108, 28.9249739481688], [137.545532982433, 28.9265057831928], [137.536493134834, 28.9277616558106], [137.52740882597, 28.9287400359347], [137.518291123675, 28.9294397315598], [137.509151136462, 28.9298598902144], [137.5, 28.93], [137.490848863538, 28.9298598902144], [137.481708876325, 28.9294397315598], [137.47259117403, 28.9287400359347], [137.463506865166, 28.9277616558106], [137.454467017567, 28.9265057831928], [137.445482644892, 28.9249739481688], [137.436564693217, 28.9231680170435], [137.427724027692, 28.9210901900658], [137.418971419306, 28.9187429987479], [137.410317531764, 28.9161293027808], [137.401772908495, 28.9132522865504], [137.393347959806, 28.9101154552578], [137.3850529502, 28.9067226306488], [137.376897985867, 28.9030779463576], [137.368893002377, 28.8991858428704], [137.361047752568, 28.895051062116], [137.353371794668, 28.8906786416877], [137.34587448065, 28.8860739087062], [137.338564944836, 28.8812424733295], [137.331452092769, 28.8761902219174], [137.324544590365, 28.8709233098598], [137.317850853351, 28.8654481540779], [137.311379037014, 28.8597714252056], [137.305137026265, 28.8539000394625], [137.299132426034, 28.8478411502279], [137.293372552, 28.8416021393249], [137.287864421683, 28.8351906080273], [137.282614745891, 28.8286143677983], [137.277629920546, 28.8218814307736], [137.272916018889, 28.815], [137.268478784084, 28.8079784594408], [137.264323622217, 28.8008253637615], [137.260455595713, 28.7935494279074], [137.256879417166, 28.7861595164857], [137.2535994436, 28.7786646329649], [137.250619671157, 28.7710739087062], [137.247943730231, 28.7633965918379], [137.245574881043, 28.7556420359879], [137.243516009671, 28.7478196888881], [137.241769624533, 28.7399390808634], [137.240337853331, 28.7320098132208], [137.239222440456, 28.7240415465516], [137.238424744868, 28.7160439889611], [137.237945738435, 28.7080268842416], [137.237786004754, 28.7], [137.237945738435, 28.6919731157584], [137.238424744868, 28.683956011038905], [137.239222440456, 28.675958453448402], [137.240337853331, 28.667990186779203], [137.241769624533, 28.6600609191366], [137.243516009671, 28.6521803111119], [137.245574881043, 28.6443579640121], [137.247943730231, 28.636603408162102], [137.250619671157, 28.628926091293803], [137.2535994436, 28.621335367035105], [137.256879417166, 28.6138404835143], [137.260455595713, 28.606450572092605], [137.264323622217, 28.599174636238505], [137.268478784084, 28.5920215405592], [137.272916018889, 28.585], [137.277629920546, 28.5781185692264], [137.282614745891, 28.5713856322017], [137.287864421683, 28.5648093919727], [137.293372552, 28.5583978606751], [137.4654862673546, 28.358123102007465], [137.960324910913, 27.667520183941704], [137.965697659179, 27.660201774132304], [137.971355868755, 27.653053686926903], [137.977292645986, 27.6460846311686], [137.983500757821, 27.6393030975784], [137.989972640635, 27.632717348410303], [137.996700409433, 27.626335407385305], [138.88225436617293, 26.84043248213397], [139.469008125035, 26.060201774132302], [139.474586389573, 26.0530536869269], [139.480439285873, 26.046084631168604], [139.486559683083, 26.039303097578404], [139.492940124441, 26.0327173484103], [139.499572836362, 26.026335407385304], [139.506449737908, 26.0201650499153], [139.513562450635, 26.014213793630702], [139.520902308797, 26.008488889220303], [139.528460369907, 26.0029973115983], [139.536227425634, 25.9977457514063], [139.544194013015, 25.992740606861204], [139.552350425991, 25.9879879759609], [139.56068672723, 25.983493649053905], [139.569192760231, 25.9792631017853], [139.577858161705, 25.975301488425202], [139.586672374195, 25.9716136355894], [139.59562465894, 25.9682040363583], [139.60470410896, 25.965076844803505], [139.613899662344, 25.9622358709262], [139.623200115727, 25.9596845760154], [139.632594137938, 25.957426068431005], [139.64207028381, 25.955463099816505], [139.651617008117, 25.9537980617469], [139.661222679647, 25.9524329828146], [139.670875595369, 25.951369526157904], [139.680563994692, 25.950608987435004], [139.690276073793, 25.950152293245203], [139.7, 25.950000000000003]]], [[[144.5, 24.716000000000005], [144.514798883032, 24.716233922424703], [146.016083836226, 24.783254025133004], [146.032148076776, 24.784015791041703], [146.048173149845, 24.785284369631402], [146.064139531353, 24.7870582153348], [146.080027768721, 24.789335166993904], [146.09581850458, 24.792112450494002], [146.111492500351, 24.795386682142905], [146.127030659685, 24.799153872793703], [146.142414051728, 24.803409432704903], [146.157623934185, 24.808148177132303], [146.172641776159, 24.8133643326456], [146.187449280722, 24.819051544163003], [146.202028407211, 24.825202882693205], [146.216361393206, 24.8318108537778], [146.230430776171, 24.838867406621905], [146.24421941473, 24.8463639439028], [146.257710509552, 24.8542913322445], [146.270887623815, 24.8626399133456], [146.283734703235, 24.871399515746], [146.296236095626, 24.8805594672194], [146.308376569966, 24.890108607775904], [146.320141334957, 24.900035303258804], [146.331516057045, 24.910327459518605], [146.342486877884, 24.920972537148405], [146.353040431218, 24.931957566760705], [146.363163859169, 24.943269164789204], [146.372844827898, 24.954893549794004], [146.382071542637, 24.966816559252702], [146.390832762055, 24.979023666814804], [146.399117811955, 24.9915], [146.406916598281, 25.004230358318303], [146.414219619413, 25.017199231789004], [146.421017977744, 25.0303908198374], [146.427303390522, 25.043789050545602], [146.433068199939, 25.057377600233202], [146.438305382464, 25.071139913345604], [146.443008557396, 25.0850592226243], [146.447171994642, 25.0991185695349], [146.450790621693, 25.113300824929002], [146.453860029811, 25.127588709912903], [146.456376479394, 25.141964816899705], [146.458336904537, 25.156411630817402], [146.459738916763, 25.170911550448704], [146.460580807936, 25.185446909875104], [146.460861552341, 25.200000000000003], [146.460580807936, 25.2145530901249], [146.459738916763, 25.2290884495513], [146.458336904537, 25.2435883691826], [146.456376479394, 25.2580351831003], [146.453860029811, 25.2724112900871], [146.450790621693, 25.286699175071], [146.447171994642, 25.3008814304651], [146.443008557396, 25.3149407773757], [146.438305382464, 25.3288600866544], [146.433068199939, 25.3426223997668], [146.427303390522, 25.3562109494544], [146.421017977744, 25.3696091801626], [146.414219619413, 25.382800768211], [146.406916598281, 25.3957696416817], [146.399117811955, 25.4085], [146.390832762055, 25.4209763331852], [146.382071542637, 25.4331834407473], [146.372844827898, 25.445106450206], [146.363163859169, 25.4567308352108], [146.353040431218, 25.4680424332393], [146.342486877884, 25.4790274628516], [146.331516057045, 25.4896725404814], [146.320141334957, 25.4999646967412], [146.308376569966, 25.5098913922241], [146.296236095626, 25.5194405327806], [146.283734703235, 25.528600484254], [146.270887623815, 25.5373600866544], [146.257710509552, 25.5457086677555], [146.24421941473, 25.5536360560972], [146.230430776171, 25.5611325933781], [146.216361393206, 25.5681891462222], [146.202028407211, 25.5747971173068], [146.187449280722, 25.580948455837], [146.172641776159, 25.5866356673544], [146.157623934185, 25.5918518228677], [146.142414051728, 25.5965905672951], [146.127030659685, 25.6008461272063], [146.111492500351, 25.6046133178571], [146.09581850458, 25.607887549506], [146.080027768721, 25.6106648330061], [146.064139531353, 25.6129417846652], [146.048173149845, 25.6147156303686], [146.032148076776, 25.6159842089583], [146.016083836226, 25.616745974867], [146.0, 25.617], [145.983916163774, 25.616745974867], [145.967851923224, 25.6159842089583], [145.951826850155, 25.6147156303686], [144.455675449575, 25.4818964078214], [144.440984637692, 25.4802629383968], [144.426365726937, 25.4781661771567], [144.411836528201, 25.4756086786818], [144.397414743075, 25.47259355889], [144.383117942282, 25.4691244912403], [144.368963544272, 25.4652057022573], [144.354968793999, 25.4608419663818], [144.341150741911, 25.4560386001536], [144.327526223174, 25.4508014557348], [144.314111837167, 25.4451369137789], [144.300923927253, 25.4390518756578], [144.287978560867, 25.4325537550532], [144.275291509946, 25.4256504689241], [144.262878231707, 25.4183504278611], [144.250753849816, 25.41066252584], [144.238933135966, 25.402596129385], [144.227430491875, 25.3941610661577], [144.216259931744, 25.3853676129833], [144.205435065179, 25.37622648333], [144.194969080614, 25.3667488142563], [144.184874729237, 25.3569461528418], [144.175164309461, 25.3468304421196], [144.165849651937, 25.3364140065251], [144.15694210514, 25.3257095368803], [144.148452521544, 25.3147300749328], [144.140391244398, 25.3034889974656], [144.132768095128, 25.292], [144.125592361367, 25.2802770801098], [144.11887278564, 25.268334520367], [144.112617554715, 25.2561868709411], [144.106834289628, 25.2438489318717], [144.101530036397, 25.2313357350371], [144.096711257437, 25.21866252584], [144.092383823688, 25.2058447446337], [144.088553007461, 25.1928980079103], [144.085223476016, 25.179838089274], [144.082399285875, 25.1666809002241], [144.080083877877, 25.1534424707687], [144.07828007299, 25.1401389298948], [144.076990068874, 25.1267864859177], [144.076215437199, 25.1134014067338], [144.075957121735, 25.1], [144.076215437199, 25.086598593266203], [144.076990068874, 25.073213514082305], [144.07828007299, 25.059861070105203], [144.080083877877, 25.046557529231304], [144.082399285875, 25.033319099775902], [144.085223476016, 25.020161910726003], [144.088553007461, 25.007101992089705], [144.092383823688, 24.994155255366305], [144.096711257437, 24.981337474160004], [144.101530036397, 24.968664264962904], [144.106834289628, 24.9561510681283], [144.112617554715, 24.943813129058903], [144.11887278564, 24.931665479633004], [144.125592361367, 24.919722919890205], [144.132768095128, 24.908000000000005], [144.140391244398, 24.896511002534403], [144.148452521544, 24.885269925067202], [144.15694210514, 24.874290463119703], [144.165849651937, 24.8635859934749], [144.175164309461, 24.8531695578804], [144.184874729237, 24.843053847158203], [144.194969080614, 24.833251185743702], [144.205435065179, 24.823773516670002], [144.216259931744, 24.814632387016704], [144.227430491875, 24.805838933842303], [144.238933135966, 24.797403870615003], [144.250753849816, 24.789337474160003], [144.262878231707, 24.7816495721389], [144.275291509946, 24.7743495310759], [144.287978560867, 24.767446244946804], [144.300923927253, 24.760948124342203], [144.314111837167, 24.7548630862211], [144.327526223174, 24.749198544265205], [144.341150741911, 24.743961399846402], [144.354968793999, 24.739158033618203], [144.368963544272, 24.734794297742702], [144.383117942282, 24.730875508759702], [144.397414743075, 24.72740644111], [144.411836528201, 24.724391321318205], [144.426365726937, 24.721833822843305], [144.440984637692, 24.719737061603205], [144.455675449575, 24.718103592178604], [144.470420264096, 24.716935404700205], [144.485201116968, 24.716233922424703], [144.5, 24.716000000000005]]]]}}, {"type": "Feature", "id": "TC100132219Polygon_Point_0", "properties": {"description": "Tropical Cyclone DUJUAN-26", "name": "Tropical Cyclone DUJUAN-26", "htmldescription": "Green Tropical Cylone DUJUAN-26 in Japan from: 15 Sep 2026 12:00:00 to:20 Sep 2026 00:00:00.", "link": "https://www.gdacs.org/report.aspx?eventtype=TC&eventid=1001322&episodeid=19", "featureIndex": "790", "iconeventlink": "https://www.gdacs.org/images/gdacs_icons/maps/Green/TC.png", "iconitemlink": "https://www.gdacs.org/images/gdacs_icons/maps/Green/TC.png", "alertlevel": "Green", "eventtype": "TC", "eventname": "DUJUAN-26", "polygonlabel": "15/09 12:00 UTC", "polygontype": "Polygon_Point_0", "fromdate": "15 Sep 2026 12:00:00", "todate": "20 Sep 2026 00:00:00", "country": "Japan", "countrylist": "Japan", "iso3": "JPN", "severity": "129.6288", "latitude": "28.7", "longitude": "137.5", "imageoverview": "https://www.gdacs.org/contentdata/resources/imgtemp/gdacs/tc/1001322/clouds_1001322_19.png", "Class": "Poly_Polygon_Point_0"}, "geometry": {"type": "Polygon", "coordinates": [[[148.9, 14.870000000000001], [148.90147203022983, 14.870036136313846], [148.9029405142099, 14.870144458199835], [148.90440191423366, 14.870324704701057], [148.90585270966048, 14.870576441587904], [148.9072894053971, 14.870899062404165], [148.90870854031763, 14.871291789928033], [148.91010669560177, 14.87175367804451], [148.91148050297096, 14.872283614024662], [148.91282665280292, 14.872880321206297], [148.91414190210477, 14.87354236206955], [148.91542308232582, 14.874268141699993], [148.9166671069906, 14.875055911630923], [148.9178709791348, 14.875903774055582], [148.9190317985249, 14.876809686399119], [148.92014676864542, 14.877771466239352], [148.9212132034356, 14.878786796564404], [148.92222853376066, 14.87985323135459], [148.92319031360088, 14.88096820147509], [148.92409622594442, 14.882129020865227], [148.92494408836907, 14.883332893009412], [148.92573185830003, 14.884576917674204], [148.92645763793047, 14.88585809789522], [148.9271196787937, 14.887173347197091], [148.92771638597534, 14.888519497029048], [148.9282463219555, 14.889893304398234], [148.92870821007196, 14.891291459682366], [148.92910093759585, 14.892710594602903], [148.9294235584121, 14.894147290339516], [148.92967529529895, 14.89559808576634], [148.92985554180018, 14.897059485790113], [148.92996386368617, 14.898527969770178], [148.93, 14.9], [148.92996386368617, 14.901472030229822], [148.92985554180018, 14.902940514209888], [148.92967529529895, 14.904401914233661], [148.9294235584121, 14.905852709660484], [148.92910093759585, 14.907289405397098], [148.92870821007196, 14.908708540317635], [148.9282463219555, 14.910106695601767], [148.92771638597534, 14.911480502970953], [148.9271196787937, 14.91282665280291], [148.92645763793047, 14.914141902104781], [148.92573185830003, 14.915423082325796], [148.92494408836907, 14.91666710699059], [148.92409622594442, 14.917870979134774], [148.92319031360088, 14.91903179852491], [148.92222853376066, 14.920146768645411], [148.9212132034356, 14.921213203435597], [148.92014676864542, 14.922228533760649], [148.9190317985249, 14.923190313600882], [148.9178709791348, 14.92409622594442], [148.9166671069906, 14.924944088369077], [148.91542308232582, 14.925731858300008], [148.91414190210477, 14.92645763793045], [148.91282665280292, 14.927119678793703], [148.91148050297096, 14.927716385975339], [148.91010669560177, 14.928246321955491], [148.90870854031763, 14.928708210071967], [148.9072894053971, 14.929100937595836], [148.90585270966048, 14.929423558412097], [148.90440191423366, 14.929675295298944], [148.9029405142099, 14.929855541800165], [148.90147203022983, 14.929963863686154], [148.9, 14.93], [148.89852796977019, 14.929963863686154], [148.89705948579012, 14.929855541800165], [148.89559808576635, 14.929675295298944], [148.89414729033953, 14.929423558412097], [148.8927105946029, 14.929100937595836], [148.89129145968238, 14.928708210071967], [148.88989330439824, 14.928246321955491], [148.88851949702905, 14.927716385975339], [148.8871733471971, 14.927119678793703], [148.88585809789524, 14.92645763793045], [148.8845769176742, 14.925731858300008], [148.88333289300942, 14.924944088369077], [148.88212902086522, 14.92409622594442], [148.8809682014751, 14.923190313600882], [148.8798532313546, 14.922228533760649], [148.8787867965644, 14.921213203435597], [148.87777146623935, 14.920146768645411], [148.87680968639913, 14.91903179852491], [148.8759037740556, 14.917870979134774], [148.87505591163094, 14.91666710699059], [148.87426814170001, 14.915423082325796], [148.87354236206954, 14.914141902104781], [148.8728803212063, 14.91282665280291], [148.87228361402467, 14.911480502970953], [148.8717536780445, 14.910106695601767], [148.87129178992805, 14.908708540317635], [148.87089906240416, 14.907289405397098], [148.8705764415879, 14.905852709660484], [148.87032470470106, 14.904401914233661], [148.87014445819983, 14.902940514209888], [148.87003613631384, 14.901472030229822], [148.87, 14.9], [148.87003613631384, 14.898527969770178], [148.87014445819983, 14.897059485790113], [148.87032470470106, 14.89559808576634], [148.8705764415879, 14.894147290339516], [148.87089906240416, 14.892710594602903], [148.87129178992805, 14.891291459682366], [148.8717536780445, 14.889893304398234], [148.87228361402467, 14.888519497029048], [148.8728803212063, 14.887173347197091], [148.87354236206954, 14.88585809789522], [148.87426814170001, 14.884576917674204], [148.87505591163094, 14.883332893009412], [148.8759037740556, 14.882129020865227], [148.87680968639913, 14.88096820147509], [148.87777146623935, 14.87985323135459], [148.8787867965644, 14.878786796564404], [148.8798532313546, 14.877771466239352], [148.8809682014751, 14.876809686399119], [148.88212902086522, 14.875903774055582], [148.88333289300942, 14.875055911630923], [148.8845769176742, 14.874268141699993], [148.88585809789524, 14.87354236206955], [148.8871733471971, 14.872880321206297], [148.88851949702905, 14.872283614024662], [148.88989330439824, 14.87175367804451], [148.89129145968238, 14.871291789928033], [148.8927105946029, 14.870899062404165], [148.89414729033953, 14.870576441587904], [148.89559808576635, 14.870324704701057], [148.89705948579012, 14.870144458199835], [148.89852796977019, 14.870036136313846], [148.9, 14.870000000000001]]]}}, {"type": "Feature", "id": "TC100132219Polygon_Point_1", "properties": {"description": "Tropical Cyclone DUJUAN-26", "name": "Tropical Cyclone DUJUAN-26", "htmldescription": "Green Tropical Cylone DUJUAN-26 in Japan from: 15 Sep 2026 12:00:00 to:20 Sep 2026 00:00:00.", "link": "https://www.gdacs.org/report.aspx?eventtype=TC&eventid=1001322&episodeid=19", "featureIndex": "791", "iconeventlink": "https://www.gdacs.org/images/gdacs_icons/maps/Green/TC.png", "iconitemlink": "https://www.gdacs.org/images/gdacs_icons/maps/Green/TC.png", "alertlevel": "Green", "eventtype": "TC", "eventname": "DUJUAN-26", "polygonlabel": "15/09 18:00 UTC", "polygontype": "Polygon_Point_1", "fromdate": "15 Sep 2026 12:00:00", "todate": "20 Sep 2026 00:00:00", "country": "Japan", "countrylist": "Japan", "iso3": "JPN", "severity": "129.6288", "latitude": "28.7", "longitude": "137.5", "imageoverview": "https://www.gdacs.org/contentdata/resources/imgtemp/gdacs/tc/1001322/clouds_1001322_19.png", "Class": "Poly_Polygon_Point_1"}, "geometry": {"type": "Polygon", "coordinates": [[[148.8, 14.770000000000001], [148.80147203022983, 14.770036136313847], [148.8029405142099, 14.770144458199836], [148.80440191423367, 14.770324704701057], [148.80585270966048, 14.770576441587904], [148.8072894053971, 14.770899062404165], [148.80870854031764, 14.771291789928034], [148.81010669560177, 14.77175367804451], [148.81148050297097, 14.772283614024662], [148.81282665280293, 14.772880321206298], [148.81414190210478, 14.77354236206955], [148.81542308232582, 14.774268141699993], [148.8166671069906, 14.775055911630924], [148.8178709791348, 14.775903774055582], [148.81903179852492, 14.776809686399119], [148.82014676864543, 14.777771466239352], [148.8212132034356, 14.778786796564404], [148.82222853376066, 14.77985323135459], [148.8231903136009, 14.78096820147509], [148.82409622594443, 14.782129020865227], [148.82494408836908, 14.783332893009412], [148.82573185830003, 14.784576917674205], [148.82645763793047, 14.78585809789522], [148.8271196787937, 14.787173347197092], [148.82771638597535, 14.788519497029048], [148.8282463219555, 14.789893304398234], [148.82870821007197, 14.791291459682366], [148.82910093759585, 14.792710594602903], [148.82942355841212, 14.794147290339517], [148.82967529529896, 14.79559808576634], [148.82985554180019, 14.797059485790113], [148.82996386368617, 14.798527969770179], [148.83, 14.8], [148.82996386368617, 14.801472030229823], [148.82985554180019, 14.802940514209888], [148.82967529529896, 14.804401914233662], [148.82942355841212, 14.805852709660485], [148.82910093759585, 14.807289405397098], [148.82870821007197, 14.808708540317635], [148.8282463219555, 14.810106695601768], [148.82771638597535, 14.811480502970953], [148.8271196787937, 14.81282665280291], [148.82645763793047, 14.814141902104781], [148.82573185830003, 14.815423082325797], [148.82494408836908, 14.81666710699059], [148.82409622594443, 14.817870979134774], [148.8231903136009, 14.819031798524911], [148.82222853376066, 14.820146768645412], [148.8212132034356, 14.821213203435597], [148.82014676864543, 14.822228533760649], [148.81903179852492, 14.823190313600882], [148.8178709791348, 14.82409622594442], [148.8166671069906, 14.824944088369078], [148.81542308232582, 14.825731858300008], [148.81414190210478, 14.826457637930451], [148.81282665280293, 14.827119678793704], [148.81148050297097, 14.82771638597534], [148.81010669560177, 14.828246321955492], [148.80870854031764, 14.828708210071968], [148.8072894053971, 14.829100937595836], [148.80585270966048, 14.829423558412097], [148.80440191423367, 14.829675295298944], [148.8029405142099, 14.829855541800166], [148.80147203022983, 14.829963863686155], [148.8, 14.83], [148.7985279697702, 14.829963863686155], [148.79705948579013, 14.829855541800166], [148.79559808576636, 14.829675295298944], [148.79414729033954, 14.829423558412097], [148.7927105946029, 14.829100937595836], [148.79129145968238, 14.828708210071968], [148.78989330439825, 14.828246321955492], [148.78851949702906, 14.82771638597534], [148.7871733471971, 14.827119678793704], [148.78585809789524, 14.826457637930451], [148.7845769176742, 14.825731858300008], [148.78333289300943, 14.824944088369078], [148.78212902086523, 14.82409622594442], [148.7809682014751, 14.823190313600882], [148.7798532313546, 14.822228533760649], [148.77878679656442, 14.821213203435597], [148.77777146623936, 14.820146768645412], [148.77680968639913, 14.819031798524911], [148.7759037740556, 14.817870979134774], [148.77505591163094, 14.81666710699059], [148.7742681417, 14.815423082325797], [148.77354236206955, 14.814141902104781], [148.77288032120632, 14.81282665280291], [148.77228361402467, 14.811480502970953], [148.77175367804452, 14.810106695601768], [148.77129178992806, 14.808708540317635], [148.77089906240417, 14.807289405397098], [148.7705764415879, 14.805852709660485], [148.77032470470107, 14.804401914233662], [148.77014445819984, 14.802940514209888], [148.77003613631385, 14.801472030229823], [148.77, 14.8], [148.77003613631385, 14.798527969770179], [148.77014445819984, 14.797059485790113], [148.77032470470107, 14.79559808576634], [148.7705764415879, 14.794147290339517], [148.77089906240417, 14.792710594602903], [148.77129178992806, 14.791291459682366], [148.77175367804452, 14.789893304398234], [148.77228361402467, 14.788519497029048], [148.77288032120632, 14.787173347197092], [148.77354236206955, 14.78585809789522], [148.7742681417, 14.784576917674205], [148.77505591163094, 14.783332893009412], [148.7759037740556, 14.782129020865227], [148.77680968639913, 14.78096820147509], [148.77777146623936, 14.77985323135459], [148.77878679656442, 14.778786796564404], [148.7798532313546, 14.777771466239352], [148.7809682014751, 14.776809686399119], [148.78212902086523, 14.775903774055582], [148.78333289300943, 14.775055911630924], [148.7845769176742, 14.774268141699993], [148.78585809789524, 14.77354236206955], [148.7871733471971, 14.772880321206298], [148.78851949702906, 14.772283614024662], [148.78989330439825, 14.77175367804451], [148.79129145968238, 14.771291789928034], [148.7927105946029, 14.770899062404165], [148.79414729033954, 14.770576441587904], [148.79559808576636, 14.770324704701057], [148.79705948579013, 14.770144458199836], [148.7985279697702, 14.770036136313847], [148.8, 14.770000000000001]]]}}, {"type": "Feature", "id": "TC100132219Polygon_Point_2", "properties": {"description": "Tropical Cyclone DUJUAN-26", "name": "Tropical Cyclone DUJUAN-26", "htmldescription": "Green Tropical Cylone DUJUAN-26 in Japan from: 15 Sep 2026 12:00:00 to:20 Sep 2026 00:00:00.", "link": "https://www.gdacs.org/report.aspx?eventtype=TC&eventid=1001322&episodeid=19", "featureIndex": "792", "iconeventlink": "https://www.gdacs.org/images/gdacs_icons/maps/Green/TC.png", "iconitemlink": "https://www.gdacs.org/images/gdacs_icons/maps/Green/TC.png", "alertlevel": "Green", "eventtype": "TC", "eventname": "DUJUAN-26", "polygonlabel": "16/09 00:00 UTC", "polygontype": "Polygon_Point_2", "fromdate": "15 Sep 2026 12:00:00", "todate": "20 Sep 2026 00:00:00", "country": "Japan", "countrylist": "Japan", "iso3": "JPN", "severity": "129.6288", "latitude": "28.7", "longitude": "137.5", "imageoverview": "https://www.gdacs.org/contentdata/resources/imgtemp/gdacs/tc/1001322/clouds_1001322_19.png", "Class": "Poly_Polygon_Point_2"}, "geometry": {"type": "Polygon", "coordinates": [[[148.7, 14.97], [148.7014720302298, 14.970036136313846], [148.70294051420987, 14.970144458199835], [148.70440191423364, 14.970324704701056], [148.70585270966046, 14.970576441587903], [148.7072894053971, 14.970899062404165], [148.70870854031762, 14.971291789928033], [148.71010669560175, 14.971753678044509], [148.71148050297094, 14.972283614024661], [148.7128266528029, 14.972880321206297], [148.71414190210476, 14.97354236206955], [148.7154230823258, 14.974268141699993], [148.71666710699057, 14.975055911630923], [148.71787097913477, 14.975903774055581], [148.7190317985249, 14.976809686399118], [148.7201467686454, 14.977771466239352], [148.72121320343558, 14.978786796564403], [148.72222853376064, 14.97985323135459], [148.72319031360087, 14.98096820147509], [148.7240962259444, 14.982129020865226], [148.72494408836906, 14.983332893009411], [148.7257318583, 14.984576917674204], [148.72645763793045, 14.98585809789522], [148.72711967879368, 14.987173347197091], [148.72771638597533, 14.988519497029047], [148.72824632195548, 14.989893304398233], [148.72870821007194, 14.991291459682365], [148.72910093759583, 14.992710594602903], [148.7294235584121, 14.994147290339516], [148.72967529529893, 14.99559808576634], [148.72985554180016, 14.997059485790112], [148.72996386368615, 14.998527969770178], [148.73, 15.0], [148.72996386368615, 15.001472030229822], [148.72985554180016, 15.002940514209888], [148.72967529529893, 15.00440191423366], [148.7294235584121, 15.005852709660484], [148.72910093759583, 15.007289405397097], [148.72870821007194, 15.008708540317635], [148.72824632195548, 15.010106695601767], [148.72771638597533, 15.011480502970953], [148.72711967879368, 15.012826652802909], [148.72645763793045, 15.01414190210478], [148.7257318583, 15.015423082325796], [148.72494408836906, 15.016667106990589], [148.7240962259444, 15.017870979134774], [148.72319031360087, 15.01903179852491], [148.72222853376064, 15.02014676864541], [148.72121320343558, 15.021213203435597], [148.7201467686454, 15.022228533760648], [148.7190317985249, 15.023190313600882], [148.71787097913477, 15.024096225944419], [148.71666710699057, 15.024944088369077], [148.7154230823258, 15.025731858300007], [148.71414190210476, 15.02645763793045], [148.7128266528029, 15.027119678793703], [148.71148050297094, 15.027716385975339], [148.71010669560175, 15.028246321955491], [148.70870854031762, 15.028708210071967], [148.7072894053971, 15.029100937595835], [148.70585270966046, 15.029423558412097], [148.70440191423364, 15.029675295298944], [148.70294051420987, 15.029855541800165], [148.7014720302298, 15.029963863686154], [148.7, 15.03], [148.69852796977017, 15.029963863686154], [148.6970594857901, 15.029855541800165], [148.69559808576633, 15.029675295298944], [148.69414729033952, 15.029423558412097], [148.6927105946029, 15.029100937595835], [148.69129145968236, 15.028708210071967], [148.68989330439823, 15.028246321955491], [148.68851949702903, 15.027716385975339], [148.68717334719707, 15.027119678793703], [148.68585809789522, 15.02645763793045], [148.68457691767418, 15.025731858300007], [148.6833328930094, 15.024944088369077], [148.6821290208652, 15.024096225944419], [148.68096820147508, 15.023190313600882], [148.67985323135457, 15.022228533760648], [148.6787867965644, 15.021213203435597], [148.67777146623934, 15.02014676864541], [148.6768096863991, 15.01903179852491], [148.67590377405557, 15.017870979134774], [148.67505591163092, 15.016667106990589], [148.67426814169997, 15.015423082325796], [148.67354236206953, 15.01414190210478], [148.6728803212063, 15.012826652802909], [148.67228361402465, 15.011480502970953], [148.6717536780445, 15.010106695601767], [148.67129178992803, 15.008708540317635], [148.67089906240415, 15.007289405397097], [148.67057644158788, 15.005852709660484], [148.67032470470104, 15.00440191423366], [148.67014445819981, 15.002940514209888], [148.67003613631383, 15.001472030229822], [148.67, 15.0], [148.67003613631383, 14.998527969770178], [148.67014445819981, 14.997059485790112], [148.67032470470104, 14.99559808576634], [148.67057644158788, 14.994147290339516], [148.67089906240415, 14.992710594602903], [148.67129178992803, 14.991291459682365], [148.6717536780445, 14.989893304398233], [148.67228361402465, 14.988519497029047], [148.6728803212063, 14.987173347197091], [148.67354236206953, 14.98585809789522], [148.67426814169997, 14.984576917674204], [148.67505591163092, 14.983332893009411], [148.67590377405557, 14.982129020865226], [148.6768096863991, 14.98096820147509], [148.67777146623934, 14.97985323135459], [148.6787867965644, 14.978786796564403], [148.67985323135457, 14.977771466239352], [148.68096820147508, 14.976809686399118], [148.6821290208652, 14.975903774055581], [148.6833328930094, 14.975055911630923], [148.68457691767418, 14.974268141699993], [148.68585809789522, 14.97354236206955], [148.68717334719707, 14.972880321206297], [148.68851949702903, 14.972283614024661], [148.68989330439823, 14.971753678044509], [148.69129145968236, 14.971291789928033], [148.6927105946029, 14.970899062404165], [148.69414729033952, 14.970576441587903], [148.69559808576633, 14.970324704701056], [148.6970594857901, 14.970144458199835], [148.69852796977017, 14.970036136313846], [148.7, 14.97]]]}}, {"type": "Feature", "id": "TC100132219Polygon_Point_3", "properties": {"description": "Tropical Cyclone DUJUAN-26", "name": "Tropical Cyclone DUJUAN-26", "htmldescription": "Green Tropical Cylone DUJUAN-26 in Japan from: 15 Sep 2026 12:00:00 to:20 Sep 2026 00:00:00.", "link": "https://www.gdacs.org/report.aspx?eventtype=TC&eventid=1001322&episodeid=19", "featureIndex": "793", "iconeventlink": "https://www.gdacs.org/images/gdacs_icons/maps/Green/TC.png", "iconitemlink": "https://www.gdacs.org/images/gdacs_icons/maps/Green/TC.png", "alertlevel": "Green", "eventtype": "TC", "eventname": "DUJUAN-26", "polygonlabel": "16/09 06:00 UTC", "polygontype": "Polygon_Point_3", "fromdate": "15 Sep 2026 12:00:00", "todate": "20 Sep 2026 00:00:00", "country": "Japan", "countrylist": "Japan", "iso3": "JPN", "severity": "129.6288", "latitude": "28.7", "longitude": "137.5", "imageoverview": "https://www.gdacs.org/contentdata/resources/imgtemp/gdacs/tc/1001322/clouds_1001322_19.png", "Class": "Poly_Polygon_Point_3"}, "geometry": {"type": "Polygon", "coordinates": [[[148.9, 15.370000000000001], [148.90147203022983, 15.370036136313846], [148.9029405142099, 15.370144458199835], [148.90440191423366, 15.370324704701057], [148.90585270966048, 15.370576441587904], [148.9072894053971, 15.370899062404165], [148.90870854031763, 15.371291789928033], [148.91010669560177, 15.37175367804451], [148.91148050297096, 15.372283614024662], [148.91282665280292, 15.372880321206297], [148.91414190210477, 15.37354236206955], [148.91542308232582, 15.374268141699993], [148.9166671069906, 15.375055911630923], [148.9178709791348, 15.375903774055582], [148.9190317985249, 15.376809686399119], [148.92014676864542, 15.377771466239352], [148.9212132034356, 15.378786796564404], [148.92222853376066, 15.37985323135459], [148.92319031360088, 15.38096820147509], [148.92409622594442, 15.382129020865227], [148.92494408836907, 15.383332893009412], [148.92573185830003, 15.384576917674204], [148.92645763793047, 15.38585809789522], [148.9271196787937, 15.387173347197091], [148.92771638597534, 15.388519497029048], [148.9282463219555, 15.389893304398234], [148.92870821007196, 15.391291459682366], [148.92910093759585, 15.392710594602903], [148.9294235584121, 15.394147290339516], [148.92967529529895, 15.39559808576634], [148.92985554180018, 15.397059485790113], [148.92996386368617, 15.398527969770178], [148.93, 15.4], [148.92996386368617, 15.401472030229822], [148.92985554180018, 15.402940514209888], [148.92967529529895, 15.404401914233661], [148.9294235584121, 15.405852709660484], [148.92910093759585, 15.407289405397098], [148.92870821007196, 15.408708540317635], [148.9282463219555, 15.410106695601767], [148.92771638597534, 15.411480502970953], [148.9271196787937, 15.41282665280291], [148.92645763793047, 15.414141902104781], [148.92573185830003, 15.415423082325796], [148.92494408836907, 15.41666710699059], [148.92409622594442, 15.417870979134774], [148.92319031360088, 15.41903179852491], [148.92222853376066, 15.420146768645411], [148.9212132034356, 15.421213203435597], [148.92014676864542, 15.422228533760649], [148.9190317985249, 15.423190313600882], [148.9178709791348, 15.42409622594442], [148.9166671069906, 15.424944088369077], [148.91542308232582, 15.425731858300008], [148.91414190210477, 15.42645763793045], [148.91282665280292, 15.427119678793703], [148.91148050297096, 15.427716385975339], [148.91010669560177, 15.428246321955491], [148.90870854031763, 15.428708210071967], [148.9072894053971, 15.429100937595836], [148.90585270966048, 15.429423558412097], [148.90440191423366, 15.429675295298944], [148.9029405142099, 15.429855541800165], [148.90147203022983, 15.429963863686154], [148.9, 15.43], [148.89852796977019, 15.429963863686154], [148.89705948579012, 15.429855541800165], [148.89559808576635, 15.429675295298944], [148.89414729033953, 15.429423558412097], [148.8927105946029, 15.429100937595836], [148.89129145968238, 15.428708210071967], [148.88989330439824, 15.428246321955491], [148.88851949702905, 15.427716385975339], [148.8871733471971, 15.427119678793703], [148.88585809789524, 15.42645763793045], [148.8845769176742, 15.425731858300008], [148.88333289300942, 15.424944088369077], [148.88212902086522, 15.42409622594442], [148.8809682014751, 15.423190313600882], [148.8798532313546, 15.422228533760649], [148.8787867965644, 15.421213203435597], [148.87777146623935, 15.420146768645411], [148.87680968639913, 15.41903179852491], [148.8759037740556, 15.417870979134774], [148.87505591163094, 15.41666710699059], [148.87426814170001, 15.415423082325796], [148.87354236206954, 15.414141902104781], [148.8728803212063, 15.41282665280291], [148.87228361402467, 15.411480502970953], [148.8717536780445, 15.410106695601767], [148.87129178992805, 15.408708540317635], [148.87089906240416, 15.407289405397098], [148.8705764415879, 15.405852709660484], [148.87032470470106, 15.404401914233661], [148.87014445819983, 15.402940514209888], [148.87003613631384, 15.401472030229822], [148.87, 15.4], [148.87003613631384, 15.398527969770178], [148.87014445819983, 15.397059485790113], [148.87032470470106, 15.39559808576634], [148.8705764415879, 15.394147290339516], [148.87089906240416, 15.392710594602903], [148.87129178992805, 15.391291459682366], [148.8717536780445, 15.389893304398234], [148.87228361402467, 15.388519497029048], [148.8728803212063, 15.387173347197091], [148.87354236206954, 15.38585809789522], [148.87426814170001, 15.384576917674204], [148.87505591163094, 15.383332893009412], [148.8759037740556, 15.382129020865227], [148.87680968639913, 15.38096820147509], [148.87777146623935, 15.37985323135459], [148.8787867965644, 15.378786796564404], [148.8798532313546, 15.377771466239352], [148.8809682014751, 15.376809686399119], [148.88212902086522, 15.375903774055582], [148.88333289300942, 15.375055911630923], [148.8845769176742, 15.374268141699993], [148.88585809789524, 15.37354236206955], [148.8871733471971, 15.372880321206297], [148.88851949702905, 15.372283614024662], [148.88989330439824, 15.37175367804451], [148.89129145968238, 15.371291789928033], [148.8927105946029, 15.370899062404165], [148.89414729033953, 15.370576441587904], [148.89559808576635, 15.370324704701057], [148.89705948579012, 15.370144458199835], [148.89852796977019, 15.370036136313846], [148.9, 15.370000000000001]]]}}, {"type": "Feature", "id": "TC100132219Polygon_Point_4", "properties": {"description": "Tropical Cyclone DUJUAN-26", "name": "Tropical Cyclone DUJUAN-26", "htmldescription": "Green Tropical Cylone DUJUAN-26 in Japan from: 15 Sep 2026 12:00:00 to:20 Sep 2026 00:00:00.", "link": "https://www.gdacs.org/report.aspx?eventtype=TC&eventid=1001322&episodeid=19", "featureIndex": "794", "iconeventlink": "https://www.gdacs.org/images/gdacs_icons/maps/Green/TC.png", "iconitemlink": "https://www.gdacs.org/images/gdacs_icons/maps/Green/TC.png", "alertlevel": "Green", "eventtype": "TC", "eventname": "DUJUAN-26", "polygonlabel": "16/09 12:00 UTC", "polygontype": "Polygon_Point_4", "fromdate": "15 Sep 2026 12:00:00", "todate": "20 Sep 2026 00:00:00", "country": "Japan", "countrylist": "Japan", "iso3": "JPN", "severity": "129.6288", "latitude": "28.7", "longitude": "137.5", "imageoverview": "https://www.gdacs.org/contentdata/resources/imgtemp/gdacs/tc/1001322/clouds_1001322_19.png", "Class": "Poly_Polygon_Point_4"}, "geometry": {"type": "Polygon", "coordinates": [[[149.5, 16.47], [149.50147203022982, 16.470036136313844], [149.50294051420988, 16.470144458199833], [149.50440191423365, 16.470324704701056], [149.50585270966047, 16.4705764415879], [149.5072894053971, 16.47089906240416], [149.50870854031763, 16.47129178992803], [149.51010669560176, 16.471753678044507], [149.51148050297095, 16.47228361402466], [149.51282665280291, 16.472880321206297], [149.51414190210477, 16.473542362069548], [149.5154230823258, 16.47426814169999], [149.51666710699058, 16.47505591163092], [149.51787097913478, 16.47590377405558], [149.5190317985249, 16.47680968639912], [149.52014676864542, 16.47777146623935], [149.5212132034356, 16.478786796564403], [149.52222853376065, 16.47985323135459], [149.52319031360088, 16.48096820147509], [149.52409622594442, 16.482129020865226], [149.52494408836907, 16.48333289300941], [149.52573185830002, 16.484576917674204], [149.52645763793046, 16.48585809789522], [149.5271196787937, 16.487173347197093], [149.52771638597534, 16.488519497029046], [149.5282463219555, 16.489893304398233], [149.52870821007195, 16.491291459682365], [149.52910093759584, 16.4927105946029], [149.5294235584121, 16.494147290339516], [149.52967529529894, 16.49559808576634], [149.52985554180017, 16.497059485790114], [149.52996386368616, 16.498527969770176], [149.53, 16.5], [149.52996386368616, 16.501472030229824], [149.52985554180017, 16.502940514209886], [149.52967529529894, 16.50440191423366], [149.5294235584121, 16.505852709660484], [149.52910093759584, 16.5072894053971], [149.52870821007195, 16.508708540317635], [149.5282463219555, 16.510106695601767], [149.52771638597534, 16.511480502970954], [149.5271196787937, 16.512826652802907], [149.52645763793046, 16.51414190210478], [149.52573185830002, 16.515423082325796], [149.52494408836907, 16.51666710699059], [149.52409622594442, 16.517870979134774], [149.52319031360088, 16.51903179852491], [149.52222853376065, 16.52014676864541], [149.5212132034356, 16.521213203435597], [149.52014676864542, 16.52222853376065], [149.5190317985249, 16.52319031360088], [149.51787097913478, 16.52409622594442], [149.51666710699058, 16.52494408836908], [149.5154230823258, 16.52573185830001], [149.51414190210477, 16.526457637930452], [149.51282665280291, 16.527119678793703], [149.51148050297095, 16.52771638597534], [149.51010669560176, 16.528246321955493], [149.50870854031763, 16.52870821007197], [149.5072894053971, 16.52910093759584], [149.50585270966047, 16.5294235584121], [149.50440191423365, 16.529675295298944], [149.50294051420988, 16.529855541800167], [149.50147203022982, 16.529963863686156], [149.5, 16.53], [149.49852796977018, 16.529963863686156], [149.49705948579012, 16.529855541800167], [149.49559808576635, 16.529675295298944], [149.49414729033953, 16.5294235584121], [149.4927105946029, 16.52910093759584], [149.49129145968237, 16.52870821007197], [149.48989330439824, 16.528246321955493], [149.48851949702905, 16.52771638597534], [149.48717334719709, 16.527119678793703], [149.48585809789523, 16.526457637930452], [149.4845769176742, 16.52573185830001], [149.48333289300942, 16.52494408836908], [149.48212902086522, 16.52409622594442], [149.4809682014751, 16.52319031360088], [149.47985323135458, 16.52222853376065], [149.4787867965644, 16.521213203435597], [149.47777146623935, 16.52014676864541], [149.47680968639912, 16.51903179852491], [149.47590377405558, 16.517870979134774], [149.47505591163093, 16.51666710699059], [149.47426814169998, 16.515423082325796], [149.47354236206954, 16.51414190210478], [149.4728803212063, 16.512826652802907], [149.47228361402466, 16.511480502970954], [149.4717536780445, 16.510106695601767], [149.47129178992805, 16.508708540317635], [149.47089906240416, 16.5072894053971], [149.4705764415879, 16.505852709660484], [149.47032470470106, 16.50440191423366], [149.47014445819983, 16.502940514209886], [149.47003613631384, 16.501472030229824], [149.47, 16.5], [149.47003613631384, 16.498527969770176], [149.47014445819983, 16.497059485790114], [149.47032470470106, 16.49559808576634], [149.4705764415879, 16.494147290339516], [149.47089906240416, 16.4927105946029], [149.47129178992805, 16.491291459682365], [149.4717536780445, 16.489893304398233], [149.47228361402466, 16.488519497029046], [149.4728803212063, 16.487173347197093], [149.47354236206954, 16.48585809789522], [149.47426814169998, 16.484576917674204], [149.47505591163093, 16.48333289300941], [149.47590377405558, 16.482129020865226], [149.47680968639912, 16.48096820147509], [149.47777146623935, 16.47985323135459], [149.4787867965644, 16.478786796564403], [149.47985323135458, 16.47777146623935], [149.4809682014751, 16.47680968639912], [149.48212902086522, 16.47590377405558], [149.48333289300942, 16.47505591163092], [149.4845769176742, 16.47426814169999], [149.48585809789523, 16.473542362069548], [149.48717334719709, 16.472880321206297], [149.48851949702905, 16.47228361402466], [149.48989330439824, 16.471753678044507], [149.49129145968237, 16.47129178992803], [149.4927105946029, 16.47089906240416], [149.49414729033953, 16.4705764415879], [149.49559808576635, 16.470324704701056], [149.49705948579012, 16.470144458199833], [149.49852796977018, 16.470036136313844], [149.5, 16.47]]]}}, {"type": "Feature", "id": "TC100132219Polygon_Point_5", "properties": {"description": "Tropical Cyclone DUJUAN-26", "name": "Tropical Cyclone DUJUAN-26", "htmldescription": "Green Tropical Cylone DUJUAN-26 in Japan from: 15 Sep 2026 12:00:00 to:20 Sep 2026 00:00:00.", "link": "https://www.gdacs.org/report.aspx?eventtype=TC&eventid=1001322&episodeid=19", "featureIndex": "795", "iconeventlink": "https://www.gdacs.org/images/gdacs_icons/maps/Green/TC.png", "iconitemlink": "https://www.gdacs.org/images/gdacs_icons/maps/Green/TC.png", "alertlevel": "Green", "eventtype": "TC", "eventname": "DUJUAN-26", "polygonlabel": "16/09 18:00 UTC", "polygontype": "Polygon_Point_5", "fromdate": "15 Sep 2026 12:00:00", "todate": "20 Sep 2026 00:00:00", "country": "Japan", "countrylist": "Japan", "iso3": "JPN", "severity": "129.6288", "latitude": "28.7", "longitude": "137.5", "imageoverview": "https://www.gdacs.org/contentdata/resources/imgtemp/gdacs/tc/1001322/clouds_1001322_19.png", "Class": "Poly_Polygon_Point_5"}, "geometry": {"type": "Polygon", "coordinates": [[[149.7, 17.57], [149.7014720302298, 17.570036136313846], [149.70294051420987, 17.570144458199835], [149.70440191423364, 17.570324704701058], [149.70585270966046, 17.570576441587903], [149.7072894053971, 17.570899062404163], [149.70870854031762, 17.571291789928033], [149.71010669560175, 17.57175367804451], [149.71148050297094, 17.572283614024663], [149.7128266528029, 17.5728803212063], [149.71414190210476, 17.57354236206955], [149.7154230823258, 17.574268141699992], [149.71666710699057, 17.575055911630923], [149.71787097913477, 17.575903774055583], [149.7190317985249, 17.57680968639912], [149.7201467686454, 17.57777146623935], [149.72121320343558, 17.578786796564405], [149.72222853376064, 17.57985323135459], [149.72319031360087, 17.58096820147509], [149.7240962259444, 17.582129020865228], [149.72494408836906, 17.583332893009413], [149.7257318583, 17.584576917674205], [149.72645763793045, 17.585858097895223], [149.72711967879368, 17.587173347197094], [149.72771638597533, 17.588519497029047], [149.72824632195548, 17.589893304398235], [149.72870821007194, 17.591291459682367], [149.72910093759583, 17.592710594602902], [149.7294235584121, 17.594147290339517], [149.72967529529893, 17.59559808576634], [149.72985554180016, 17.597059485790115], [149.72996386368615, 17.598527969770178], [149.73, 17.6], [149.72996386368615, 17.601472030229825], [149.72985554180016, 17.602940514209887], [149.72967529529893, 17.604401914233662], [149.7294235584121, 17.605852709660486], [149.72910093759583, 17.6072894053971], [149.72870821007194, 17.608708540317636], [149.72824632195548, 17.610106695601768], [149.72771638597533, 17.611480502970956], [149.72711967879368, 17.61282665280291], [149.72645763793045, 17.61414190210478], [149.7257318583, 17.615423082325798], [149.72494408836906, 17.61666710699059], [149.7240962259444, 17.617870979134775], [149.72319031360087, 17.61903179852491], [149.72222853376064, 17.620146768645412], [149.72121320343558, 17.621213203435598], [149.7201467686454, 17.62222853376065], [149.7190317985249, 17.623190313600883], [149.71787097913477, 17.62409622594442], [149.71666710699057, 17.62494408836908], [149.7154230823258, 17.62573185830001], [149.71414190210476, 17.626457637930454], [149.7128266528029, 17.627119678793704], [149.71148050297094, 17.62771638597534], [149.71010669560175, 17.628246321955494], [149.70870854031762, 17.62870821007197], [149.7072894053971, 17.62910093759584], [149.70585270966046, 17.6294235584121], [149.70440191423364, 17.629675295298945], [149.70294051420987, 17.62985554180017], [149.7014720302298, 17.629963863686157], [149.7, 17.630000000000003], [149.69852796977017, 17.629963863686157], [149.6970594857901, 17.62985554180017], [149.69559808576633, 17.629675295298945], [149.69414729033952, 17.6294235584121], [149.6927105946029, 17.62910093759584], [149.69129145968236, 17.62870821007197], [149.68989330439823, 17.628246321955494], [149.68851949702903, 17.62771638597534], [149.68717334719707, 17.627119678793704], [149.68585809789522, 17.626457637930454], [149.68457691767418, 17.62573185830001], [149.6833328930094, 17.62494408836908], [149.6821290208652, 17.62409622594442], [149.68096820147508, 17.623190313600883], [149.67985323135457, 17.62222853376065], [149.6787867965644, 17.621213203435598], [149.67777146623934, 17.620146768645412], [149.6768096863991, 17.61903179852491], [149.67590377405557, 17.617870979134775], [149.67505591163092, 17.61666710699059], [149.67426814169997, 17.615423082325798], [149.67354236206953, 17.61414190210478], [149.6728803212063, 17.61282665280291], [149.67228361402465, 17.611480502970956], [149.6717536780445, 17.610106695601768], [149.67129178992803, 17.608708540317636], [149.67089906240415, 17.6072894053971], [149.67057644158788, 17.605852709660486], [149.67032470470104, 17.604401914233662], [149.67014445819981, 17.602940514209887], [149.67003613631383, 17.601472030229825], [149.67, 17.6], [149.67003613631383, 17.598527969770178], [149.67014445819981, 17.597059485790115], [149.67032470470104, 17.59559808576634], [149.67057644158788, 17.594147290339517], [149.67089906240415, 17.592710594602902], [149.67129178992803, 17.591291459682367], [149.6717536780445, 17.589893304398235], [149.67228361402465, 17.588519497029047], [149.6728803212063, 17.587173347197094], [149.67354236206953, 17.585858097895223], [149.67426814169997, 17.584576917674205], [149.67505591163092, 17.583332893009413], [149.67590377405557, 17.582129020865228], [149.6768096863991, 17.58096820147509], [149.67777146623934, 17.57985323135459], [149.6787867965644, 17.578786796564405], [149.67985323135457, 17.57777146623935], [149.68096820147508, 17.57680968639912], [149.6821290208652, 17.575903774055583], [149.6833328930094, 17.575055911630923], [149.68457691767418, 17.574268141699992], [149.68585809789522, 17.57354236206955], [149.68717334719707, 17.5728803212063], [149.68851949702903, 17.572283614024663], [149.68989330439823, 17.57175367804451], [149.69129145968236, 17.571291789928033], [149.6927105946029, 17.570899062404163], [149.69414729033952, 17.570576441587903], [149.69559808576633, 17.570324704701058], [149.6970594857901, 17.570144458199835], [149.69852796977017, 17.570036136313846], [149.7, 17.57]]]}}, {"type": "Feature", "id": "TC100132219Polygon_Point_6", "properties": {"description": "Tropical Cyclone DUJUAN-26", "name": "Tropical Cyclone DUJUAN-26", "htmldescription": "Green Tropical Cylone DUJUAN-26 in Japan from: 15 Sep 2026 12:00:00 to:20 Sep 2026 00:00:00.", "link": "https://www.gdacs.org/report.aspx?eventtype=TC&eventid=1001322&episodeid=19", "featureIndex": "796", "iconeventlink": "https://www.gdacs.org/images/gdacs_icons/maps/Green/TC.png", "iconitemlink": "https://www.gdacs.org/images/gdacs_icons/maps/Green/TC.png", "alertlevel": "Green", "eventtype": "TC", "eventname": "DUJUAN-26", "polygonlabel": "17/09 00:00 UTC", "polygontype": "Polygon_Point_6", "fromdate": "15 Sep 2026 12:00:00", "todate": "20 Sep 2026 00:00:00", "country": "Japan", "countrylist": "Japan", "iso3": "JPN", "severity": "129.6288", "latitude": "28.7", "longitude": "137.5", "imageoverview": "https://www.gdacs.org/contentdata/resources/imgtemp/gdacs/tc/1001322/clouds_1001322_19.png", "Class": "Poly_Polygon_Point_6"}, "geometry": {"type": "Polygon", "coordinates": [[[150.4, 18.97], [150.40147203022983, 18.970036136313844], [150.4029405142099, 18.970144458199833], [150.40440191423366, 18.970324704701056], [150.40585270966048, 18.9705764415879], [150.4072894053971, 18.97089906240416], [150.40870854031763, 18.97129178992803], [150.41010669560177, 18.971753678044507], [150.41148050297096, 18.97228361402466], [150.41282665280292, 18.972880321206297], [150.41414190210477, 18.973542362069548], [150.41542308232582, 18.97426814169999], [150.4166671069906, 18.97505591163092], [150.4178709791348, 18.97590377405558], [150.4190317985249, 18.97680968639912], [150.42014676864542, 18.97777146623935], [150.4212132034356, 18.978786796564403], [150.42222853376066, 18.97985323135459], [150.42319031360088, 18.98096820147509], [150.42409622594442, 18.982129020865226], [150.42494408836907, 18.98333289300941], [150.42573185830003, 18.984576917674204], [150.42645763793047, 18.98585809789522], [150.4271196787937, 18.987173347197093], [150.42771638597534, 18.988519497029046], [150.4282463219555, 18.989893304398233], [150.42870821007196, 18.991291459682365], [150.42910093759585, 18.9927105946029], [150.4294235584121, 18.994147290339516], [150.42967529529895, 18.99559808576634], [150.42985554180018, 18.997059485790114], [150.42996386368617, 18.998527969770176], [150.43, 19.0], [150.42996386368617, 19.001472030229824], [150.42985554180018, 19.002940514209886], [150.42967529529895, 19.00440191423366], [150.4294235584121, 19.005852709660484], [150.42910093759585, 19.0072894053971], [150.42870821007196, 19.008708540317635], [150.4282463219555, 19.010106695601767], [150.42771638597534, 19.011480502970954], [150.4271196787937, 19.012826652802907], [150.42645763793047, 19.01414190210478], [150.42573185830003, 19.015423082325796], [150.42494408836907, 19.01666710699059], [150.42409622594442, 19.017870979134774], [150.42319031360088, 19.01903179852491], [150.42222853376066, 19.02014676864541], [150.4212132034356, 19.021213203435597], [150.42014676864542, 19.02222853376065], [150.4190317985249, 19.02319031360088], [150.4178709791348, 19.02409622594442], [150.4166671069906, 19.02494408836908], [150.41542308232582, 19.02573185830001], [150.41414190210477, 19.026457637930452], [150.41282665280292, 19.027119678793703], [150.41148050297096, 19.02771638597534], [150.41010669560177, 19.028246321955493], [150.40870854031763, 19.02870821007197], [150.4072894053971, 19.02910093759584], [150.40585270966048, 19.0294235584121], [150.40440191423366, 19.029675295298944], [150.4029405142099, 19.029855541800167], [150.40147203022983, 19.029963863686156], [150.4, 19.03], [150.39852796977019, 19.029963863686156], [150.39705948579012, 19.029855541800167], [150.39559808576635, 19.029675295298944], [150.39414729033953, 19.0294235584121], [150.3927105946029, 19.02910093759584], [150.39129145968238, 19.02870821007197], [150.38989330439824, 19.028246321955493], [150.38851949702905, 19.02771638597534], [150.3871733471971, 19.027119678793703], [150.38585809789524, 19.026457637930452], [150.3845769176742, 19.02573185830001], [150.38333289300942, 19.02494408836908], [150.38212902086522, 19.02409622594442], [150.3809682014751, 19.02319031360088], [150.3798532313546, 19.02222853376065], [150.3787867965644, 19.021213203435597], [150.37777146623935, 19.02014676864541], [150.37680968639913, 19.01903179852491], [150.3759037740556, 19.017870979134774], [150.37505591163094, 19.01666710699059], [150.3742681417, 19.015423082325796], [150.37354236206954, 19.01414190210478], [150.3728803212063, 19.012826652802907], [150.37228361402467, 19.011480502970954], [150.3717536780445, 19.010106695601767], [150.37129178992805, 19.008708540317635], [150.37089906240416, 19.0072894053971], [150.3705764415879, 19.005852709660484], [150.37032470470106, 19.00440191423366], [150.37014445819983, 19.002940514209886], [150.37003613631384, 19.001472030229824], [150.37, 19.0], [150.37003613631384, 18.998527969770176], [150.37014445819983, 18.997059485790114], [150.37032470470106, 18.99559808576634], [150.3705764415879, 18.994147290339516], [150.37089906240416, 18.9927105946029], [150.37129178992805, 18.991291459682365], [150.3717536780445, 18.989893304398233], [150.37228361402467, 18.988519497029046], [150.3728803212063, 18.987173347197093], [150.37354236206954, 18.98585809789522], [150.3742681417, 18.984576917674204], [150.37505591163094, 18.98333289300941], [150.3759037740556, 18.982129020865226], [150.37680968639913, 18.98096820147509], [150.37777146623935, 18.97985323135459], [150.3787867965644, 18.978786796564403], [150.3798532313546, 18.97777146623935], [150.3809682014751, 18.97680968639912], [150.38212902086522, 18.97590377405558], [150.38333289300942, 18.97505591163092], [150.3845769176742, 18.97426814169999], [150.38585809789524, 18.973542362069548], [150.3871733471971, 18.972880321206297], [150.38851949702905, 18.97228361402466], [150.38989330439824, 18.971753678044507], [150.39129145968238, 18.97129178992803], [150.3927105946029, 18.97089906240416], [150.39414729033953, 18.9705764415879], [150.39559808576635, 18.970324704701056], [150.39705948579012, 18.970144458199833], [150.39852796977019, 18.970036136313844], [150.4, 18.97]]]}}, {"type": "Feature", "id": "TC100132219Polygon_Point_7", "properties": {"description": "Tropical Cyclone DUJUAN-26", "name": "Tropical Cyclone DUJUAN-26", "htmldescription": "Green Tropical Cylone DUJUAN-26 in Japan from: 15 Sep 2026 12:00:00 to:20 Sep 2026 00:00:00.", "link": "https://www.gdacs.org/report.aspx?eventtype=TC&eventid=1001322&episodeid=19", "featureIndex": "797", "iconeventlink": "https://www.gdacs.org/images/gdacs_icons/maps/Green/TC.png", "iconitemlink": "https://www.gdacs.org/images/gdacs_icons/maps/Green/TC.png", "alertlevel": "Green", "eventtype": "TC", "eventname": "DUJUAN-26", "polygonlabel": "17/09 06:00 UTC", "polygontype": "Polygon_Point_7", "fromdate": "15 Sep 2026 12:00:00", "todate": "20 Sep 2026 00:00:00", "country": "Japan", "countrylist": "Japan", "iso3": "JPN", "severity": "129.6288", "latitude": "28.7", "longitude": "137.5", "imageoverview": "https://www.gdacs.org/contentdata/resources/imgtemp/gdacs/tc/1001322/clouds_1001322_19.png", "Class": "Poly_Polygon_Point_7"}, "geometry": {"type": "Polygon", "coordinates": [[[150.4, 21.869999999999997], [150.40147203022983, 21.870036136313843], [150.4029405142099, 21.87014445819983], [150.40440191423366, 21.870324704701055], [150.40585270966048, 21.8705764415879], [150.4072894053971, 21.87089906240416], [150.40870854031763, 21.87129178992803], [150.41010669560177, 21.871753678044506], [150.41148050297096, 21.87228361402466], [150.41282665280292, 21.872880321206296], [150.41414190210477, 21.873542362069546], [150.41542308232582, 21.87426814169999], [150.4166671069906, 21.87505591163092], [150.4178709791348, 21.87590377405558], [150.4190317985249, 21.876809686399117], [150.42014676864542, 21.87777146623935], [150.4212132034356, 21.878786796564402], [150.42222853376066, 21.879853231354588], [150.42319031360088, 21.88096820147509], [150.42409622594442, 21.882129020865225], [150.42494408836907, 21.88333289300941], [150.42573185830003, 21.884576917674202], [150.42645763793047, 21.88585809789522], [150.4271196787937, 21.88717334719709], [150.42771638597534, 21.888519497029044], [150.4282463219555, 21.889893304398232], [150.42870821007196, 21.891291459682364], [150.42910093759585, 21.8927105946029], [150.4294235584121, 21.894147290339514], [150.42967529529895, 21.895598085766338], [150.42985554180018, 21.897059485790113], [150.42996386368617, 21.898527969770175], [150.43, 21.9], [150.42996386368617, 21.901472030229822], [150.42985554180018, 21.902940514209885], [150.42967529529895, 21.90440191423366], [150.4294235584121, 21.905852709660483], [150.42910093759585, 21.907289405397098], [150.42870821007196, 21.908708540317633], [150.4282463219555, 21.910106695601765], [150.42771638597534, 21.911480502970953], [150.4271196787937, 21.912826652802906], [150.42645763793047, 21.914141902104777], [150.42573185830003, 21.915423082325795], [150.42494408836907, 21.916667106990587], [150.42409622594442, 21.917870979134772], [150.42319031360088, 21.91903179852491], [150.42222853376066, 21.92014676864541], [150.4212132034356, 21.921213203435595], [150.42014676864542, 21.92222853376065], [150.4190317985249, 21.92319031360088], [150.4178709791348, 21.924096225944417], [150.4166671069906, 21.924944088369077], [150.41542308232582, 21.925731858300008], [150.41414190210477, 21.92645763793045], [150.41282665280292, 21.9271196787937], [150.41148050297096, 21.927716385975337], [150.41010669560177, 21.92824632195549], [150.40870854031763, 21.928708210071967], [150.4072894053971, 21.929100937595837], [150.40585270966048, 21.929423558412097], [150.40440191423366, 21.929675295298942], [150.4029405142099, 21.929855541800165], [150.40147203022983, 21.929963863686154], [150.4, 21.93], [150.39852796977019, 21.929963863686154], [150.39705948579012, 21.929855541800165], [150.39559808576635, 21.929675295298942], [150.39414729033953, 21.929423558412097], [150.3927105946029, 21.929100937595837], [150.39129145968238, 21.928708210071967], [150.38989330439824, 21.92824632195549], [150.38851949702905, 21.927716385975337], [150.3871733471971, 21.9271196787937], [150.38585809789524, 21.92645763793045], [150.3845769176742, 21.925731858300008], [150.38333289300942, 21.924944088369077], [150.38212902086522, 21.924096225944417], [150.3809682014751, 21.92319031360088], [150.3798532313546, 21.92222853376065], [150.3787867965644, 21.921213203435595], [150.37777146623935, 21.92014676864541], [150.37680968639913, 21.91903179852491], [150.3759037740556, 21.917870979134772], [150.37505591163094, 21.916667106990587], [150.3742681417, 21.915423082325795], [150.37354236206954, 21.914141902104777], [150.3728803212063, 21.912826652802906], [150.37228361402467, 21.911480502970953], [150.3717536780445, 21.910106695601765], [150.37129178992805, 21.908708540317633], [150.37089906240416, 21.907289405397098], [150.3705764415879, 21.905852709660483], [150.37032470470106, 21.90440191423366], [150.37014445819983, 21.902940514209885], [150.37003613631384, 21.901472030229822], [150.37, 21.9], [150.37003613631384, 21.898527969770175], [150.37014445819983, 21.897059485790113], [150.37032470470106, 21.895598085766338], [150.3705764415879, 21.894147290339514], [150.37089906240416, 21.8927105946029], [150.37129178992805, 21.891291459682364], [150.3717536780445, 21.889893304398232], [150.37228361402467, 21.888519497029044], [150.3728803212063, 21.88717334719709], [150.37354236206954, 21.88585809789522], [150.3742681417, 21.884576917674202], [150.37505591163094, 21.88333289300941], [150.3759037740556, 21.882129020865225], [150.37680968639913, 21.88096820147509], [150.37777146623935, 21.879853231354588], [150.3787867965644, 21.878786796564402], [150.3798532313546, 21.87777146623935], [150.3809682014751, 21.876809686399117], [150.38212902086522, 21.87590377405558], [150.38333289300942, 21.87505591163092], [150.3845769176742, 21.87426814169999], [150.38585809789524, 21.873542362069546], [150.3871733471971, 21.872880321206296], [150.38851949702905, 21.87228361402466], [150.38989330439824, 21.871753678044506], [150.39129145968238, 21.87129178992803], [150.3927105946029, 21.87089906240416], [150.39414729033953, 21.8705764415879], [150.39559808576635, 21.870324704701055], [150.39705948579012, 21.87014445819983], [150.39852796977019, 21.870036136313843], [150.4, 21.869999999999997]]]}}, {"type": "Feature", "id": "TC100132219Polygon_Point_8", "properties": {"description": "Tropical Cyclone DUJUAN-26", "name": "Tropical Cyclone DUJUAN-26", "htmldescription": "Green Tropical Cylone DUJUAN-26 in Japan from: 15 Sep 2026 12:00:00 to:20 Sep 2026 00:00:00.", "link": "https://www.gdacs.org/report.aspx?eventtype=TC&eventid=1001322&episodeid=19", "featureIndex": "798", "iconeventlink": "https://www.gdacs.org/images/gdacs_icons/maps/Green/TC.png", "iconitemlink": "https://www.gdacs.org/images/gdacs_icons/maps/Green/TC.png", "alertlevel": "Green", "eventtype": "TC", "eventname": "DUJUAN-26", "polygonlabel": "17/09 12:00 UTC", "polygontype": "Polygon_Point_8", "fromdate": "15 Sep 2026 12:00:00", "todate": "20 Sep 2026 00:00:00", "country": "Japan", "countrylist": "Japan", "iso3": "JPN", "severity": "129.6288", "latitude": "28.7", "longitude": "137.5", "imageoverview": "https://www.gdacs.org/contentdata/resources/imgtemp/gdacs/tc/1001322/clouds_1001322_19.png", "Class": "Poly_Polygon_Point_8"}, "geometry": {"type": "Polygon", "coordinates": [[[148.6, 23.77], [148.60147203022981, 23.770036136313845], [148.60294051420988, 23.770144458199834], [148.60440191423365, 23.770324704701057], [148.60585270966047, 23.770576441587902], [148.6072894053971, 23.770899062404162], [148.60870854031762, 23.771291789928032], [148.61010669560176, 23.771753678044508], [148.61148050297095, 23.772283614024662], [148.6128266528029, 23.772880321206298], [148.61414190210476, 23.77354236206955], [148.6154230823258, 23.77426814169999], [148.61666710699058, 23.775055911630922], [148.61787097913478, 23.775903774055582], [148.6190317985249, 23.77680968639912], [148.6201467686454, 23.77777146623935], [148.6212132034356, 23.778786796564404], [148.62222853376065, 23.77985323135459], [148.62319031360087, 23.78096820147509], [148.6240962259444, 23.782129020865227], [148.62494408836906, 23.783332893009412], [148.6257318583, 23.784576917674205], [148.62645763793046, 23.785858097895222], [148.6271196787937, 23.787173347197093], [148.62771638597533, 23.788519497029046], [148.6282463219555, 23.789893304398234], [148.62870821007195, 23.791291459682366], [148.62910093759584, 23.7927105946029], [148.6294235584121, 23.794147290339517], [148.62967529529894, 23.79559808576634], [148.62985554180017, 23.797059485790115], [148.62996386368616, 23.798527969770177], [148.63, 23.8], [148.62996386368616, 23.801472030229824], [148.62985554180017, 23.802940514209887], [148.62967529529894, 23.80440191423366], [148.6294235584121, 23.805852709660485], [148.62910093759584, 23.8072894053971], [148.62870821007195, 23.808708540317635], [148.6282463219555, 23.810106695601768], [148.62771638597533, 23.811480502970955], [148.6271196787937, 23.812826652802908], [148.62645763793046, 23.81414190210478], [148.6257318583, 23.815423082325797], [148.62494408836906, 23.81666710699059], [148.6240962259444, 23.817870979134774], [148.62319031360087, 23.81903179852491], [148.62222853376065, 23.82014676864541], [148.6212132034356, 23.821213203435597], [148.6201467686454, 23.82222853376065], [148.6190317985249, 23.823190313600882], [148.61787097913478, 23.82409622594442], [148.61666710699058, 23.82494408836908], [148.6154230823258, 23.82573185830001], [148.61414190210476, 23.826457637930453], [148.6128266528029, 23.827119678793704], [148.61148050297095, 23.82771638597534], [148.61010669560176, 23.828246321955493], [148.60870854031762, 23.82870821007197], [148.6072894053971, 23.82910093759584], [148.60585270966047, 23.8294235584121], [148.60440191423365, 23.829675295298944], [148.60294051420988, 23.829855541800168], [148.60147203022981, 23.829963863686157], [148.6, 23.830000000000002], [148.59852796977017, 23.829963863686157], [148.5970594857901, 23.829855541800168], [148.59559808576634, 23.829675295298944], [148.59414729033952, 23.8294235584121], [148.5927105946029, 23.82910093759584], [148.59129145968237, 23.82870821007197], [148.58989330439823, 23.828246321955493], [148.58851949702904, 23.82771638597534], [148.58717334719708, 23.827119678793704], [148.58585809789523, 23.826457637930453], [148.58457691767418, 23.82573185830001], [148.5833328930094, 23.82494408836908], [148.5821290208652, 23.82409622594442], [148.5809682014751, 23.823190313600882], [148.57985323135458, 23.82222853376065], [148.5787867965644, 23.821213203435597], [148.57777146623934, 23.82014676864541], [148.57680968639912, 23.81903179852491], [148.57590377405558, 23.817870979134774], [148.57505591163093, 23.81666710699059], [148.57426814169997, 23.815423082325797], [148.57354236206953, 23.81414190210478], [148.5728803212063, 23.812826652802908], [148.57228361402466, 23.811480502970955], [148.5717536780445, 23.810106695601768], [148.57129178992804, 23.808708540317635], [148.57089906240415, 23.8072894053971], [148.5705764415879, 23.805852709660485], [148.57032470470105, 23.80440191423366], [148.57014445819982, 23.802940514209887], [148.57003613631383, 23.801472030229824], [148.57, 23.8], [148.57003613631383, 23.798527969770177], [148.57014445819982, 23.797059485790115], [148.57032470470105, 23.79559808576634], [148.5705764415879, 23.794147290339517], [148.57089906240415, 23.7927105946029], [148.57129178992804, 23.791291459682366], [148.5717536780445, 23.789893304398234], [148.57228361402466, 23.788519497029046], [148.5728803212063, 23.787173347197093], [148.57354236206953, 23.785858097895222], [148.57426814169997, 23.784576917674205], [148.57505591163093, 23.783332893009412], [148.57590377405558, 23.782129020865227], [148.57680968639912, 23.78096820147509], [148.57777146623934, 23.77985323135459], [148.5787867965644, 23.778786796564404], [148.57985323135458, 23.77777146623935], [148.5809682014751, 23.77680968639912], [148.5821290208652, 23.775903774055582], [148.5833328930094, 23.775055911630922], [148.58457691767418, 23.77426814169999], [148.58585809789523, 23.77354236206955], [148.58717334719708, 23.772880321206298], [148.58851949702904, 23.772283614024662], [148.58989330439823, 23.771753678044508], [148.59129145968237, 23.771291789928032], [148.5927105946029, 23.770899062404162], [148.59414729033952, 23.770576441587902], [148.59559808576634, 23.770324704701057], [148.5970594857901, 23.770144458199834], [148.59852796977017, 23.770036136313845], [148.6, 23.77]]]}}, {"type": "Feature", "id": "TC100132219Polygon_Point_9", "properties": {"description": "Tropical Cyclone DUJUAN-26", "name": "Tropical Cyclone DUJUAN-26", "htmldescription": "Green Tropical Cylone DUJUAN-26 in Japan from: 15 Sep 2026 12:00:00 to:20 Sep 2026 00:00:00.", "link": "https://www.gdacs.org/report.aspx?eventtype=TC&eventid=1001322&episodeid=19", "featureIndex": "799", "iconeventlink": "https://www.gdacs.org/images/gdacs_icons/maps/Green/TC.png", "iconitemlink": "https://www.gdacs.org/images/gdacs_icons/maps/Green/TC.png", "alertlevel": "Green", "eventtype": "TC", "eventname": "DUJUAN-26", "polygonlabel": "17/09 18:00 UTC", "polygontype": "Polygon_Point_9", "fromdate": "15 Sep 2026 12:00:00", "todate": "20 Sep 2026 00:00:00", "country": "Japan", "countrylist": "Japan", "iso3": "JPN", "severity": "129.6288", "latitude": "28.7", "longitude": "137.5", "imageoverview": "https://www.gdacs.org/contentdata/resources/imgtemp/gdacs/tc/1001322/clouds_1001322_19.png", "Class": "Poly_Polygon_Point_9"}, "geometry": {"type": "Polygon", "coordinates": [[[146.0, 25.169999999999998], [146.00147203022982, 25.170036136313843], [146.00294051420988, 25.170144458199832], [146.00440191423365, 25.170324704701056], [146.00585270966047, 25.1705764415879], [146.0072894053971, 25.17089906240416], [146.00870854031763, 25.17129178992803], [146.01010669560176, 25.171753678044507], [146.01148050297095, 25.17228361402466], [146.01282665280291, 25.172880321206296], [146.01414190210477, 25.173542362069547], [146.0154230823258, 25.17426814169999], [146.01666710699058, 25.17505591163092], [146.01787097913478, 25.17590377405558], [146.0190317985249, 25.176809686399118], [146.02014676864542, 25.17777146623935], [146.0212132034356, 25.178786796564403], [146.02222853376065, 25.17985323135459], [146.02319031360088, 25.18096820147509], [146.02409622594442, 25.182129020865226], [146.02494408836907, 25.18333289300941], [146.02573185830002, 25.184576917674203], [146.02645763793046, 25.18585809789522], [146.0271196787937, 25.187173347197092], [146.02771638597534, 25.188519497029045], [146.0282463219555, 25.189893304398232], [146.02870821007195, 25.191291459682365], [146.02910093759584, 25.1927105946029], [146.0294235584121, 25.194147290339515], [146.02967529529894, 25.19559808576634], [146.02985554180017, 25.197059485790113], [146.02996386368616, 25.198527969770176], [146.03, 25.2], [146.02996386368616, 25.201472030229823], [146.02985554180017, 25.202940514209885], [146.02967529529894, 25.20440191423366], [146.0294235584121, 25.205852709660483], [146.02910093759584, 25.2072894053971], [146.02870821007195, 25.208708540317634], [146.0282463219555, 25.210106695601766], [146.02771638597534, 25.211480502970954], [146.0271196787937, 25.212826652802907], [146.02645763793046, 25.214141902104778], [146.02573185830002, 25.215423082325795], [146.02494408836907, 25.216667106990588], [146.02409622594442, 25.217870979134773], [146.02319031360088, 25.21903179852491], [146.02222853376065, 25.22014676864541], [146.0212132034356, 25.221213203435596], [146.02014676864542, 25.22222853376065], [146.0190317985249, 25.22319031360088], [146.01787097913478, 25.224096225944418], [146.01666710699058, 25.224944088369078], [146.0154230823258, 25.22573185830001], [146.01414190210477, 25.22645763793045], [146.01282665280291, 25.227119678793702], [146.01148050297095, 25.227716385975338], [146.01010669560176, 25.228246321955492], [146.00870854031763, 25.228708210071968], [146.0072894053971, 25.229100937595838], [146.00585270966047, 25.229423558412098], [146.00440191423365, 25.229675295298943], [146.00294051420988, 25.229855541800166], [146.00147203022982, 25.229963863686155], [146.0, 25.23], [145.99852796977018, 25.229963863686155], [145.99705948579012, 25.229855541800166], [145.99559808576635, 25.229675295298943], [145.99414729033953, 25.229423558412098], [145.9927105946029, 25.229100937595838], [145.99129145968237, 25.228708210071968], [145.98989330439824, 25.228246321955492], [145.98851949702905, 25.227716385975338], [145.98717334719709, 25.227119678793702], [145.98585809789523, 25.22645763793045], [145.9845769176742, 25.22573185830001], [145.98333289300942, 25.224944088369078], [145.98212902086522, 25.224096225944418], [145.9809682014751, 25.22319031360088], [145.97985323135458, 25.22222853376065], [145.9787867965644, 25.221213203435596], [145.97777146623935, 25.22014676864541], [145.97680968639912, 25.21903179852491], [145.97590377405558, 25.217870979134773], [145.97505591163093, 25.216667106990588], [145.97426814169998, 25.215423082325795], [145.97354236206954, 25.214141902104778], [145.9728803212063, 25.212826652802907], [145.97228361402466, 25.211480502970954], [145.9717536780445, 25.210106695601766], [145.97129178992805, 25.208708540317634], [145.97089906240416, 25.2072894053971], [145.9705764415879, 25.205852709660483], [145.97032470470106, 25.20440191423366], [145.97014445819983, 25.202940514209885], [145.97003613631384, 25.201472030229823], [145.97, 25.2], [145.97003613631384, 25.198527969770176], [145.97014445819983, 25.197059485790113], [145.97032470470106, 25.19559808576634], [145.9705764415879, 25.194147290339515], [145.97089906240416, 25.1927105946029], [145.97129178992805, 25.191291459682365], [145.9717536780445, 25.189893304398232], [145.97228361402466, 25.188519497029045], [145.9728803212063, 25.187173347197092], [145.97354236206954, 25.18585809789522], [145.97426814169998, 25.184576917674203], [145.97505591163093, 25.18333289300941], [145.97590377405558, 25.182129020865226], [145.97680968639912, 25.18096820147509], [145.97777146623935, 25.17985323135459], [145.9787867965644, 25.178786796564403], [145.97985323135458, 25.17777146623935], [145.9809682014751, 25.176809686399118], [145.98212902086522, 25.17590377405558], [145.98333289300942, 25.17505591163092], [145.9845769176742, 25.17426814169999], [145.98585809789523, 25.173542362069547], [145.98717334719709, 25.172880321206296], [145.98851949702905, 25.17228361402466], [145.98989330439824, 25.171753678044507], [145.99129145968237, 25.17129178992803], [145.9927105946029, 25.17089906240416], [145.99414729033953, 25.1705764415879], [145.99559808576635, 25.170324704701056], [145.99705948579012, 25.170144458199832], [145.99852796977018, 25.170036136313843], [146.0, 25.169999999999998]]]}}, {"type": "Feature", "id": "TC100132219Polygon_Point_10", "properties": {"description": "Tropical Cyclone DUJUAN-26", "name": "Tropical Cyclone DUJUAN-26", "htmldescription": "Green Tropical Cylone DUJUAN-26 in Japan from: 15 Sep 2026 12:00:00 to:20 Sep 2026 00:00:00.", "link": "https://www.gdacs.org/report.aspx?eventtype=TC&eventid=1001322&episodeid=19", "featureIndex": "800", "iconeventlink": "https://www.gdacs.org/images/gdacs_icons/maps/Green/TC.png", "iconitemlink": "https://www.gdacs.org/images/gdacs_icons/maps/Green/TC.png", "alertlevel": "Green", "eventtype": "TC", "eventname": "DUJUAN-26", "polygonlabel": "18/09 00:00 UTC", "polygontype": "Polygon_Point_10", "fromdate": "15 Sep 2026 12:00:00", "todate": "20 Sep 2026 00:00:00", "country": "Japan", "countrylist": "Japan", "iso3": "JPN", "severity": "129.6288", "latitude": "28.7", "longitude": "137.5", "imageoverview": "https://www.gdacs.org/contentdata/resources/imgtemp/gdacs/tc/1001322/clouds_1001322_19.png", "Class": "Poly_Polygon_Point_10"}, "geometry": {"type": "Polygon", "coordinates": [[[144.5, 25.07], [144.50147203022982, 25.070036136313846], [144.50294051420988, 25.070144458199835], [144.50440191423365, 25.070324704701058], [144.50585270966047, 25.070576441587903], [144.5072894053971, 25.070899062404163], [144.50870854031763, 25.071291789928033], [144.51010669560176, 25.07175367804451], [144.51148050297095, 25.072283614024663], [144.51282665280291, 25.0728803212063], [144.51414190210477, 25.07354236206955], [144.5154230823258, 25.074268141699992], [144.51666710699058, 25.075055911630923], [144.51787097913478, 25.075903774055583], [144.5190317985249, 25.07680968639912], [144.52014676864542, 25.07777146623935], [144.5212132034356, 25.078786796564405], [144.52222853376065, 25.07985323135459], [144.52319031360088, 25.08096820147509], [144.52409622594442, 25.082129020865228], [144.52494408836907, 25.083332893009413], [144.52573185830002, 25.084576917674205], [144.52645763793046, 25.085858097895223], [144.5271196787937, 25.087173347197094], [144.52771638597534, 25.088519497029047], [144.5282463219555, 25.089893304398235], [144.52870821007195, 25.091291459682367], [144.52910093759584, 25.092710594602902], [144.5294235584121, 25.094147290339517], [144.52967529529894, 25.09559808576634], [144.52985554180017, 25.097059485790115], [144.52996386368616, 25.098527969770178], [144.53, 25.1], [144.52996386368616, 25.101472030229825], [144.52985554180017, 25.102940514209887], [144.52967529529894, 25.104401914233662], [144.5294235584121, 25.105852709660486], [144.52910093759584, 25.1072894053971], [144.52870821007195, 25.108708540317636], [144.5282463219555, 25.110106695601768], [144.52771638597534, 25.111480502970956], [144.5271196787937, 25.11282665280291], [144.52645763793046, 25.11414190210478], [144.52573185830002, 25.115423082325798], [144.52494408836907, 25.11666710699059], [144.52409622594442, 25.117870979134775], [144.52319031360088, 25.11903179852491], [144.52222853376065, 25.120146768645412], [144.5212132034356, 25.121213203435598], [144.52014676864542, 25.12222853376065], [144.5190317985249, 25.123190313600883], [144.51787097913478, 25.12409622594442], [144.51666710699058, 25.12494408836908], [144.5154230823258, 25.12573185830001], [144.51414190210477, 25.126457637930454], [144.51282665280291, 25.127119678793704], [144.51148050297095, 25.12771638597534], [144.51010669560176, 25.128246321955494], [144.50870854031763, 25.12870821007197], [144.5072894053971, 25.12910093759584], [144.50585270966047, 25.1294235584121], [144.50440191423365, 25.129675295298945], [144.50294051420988, 25.12985554180017], [144.50147203022982, 25.129963863686157], [144.5, 25.130000000000003], [144.49852796977018, 25.129963863686157], [144.49705948579012, 25.12985554180017], [144.49559808576635, 25.129675295298945], [144.49414729033953, 25.1294235584121], [144.4927105946029, 25.12910093759584], [144.49129145968237, 25.12870821007197], [144.48989330439824, 25.128246321955494], [144.48851949702905, 25.12771638597534], [144.48717334719709, 25.127119678793704], [144.48585809789523, 25.126457637930454], [144.4845769176742, 25.12573185830001], [144.48333289300942, 25.12494408836908], [144.48212902086522, 25.12409622594442], [144.4809682014751, 25.123190313600883], [144.47985323135458, 25.12222853376065], [144.4787867965644, 25.121213203435598], [144.47777146623935, 25.120146768645412], [144.47680968639912, 25.11903179852491], [144.47590377405558, 25.117870979134775], [144.47505591163093, 25.11666710699059], [144.47426814169998, 25.115423082325798], [144.47354236206954, 25.11414190210478], [144.4728803212063, 25.11282665280291], [144.47228361402466, 25.111480502970956], [144.4717536780445, 25.110106695601768], [144.47129178992805, 25.108708540317636], [144.47089906240416, 25.1072894053971], [144.4705764415879, 25.105852709660486], [144.47032470470106, 25.104401914233662], [144.47014445819983, 25.102940514209887], [144.47003613631384, 25.101472030229825], [144.47, 25.1], [144.47003613631384, 25.098527969770178], [144.47014445819983, 25.097059485790115], [144.47032470470106, 25.09559808576634], [144.4705764415879, 25.094147290339517], [144.47089906240416, 25.092710594602902], [144.47129178992805, 25.091291459682367], [144.4717536780445, 25.089893304398235], [144.47228361402466, 25.088519497029047], [144.4728803212063, 25.087173347197094], [144.47354236206954, 25.085858097895223], [144.47426814169998, 25.084576917674205], [144.47505591163093, 25.083332893009413], [144.47590377405558, 25.082129020865228], [144.47680968639912, 25.08096820147509], [144.47777146623935, 25.07985323135459], [144.4787867965644, 25.078786796564405], [144.47985323135458, 25.07777146623935], [144.4809682014751, 25.07680968639912], [144.48212902086522, 25.075903774055583], [144.48333289300942, 25.075055911630923], [144.4845769176742, 25.074268141699992], [144.48585809789523, 25.07354236206955], [144.48717334719709, 25.0728803212063], [144.48851949702905, 25.072283614024663], [144.48989330439824, 25.07175367804451], [144.49129145968237, 25.071291789928033], [144.4927105946029, 25.070899062404163], [144.49414729033953, 25.070576441587903], [144.49559808576635, 25.070324704701058], [144.49705948579012, 25.070144458199835], [144.49852796977018, 25.070036136313846], [144.5, 25.07]]]}}, {"type": "Feature", "id": "TC100132219Polygon_Point_11", "properties": {"description": "Tropical Cyclone DUJUAN-26", "name": "Tropical Cyclone DUJUAN-26", "htmldescription": "Green Tropical Cylone DUJUAN-26 in Japan from: 15 Sep 2026 12:00:00 to:20 Sep 2026 00:00:00.", "link": "https://www.gdacs.org/report.aspx?eventtype=TC&eventid=1001322&episodeid=19", "featureIndex": "801", "iconeventlink": "https://www.gdacs.org/images/gdacs_icons/maps/Green/TC.png", "iconitemlink": "https://www.gdacs.org/images/gdacs_icons/maps/Green/TC.png", "alertlevel": "Green", "eventtype": "TC", "eventname": "DUJUAN-26", "polygonlabel": "18/09 06:00 UTC", "polygontype": "Polygon_Point_11", "fromdate": "15 Sep 2026 12:00:00", "todate": "20 Sep 2026 00:00:00", "country": "Japan", "countrylist": "Japan", "iso3": "JPN", "severity": "129.6288", "latitude": "28.7", "longitude": "137.5", "imageoverview": "https://www.gdacs.org/contentdata/resources/imgtemp/gdacs/tc/1001322/clouds_1001322_19.png", "Class": "Poly_Polygon_Point_11"}, "geometry": {"type": "Polygon", "coordinates": [[[142.9, 25.869999999999997], [142.90147203022983, 25.870036136313843], [142.9029405142099, 25.87014445819983], [142.90440191423366, 25.870324704701055], [142.90585270966048, 25.8705764415879], [142.9072894053971, 25.87089906240416], [142.90870854031763, 25.87129178992803], [142.91010669560177, 25.871753678044506], [142.91148050297096, 25.87228361402466], [142.91282665280292, 25.872880321206296], [142.91414190210477, 25.873542362069546], [142.91542308232582, 25.87426814169999], [142.9166671069906, 25.87505591163092], [142.9178709791348, 25.87590377405558], [142.9190317985249, 25.876809686399117], [142.92014676864542, 25.87777146623935], [142.9212132034356, 25.878786796564402], [142.92222853376066, 25.879853231354588], [142.92319031360088, 25.88096820147509], [142.92409622594442, 25.882129020865225], [142.92494408836907, 25.88333289300941], [142.92573185830003, 25.884576917674202], [142.92645763793047, 25.88585809789522], [142.9271196787937, 25.88717334719709], [142.92771638597534, 25.888519497029044], [142.9282463219555, 25.889893304398232], [142.92870821007196, 25.891291459682364], [142.92910093759585, 25.8927105946029], [142.9294235584121, 25.894147290339514], [142.92967529529895, 25.895598085766338], [142.92985554180018, 25.897059485790113], [142.92996386368617, 25.898527969770175], [142.93, 25.9], [142.92996386368617, 25.901472030229822], [142.92985554180018, 25.902940514209885], [142.92967529529895, 25.90440191423366], [142.9294235584121, 25.905852709660483], [142.92910093759585, 25.907289405397098], [142.92870821007196, 25.908708540317633], [142.9282463219555, 25.910106695601765], [142.92771638597534, 25.911480502970953], [142.9271196787937, 25.912826652802906], [142.92645763793047, 25.914141902104777], [142.92573185830003, 25.915423082325795], [142.92494408836907, 25.916667106990587], [142.92409622594442, 25.917870979134772], [142.92319031360088, 25.91903179852491], [142.92222853376066, 25.92014676864541], [142.9212132034356, 25.921213203435595], [142.92014676864542, 25.92222853376065], [142.9190317985249, 25.92319031360088], [142.9178709791348, 25.924096225944417], [142.9166671069906, 25.924944088369077], [142.91542308232582, 25.925731858300008], [142.91414190210477, 25.92645763793045], [142.91282665280292, 25.9271196787937], [142.91148050297096, 25.927716385975337], [142.91010669560177, 25.92824632195549], [142.90870854031763, 25.928708210071967], [142.9072894053971, 25.929100937595837], [142.90585270966048, 25.929423558412097], [142.90440191423366, 25.929675295298942], [142.9029405142099, 25.929855541800165], [142.90147203022983, 25.929963863686154], [142.9, 25.93], [142.89852796977019, 25.929963863686154], [142.89705948579012, 25.929855541800165], [142.89559808576635, 25.929675295298942], [142.89414729033953, 25.929423558412097], [142.8927105946029, 25.929100937595837], [142.89129145968238, 25.928708210071967], [142.88989330439824, 25.92824632195549], [142.88851949702905, 25.927716385975337], [142.8871733471971, 25.9271196787937], [142.88585809789524, 25.92645763793045], [142.8845769176742, 25.925731858300008], [142.88333289300942, 25.924944088369077], [142.88212902086522, 25.924096225944417], [142.8809682014751, 25.92319031360088], [142.8798532313546, 25.92222853376065], [142.8787867965644, 25.921213203435595], [142.87777146623935, 25.92014676864541], [142.87680968639913, 25.91903179852491], [142.8759037740556, 25.917870979134772], [142.87505591163094, 25.916667106990587], [142.87426814170001, 25.915423082325795], [142.87354236206954, 25.914141902104777], [142.8728803212063, 25.912826652802906], [142.87228361402467, 25.911480502970953], [142.8717536780445, 25.910106695601765], [142.87129178992805, 25.908708540317633], [142.87089906240416, 25.907289405397098], [142.8705764415879, 25.905852709660483], [142.87032470470106, 25.90440191423366], [142.87014445819983, 25.902940514209885], [142.87003613631384, 25.901472030229822], [142.87, 25.9], [142.87003613631384, 25.898527969770175], [142.87014445819983, 25.897059485790113], [142.87032470470106, 25.895598085766338], [142.8705764415879, 25.894147290339514], [142.87089906240416, 25.8927105946029], [142.87129178992805, 25.891291459682364], [142.8717536780445, 25.889893304398232], [142.87228361402467, 25.888519497029044], [142.8728803212063, 25.88717334719709], [142.87354236206954, 25.88585809789522], [142.87426814170001, 25.884576917674202], [142.87505591163094, 25.88333289300941], [142.8759037740556, 25.882129020865225], [142.87680968639913, 25.88096820147509], [142.87777146623935, 25.879853231354588], [142.8787867965644, 25.878786796564402], [142.8798532313546, 25.87777146623935], [142.8809682014751, 25.876809686399117], [142.88212902086522, 25.87590377405558], [142.88333289300942, 25.87505591163092], [142.8845769176742, 25.87426814169999], [142.88585809789524, 25.873542362069546], [142.8871733471971, 25.872880321206296], [142.88851949702905, 25.87228361402466], [142.88989330439824, 25.871753678044506], [142.89129145968238, 25.87129178992803], [142.8927105946029, 25.87089906240416], [142.89414729033953, 25.8705764415879], [142.89559808576635, 25.870324704701055], [142.89705948579012, 25.87014445819983], [142.89852796977019, 25.870036136313843], [142.9, 25.869999999999997]]]}}, {"type": "Feature", "id": "TC100132219Polygon_Point_12", "properties": {"description": "Tropical Cyclone DUJUAN-26", "name": "Tropical Cyclone DUJUAN-26", "htmldescription": "Green Tropical Cylone DUJUAN-26 in Japan from: 15 Sep 2026 12:00:00 to:20 Sep 2026 00:00:00.", "link": "https://www.gdacs.org/report.aspx?eventtype=TC&eventid=1001322&episodeid=19", "featureIndex": "802", "iconeventlink": "https://www.gdacs.org/images/gdacs_icons/maps/Green/TC.png", "iconitemlink": "https://www.gdacs.org/images/gdacs_icons/maps/Green/TC.png", "alertlevel": "Green", "eventtype": "TC", "eventname": "DUJUAN-26", "polygonlabel": "18/09 12:00 UTC", "polygontype": "Polygon_Point_12", "fromdate": "15 Sep 2026 12:00:00", "todate": "20 Sep 2026 00:00:00", "country": "Japan", "countrylist": "Japan", "iso3": "JPN", "severity": "129.6288", "latitude": "28.7", "longitude": "137.5", "imageoverview": "https://www.gdacs.org/contentdata/resources/imgtemp/gdacs/tc/1001322/clouds_1001322_19.png", "Class": "Poly_Polygon_Point_12"}, "geometry": {"type": "Polygon", "coordinates": [[[141.7, 25.369999999999997], [141.7014720302298, 25.370036136313843], [141.70294051420987, 25.37014445819983], [141.70440191423364, 25.370324704701055], [141.70585270966046, 25.3705764415879], [141.7072894053971, 25.37089906240416], [141.70870854031762, 25.37129178992803], [141.71010669560175, 25.371753678044506], [141.71148050297094, 25.37228361402466], [141.7128266528029, 25.372880321206296], [141.71414190210476, 25.373542362069546], [141.7154230823258, 25.37426814169999], [141.71666710699057, 25.37505591163092], [141.71787097913477, 25.37590377405558], [141.7190317985249, 25.376809686399117], [141.7201467686454, 25.37777146623935], [141.72121320343558, 25.378786796564402], [141.72222853376064, 25.379853231354588], [141.72319031360087, 25.38096820147509], [141.7240962259444, 25.382129020865225], [141.72494408836906, 25.38333289300941], [141.7257318583, 25.384576917674202], [141.72645763793045, 25.38585809789522], [141.72711967879368, 25.38717334719709], [141.72771638597533, 25.388519497029044], [141.72824632195548, 25.389893304398232], [141.72870821007194, 25.391291459682364], [141.72910093759583, 25.3927105946029], [141.7294235584121, 25.394147290339514], [141.72967529529893, 25.395598085766338], [141.72985554180016, 25.397059485790113], [141.72996386368615, 25.398527969770175], [141.73, 25.4], [141.72996386368615, 25.401472030229822], [141.72985554180016, 25.402940514209885], [141.72967529529893, 25.40440191423366], [141.7294235584121, 25.405852709660483], [141.72910093759583, 25.407289405397098], [141.72870821007194, 25.408708540317633], [141.72824632195548, 25.410106695601765], [141.72771638597533, 25.411480502970953], [141.72711967879368, 25.412826652802906], [141.72645763793045, 25.414141902104777], [141.7257318583, 25.415423082325795], [141.72494408836906, 25.416667106990587], [141.7240962259444, 25.417870979134772], [141.72319031360087, 25.41903179852491], [141.72222853376064, 25.42014676864541], [141.72121320343558, 25.421213203435595], [141.7201467686454, 25.42222853376065], [141.7190317985249, 25.42319031360088], [141.71787097913477, 25.424096225944417], [141.71666710699057, 25.424944088369077], [141.7154230823258, 25.425731858300008], [141.71414190210476, 25.42645763793045], [141.7128266528029, 25.4271196787937], [141.71148050297094, 25.427716385975337], [141.71010669560175, 25.42824632195549], [141.70870854031762, 25.428708210071967], [141.7072894053971, 25.429100937595837], [141.70585270966046, 25.429423558412097], [141.70440191423364, 25.429675295298942], [141.70294051420987, 25.429855541800165], [141.7014720302298, 25.429963863686154], [141.7, 25.43], [141.69852796977017, 25.429963863686154], [141.6970594857901, 25.429855541800165], [141.69559808576633, 25.429675295298942], [141.69414729033952, 25.429423558412097], [141.6927105946029, 25.429100937595837], [141.69129145968236, 25.428708210071967], [141.68989330439823, 25.42824632195549], [141.68851949702903, 25.427716385975337], [141.68717334719707, 25.4271196787937], [141.68585809789522, 25.42645763793045], [141.68457691767418, 25.425731858300008], [141.6833328930094, 25.424944088369077], [141.6821290208652, 25.424096225944417], [141.68096820147508, 25.42319031360088], [141.67985323135457, 25.42222853376065], [141.6787867965644, 25.421213203435595], [141.67777146623934, 25.42014676864541], [141.6768096863991, 25.41903179852491], [141.67590377405557, 25.417870979134772], [141.67505591163092, 25.416667106990587], [141.67426814169997, 25.415423082325795], [141.67354236206953, 25.414141902104777], [141.6728803212063, 25.412826652802906], [141.67228361402465, 25.411480502970953], [141.6717536780445, 25.410106695601765], [141.67129178992803, 25.408708540317633], [141.67089906240415, 25.407289405397098], [141.67057644158788, 25.405852709660483], [141.67032470470104, 25.40440191423366], [141.67014445819981, 25.402940514209885], [141.67003613631383, 25.401472030229822], [141.67, 25.4], [141.67003613631383, 25.398527969770175], [141.67014445819981, 25.397059485790113], [141.67032470470104, 25.395598085766338], [141.67057644158788, 25.394147290339514], [141.67089906240415, 25.3927105946029], [141.67129178992803, 25.391291459682364], [141.6717536780445, 25.389893304398232], [141.67228361402465, 25.388519497029044], [141.6728803212063, 25.38717334719709], [141.67354236206953, 25.38585809789522], [141.67426814169997, 25.384576917674202], [141.67505591163092, 25.38333289300941], [141.67590377405557, 25.382129020865225], [141.6768096863991, 25.38096820147509], [141.67777146623934, 25.379853231354588], [141.6787867965644, 25.378786796564402], [141.67985323135457, 25.37777146623935], [141.68096820147508, 25.376809686399117], [141.6821290208652, 25.37590377405558], [141.6833328930094, 25.37505591163092], [141.68457691767418, 25.37426814169999], [141.68585809789522, 25.373542362069546], [141.68717334719707, 25.372880321206296], [141.68851949702903, 25.37228361402466], [141.68989330439823, 25.371753678044506], [141.69129145968236, 25.37129178992803], [141.6927105946029, 25.37089906240416], [141.69414729033952, 25.3705764415879], [141.69559808576633, 25.370324704701055], [141.6970594857901, 25.37014445819983], [141.69852796977017, 25.370036136313843], [141.7, 25.369999999999997]]]}}, {"type": "Feature", "id": "TC100132219Polygon_Point_13", "properties": {"description": "Tropical Cyclone DUJUAN-26", "name": "Tropical Cyclone DUJUAN-26", "htmldescription": "Green Tropical Cylone DUJUAN-26 in Japan from: 15 Sep 2026 12:00:00 to:20 Sep 2026 00:00:00.", "link": "https://www.gdacs.org/report.aspx?eventtype=TC&eventid=1001322&episodeid=19", "featureIndex": "803", "iconeventlink": "https://www.gdacs.org/images/gdacs_icons/maps/Green/TC.png", "iconitemlink": "https://www.gdacs.org/images/gdacs_icons/maps/Green/TC.png", "alertlevel": "Green", "eventtype": "TC", "eventname": "DUJUAN-26", "polygonlabel": "18/09 18:00 UTC", "polygontype": "Polygon_Point_13", "fromdate": "15 Sep 2026 12:00:00", "todate": "20 Sep 2026 00:00:00", "country": "Japan", "countrylist": "Japan", "iso3": "JPN", "severity": "129.6288", "latitude": "28.7", "longitude": "137.5", "imageoverview": "https://www.gdacs.org/contentdata/resources/imgtemp/gdacs/tc/1001322/clouds_1001322_19.png", "Class": "Poly_Polygon_Point_13"}, "geometry": {"type": "Polygon", "coordinates": [[[140.7, 26.169999999999998], [140.7014720302298, 26.170036136313843], [140.70294051420987, 26.170144458199832], [140.70440191423364, 26.170324704701056], [140.70585270966046, 26.1705764415879], [140.7072894053971, 26.17089906240416], [140.70870854031762, 26.17129178992803], [140.71010669560175, 26.171753678044507], [140.71148050297094, 26.17228361402466], [140.7128266528029, 26.172880321206296], [140.71414190210476, 26.173542362069547], [140.7154230823258, 26.17426814169999], [140.71666710699057, 26.17505591163092], [140.71787097913477, 26.17590377405558], [140.7190317985249, 26.176809686399118], [140.7201467686454, 26.17777146623935], [140.72121320343558, 26.178786796564403], [140.72222853376064, 26.17985323135459], [140.72319031360087, 26.18096820147509], [140.7240962259444, 26.182129020865226], [140.72494408836906, 26.18333289300941], [140.7257318583, 26.184576917674203], [140.72645763793045, 26.18585809789522], [140.72711967879368, 26.187173347197092], [140.72771638597533, 26.188519497029045], [140.72824632195548, 26.189893304398232], [140.72870821007194, 26.191291459682365], [140.72910093759583, 26.1927105946029], [140.7294235584121, 26.194147290339515], [140.72967529529893, 26.19559808576634], [140.72985554180016, 26.197059485790113], [140.72996386368615, 26.198527969770176], [140.73, 26.2], [140.72996386368615, 26.201472030229823], [140.72985554180016, 26.202940514209885], [140.72967529529893, 26.20440191423366], [140.7294235584121, 26.205852709660483], [140.72910093759583, 26.2072894053971], [140.72870821007194, 26.208708540317634], [140.72824632195548, 26.210106695601766], [140.72771638597533, 26.211480502970954], [140.72711967879368, 26.212826652802907], [140.72645763793045, 26.214141902104778], [140.7257318583, 26.215423082325795], [140.72494408836906, 26.216667106990588], [140.7240962259444, 26.217870979134773], [140.72319031360087, 26.21903179852491], [140.72222853376064, 26.22014676864541], [140.72121320343558, 26.221213203435596], [140.7201467686454, 26.22222853376065], [140.7190317985249, 26.22319031360088], [140.71787097913477, 26.224096225944418], [140.71666710699057, 26.224944088369078], [140.7154230823258, 26.22573185830001], [140.71414190210476, 26.22645763793045], [140.7128266528029, 26.227119678793702], [140.71148050297094, 26.227716385975338], [140.71010669560175, 26.228246321955492], [140.70870854031762, 26.228708210071968], [140.7072894053971, 26.229100937595838], [140.70585270966046, 26.229423558412098], [140.70440191423364, 26.229675295298943], [140.70294051420987, 26.229855541800166], [140.7014720302298, 26.229963863686155], [140.7, 26.23], [140.69852796977017, 26.229963863686155], [140.6970594857901, 26.229855541800166], [140.69559808576633, 26.229675295298943], [140.69414729033952, 26.229423558412098], [140.6927105946029, 26.229100937595838], [140.69129145968236, 26.228708210071968], [140.68989330439823, 26.228246321955492], [140.68851949702903, 26.227716385975338], [140.68717334719707, 26.227119678793702], [140.68585809789522, 26.22645763793045], [140.68457691767418, 26.22573185830001], [140.6833328930094, 26.224944088369078], [140.6821290208652, 26.224096225944418], [140.68096820147508, 26.22319031360088], [140.67985323135457, 26.22222853376065], [140.6787867965644, 26.221213203435596], [140.67777146623934, 26.22014676864541], [140.6768096863991, 26.21903179852491], [140.67590377405557, 26.217870979134773], [140.67505591163092, 26.216667106990588], [140.67426814169997, 26.215423082325795], [140.67354236206953, 26.214141902104778], [140.6728803212063, 26.212826652802907], [140.67228361402465, 26.211480502970954], [140.6717536780445, 26.210106695601766], [140.67129178992803, 26.208708540317634], [140.67089906240415, 26.2072894053971], [140.67057644158788, 26.205852709660483], [140.67032470470104, 26.20440191423366], [140.67014445819981, 26.202940514209885], [140.67003613631383, 26.201472030229823], [140.67, 26.2], [140.67003613631383, 26.198527969770176], [140.67014445819981, 26.197059485790113], [140.67032470470104, 26.19559808576634], [140.67057644158788, 26.194147290339515], [140.67089906240415, 26.1927105946029], [140.67129178992803, 26.191291459682365], [140.6717536780445, 26.189893304398232], [140.67228361402465, 26.188519497029045], [140.6728803212063, 26.187173347197092], [140.67354236206953, 26.18585809789522], [140.67426814169997, 26.184576917674203], [140.67505591163092, 26.18333289300941], [140.67590377405557, 26.182129020865226], [140.6768096863991, 26.18096820147509], [140.67777146623934, 26.17985323135459], [140.6787867965644, 26.178786796564403], [140.67985323135457, 26.17777146623935], [140.68096820147508, 26.176809686399118], [140.6821290208652, 26.17590377405558], [140.6833328930094, 26.17505591163092], [140.68457691767418, 26.17426814169999], [140.68585809789522, 26.173542362069547], [140.68717334719707, 26.172880321206296], [140.68851949702903, 26.17228361402466], [140.68989330439823, 26.171753678044507], [140.69129145968236, 26.17129178992803], [140.6927105946029, 26.17089906240416], [140.69414729033952, 26.1705764415879], [140.69559808576633, 26.170324704701056], [140.6970594857901, 26.170144458199832], [140.69852796977017, 26.170036136313843], [140.7, 26.169999999999998]]]}}, {"type": "Feature", "id": "TC100132219Polygon_Point_14", "properties": {"description": "Tropical Cyclone DUJUAN-26", "name": "Tropical Cyclone DUJUAN-26", "htmldescription": "Green Tropical Cylone DUJUAN-26 in Japan from: 15 Sep 2026 12:00:00 to:20 Sep 2026 00:00:00.", "link": "https://www.gdacs.org/report.aspx?eventtype=TC&eventid=1001322&episodeid=19", "featureIndex": "804", "iconeventlink": "https://www.gdacs.org/images/gdacs_icons/maps/Green/TC.png", "iconitemlink": "https://www.gdacs.org/images/gdacs_icons/maps/Green/TC.png", "alertlevel": "Green", "eventtype": "TC", "eventname": "DUJUAN-26", "polygonlabel": "19/09 00:00 UTC", "polygontype": "Polygon_Point_14", "fromdate": "15 Sep 2026 12:00:00", "todate": "20 Sep 2026 00:00:00", "country": "Japan", "countrylist": "Japan", "iso3": "JPN", "severity": "129.6288", "latitude": "28.7", "longitude": "137.5", "imageoverview": "https://www.gdacs.org/contentdata/resources/imgtemp/gdacs/tc/1001322/clouds_1001322_19.png", "Class": "Poly_Polygon_Point_14"}, "geometry": {"type": "Polygon", "coordinates": [[[139.7, 26.169999999999998], [139.7014720302298, 26.170036136313843], [139.70294051420987, 26.170144458199832], [139.70440191423364, 26.170324704701056], [139.70585270966046, 26.1705764415879], [139.7072894053971, 26.17089906240416], [139.70870854031762, 26.17129178992803], [139.71010669560175, 26.171753678044507], [139.71148050297094, 26.17228361402466], [139.7128266528029, 26.172880321206296], [139.71414190210476, 26.173542362069547], [139.7154230823258, 26.17426814169999], [139.71666710699057, 26.17505591163092], [139.71787097913477, 26.17590377405558], [139.7190317985249, 26.176809686399118], [139.7201467686454, 26.17777146623935], [139.72121320343558, 26.178786796564403], [139.72222853376064, 26.17985323135459], [139.72319031360087, 26.18096820147509], [139.7240962259444, 26.182129020865226], [139.72494408836906, 26.18333289300941], [139.7257318583, 26.184576917674203], [139.72645763793045, 26.18585809789522], [139.72711967879368, 26.187173347197092], [139.72771638597533, 26.188519497029045], [139.72824632195548, 26.189893304398232], [139.72870821007194, 26.191291459682365], [139.72910093759583, 26.1927105946029], [139.7294235584121, 26.194147290339515], [139.72967529529893, 26.19559808576634], [139.72985554180016, 26.197059485790113], [139.72996386368615, 26.198527969770176], [139.73, 26.2], [139.72996386368615, 26.201472030229823], [139.72985554180016, 26.202940514209885], [139.72967529529893, 26.20440191423366], [139.7294235584121, 26.205852709660483], [139.72910093759583, 26.2072894053971], [139.72870821007194, 26.208708540317634], [139.72824632195548, 26.210106695601766], [139.72771638597533, 26.211480502970954], [139.72711967879368, 26.212826652802907], [139.72645763793045, 26.214141902104778], [139.7257318583, 26.215423082325795], [139.72494408836906, 26.216667106990588], [139.7240962259444, 26.217870979134773], [139.72319031360087, 26.21903179852491], [139.72222853376064, 26.22014676864541], [139.72121320343558, 26.221213203435596], [139.7201467686454, 26.22222853376065], [139.7190317985249, 26.22319031360088], [139.71787097913477, 26.224096225944418], [139.71666710699057, 26.224944088369078], [139.7154230823258, 26.22573185830001], [139.71414190210476, 26.22645763793045], [139.7128266528029, 26.227119678793702], [139.71148050297094, 26.227716385975338], [139.71010669560175, 26.228246321955492], [139.70870854031762, 26.228708210071968], [139.7072894053971, 26.229100937595838], [139.70585270966046, 26.229423558412098], [139.70440191423364, 26.229675295298943], [139.70294051420987, 26.229855541800166], [139.7014720302298, 26.229963863686155], [139.7, 26.23], [139.69852796977017, 26.229963863686155], [139.6970594857901, 26.229855541800166], [139.69559808576633, 26.229675295298943], [139.69414729033952, 26.229423558412098], [139.6927105946029, 26.229100937595838], [139.69129145968236, 26.228708210071968], [139.68989330439823, 26.228246321955492], [139.68851949702903, 26.227716385975338], [139.68717334719707, 26.227119678793702], [139.68585809789522, 26.22645763793045], [139.68457691767418, 26.22573185830001], [139.6833328930094, 26.224944088369078], [139.6821290208652, 26.224096225944418], [139.68096820147508, 26.22319031360088], [139.67985323135457, 26.22222853376065], [139.6787867965644, 26.221213203435596], [139.67777146623934, 26.22014676864541], [139.6768096863991, 26.21903179852491], [139.67590377405557, 26.217870979134773], [139.67505591163092, 26.216667106990588], [139.67426814169997, 26.215423082325795], [139.67354236206953, 26.214141902104778], [139.6728803212063, 26.212826652802907], [139.67228361402465, 26.211480502970954], [139.6717536780445, 26.210106695601766], [139.67129178992803, 26.208708540317634], [139.67089906240415, 26.2072894053971], [139.67057644158788, 26.205852709660483], [139.67032470470104, 26.20440191423366], [139.67014445819981, 26.202940514209885], [139.67003613631383, 26.201472030229823], [139.67, 26.2], [139.67003613631383, 26.198527969770176], [139.67014445819981, 26.197059485790113], [139.67032470470104, 26.19559808576634], [139.67057644158788, 26.194147290339515], [139.67089906240415, 26.1927105946029], [139.67129178992803, 26.191291459682365], [139.6717536780445, 26.189893304398232], [139.67228361402465, 26.188519497029045], [139.6728803212063, 26.187173347197092], [139.67354236206953, 26.18585809789522], [139.67426814169997, 26.184576917674203], [139.67505591163092, 26.18333289300941], [139.67590377405557, 26.182129020865226], [139.6768096863991, 26.18096820147509], [139.67777146623934, 26.17985323135459], [139.6787867965644, 26.178786796564403], [139.67985323135457, 26.17777146623935], [139.68096820147508, 26.176809686399118], [139.6821290208652, 26.17590377405558], [139.6833328930094, 26.17505591163092], [139.68457691767418, 26.17426814169999], [139.68585809789522, 26.173542362069547], [139.68717334719707, 26.172880321206296], [139.68851949702903, 26.17228361402466], [139.68989330439823, 26.171753678044507], [139.69129145968236, 26.17129178992803], [139.6927105946029, 26.17089906240416], [139.69414729033952, 26.1705764415879], [139.69559808576633, 26.170324704701056], [139.6970594857901, 26.170144458199832], [139.69852796977017, 26.170036136313843], [139.7, 26.169999999999998]]]}}, {"type": "Feature", "id": "TC100132219Polygon_Point_15", "properties": {"description": "Tropical Cyclone DUJUAN-26", "name": "Tropical Cyclone DUJUAN-26", "htmldescription": "Green Tropical Cylone DUJUAN-26 in Japan from: 15 Sep 2026 12:00:00 to:20 Sep 2026 00:00:00.", "link": "https://www.gdacs.org/report.aspx?eventtype=TC&eventid=1001322&episodeid=19", "featureIndex": "805", "iconeventlink": "https://www.gdacs.org/images/gdacs_icons/maps/Green/TC.png", "iconitemlink": "https://www.gdacs.org/images/gdacs_icons/maps/Green/TC.png", "alertlevel": "Green", "eventtype": "TC", "eventname": "DUJUAN-26", "polygonlabel": "19/09 06:00 UTC", "polygontype": "Polygon_Point_15", "fromdate": "15 Sep 2026 12:00:00", "todate": "20 Sep 2026 00:00:00", "country": "Japan", "countrylist": "Japan", "iso3": "JPN", "severity": "129.6288", "latitude": "28.7", "longitude": "137.5", "imageoverview": "https://www.gdacs.org/contentdata/resources/imgtemp/gdacs/tc/1001322/clouds_1001322_19.png", "Class": "Poly_Polygon_Point_15"}, "geometry": {"type": "Polygon", "coordinates": [[[139.1, 26.97], [139.10147203022981, 26.970036136313844], [139.10294051420988, 26.970144458199833], [139.10440191423365, 26.970324704701056], [139.10585270966047, 26.9705764415879], [139.1072894053971, 26.97089906240416], [139.10870854031762, 26.97129178992803], [139.11010669560176, 26.971753678044507], [139.11148050297095, 26.97228361402466], [139.1128266528029, 26.972880321206297], [139.11414190210476, 26.973542362069548], [139.1154230823258, 26.97426814169999], [139.11666710699058, 26.97505591163092], [139.11787097913478, 26.97590377405558], [139.1190317985249, 26.97680968639912], [139.1201467686454, 26.97777146623935], [139.1212132034356, 26.978786796564403], [139.12222853376065, 26.97985323135459], [139.12319031360087, 26.98096820147509], [139.1240962259444, 26.982129020865226], [139.12494408836906, 26.98333289300941], [139.1257318583, 26.984576917674204], [139.12645763793046, 26.98585809789522], [139.1271196787937, 26.987173347197093], [139.12771638597533, 26.988519497029046], [139.1282463219555, 26.989893304398233], [139.12870821007195, 26.991291459682365], [139.12910093759584, 26.9927105946029], [139.1294235584121, 26.994147290339516], [139.12967529529894, 26.99559808576634], [139.12985554180017, 26.997059485790114], [139.12996386368616, 26.998527969770176], [139.13, 27.0], [139.12996386368616, 27.001472030229824], [139.12985554180017, 27.002940514209886], [139.12967529529894, 27.00440191423366], [139.1294235584121, 27.005852709660484], [139.12910093759584, 27.0072894053971], [139.12870821007195, 27.008708540317635], [139.1282463219555, 27.010106695601767], [139.12771638597533, 27.011480502970954], [139.1271196787937, 27.012826652802907], [139.12645763793046, 27.01414190210478], [139.1257318583, 27.015423082325796], [139.12494408836906, 27.01666710699059], [139.1240962259444, 27.017870979134774], [139.12319031360087, 27.01903179852491], [139.12222853376065, 27.02014676864541], [139.1212132034356, 27.021213203435597], [139.1201467686454, 27.02222853376065], [139.1190317985249, 27.02319031360088], [139.11787097913478, 27.02409622594442], [139.11666710699058, 27.02494408836908], [139.1154230823258, 27.02573185830001], [139.11414190210476, 27.026457637930452], [139.1128266528029, 27.027119678793703], [139.11148050297095, 27.02771638597534], [139.11010669560176, 27.028246321955493], [139.10870854031762, 27.02870821007197], [139.1072894053971, 27.02910093759584], [139.10585270966047, 27.0294235584121], [139.10440191423365, 27.029675295298944], [139.10294051420988, 27.029855541800167], [139.10147203022981, 27.029963863686156], [139.1, 27.03], [139.09852796977017, 27.029963863686156], [139.0970594857901, 27.029855541800167], [139.09559808576634, 27.029675295298944], [139.09414729033952, 27.0294235584121], [139.0927105946029, 27.02910093759584], [139.09129145968237, 27.02870821007197], [139.08989330439823, 27.028246321955493], [139.08851949702904, 27.02771638597534], [139.08717334719708, 27.027119678793703], [139.08585809789523, 27.026457637930452], [139.08457691767418, 27.02573185830001], [139.0833328930094, 27.02494408836908], [139.0821290208652, 27.02409622594442], [139.0809682014751, 27.02319031360088], [139.07985323135458, 27.02222853376065], [139.0787867965644, 27.021213203435597], [139.07777146623934, 27.02014676864541], [139.07680968639912, 27.01903179852491], [139.07590377405558, 27.017870979134774], [139.07505591163093, 27.01666710699059], [139.07426814169997, 27.015423082325796], [139.07354236206953, 27.01414190210478], [139.0728803212063, 27.012826652802907], [139.07228361402466, 27.011480502970954], [139.0717536780445, 27.010106695601767], [139.07129178992804, 27.008708540317635], [139.07089906240415, 27.0072894053971], [139.0705764415879, 27.005852709660484], [139.07032470470105, 27.00440191423366], [139.07014445819982, 27.002940514209886], [139.07003613631383, 27.001472030229824], [139.07, 27.0], [139.07003613631383, 26.998527969770176], [139.07014445819982, 26.997059485790114], [139.07032470470105, 26.99559808576634], [139.0705764415879, 26.994147290339516], [139.07089906240415, 26.9927105946029], [139.07129178992804, 26.991291459682365], [139.0717536780445, 26.989893304398233], [139.07228361402466, 26.988519497029046], [139.0728803212063, 26.987173347197093], [139.07354236206953, 26.98585809789522], [139.07426814169997, 26.984576917674204], [139.07505591163093, 26.98333289300941], [139.07590377405558, 26.982129020865226], [139.07680968639912, 26.98096820147509], [139.07777146623934, 26.97985323135459], [139.0787867965644, 26.978786796564403], [139.07985323135458, 26.97777146623935], [139.0809682014751, 26.97680968639912], [139.0821290208652, 26.97590377405558], [139.0833328930094, 26.97505591163092], [139.08457691767418, 26.97426814169999], [139.08585809789523, 26.973542362069548], [139.08717334719708, 26.972880321206297], [139.08851949702904, 26.97228361402466], [139.08989330439823, 26.971753678044507], [139.09129145968237, 26.97129178992803], [139.0927105946029, 26.97089906240416], [139.09414729033952, 26.9705764415879], [139.09559808576634, 26.970324704701056], [139.0970594857901, 26.970144458199833], [139.09852796977017, 26.970036136313844], [139.1, 26.97]]]}}, {"type": "Feature", "id": "TC100132219Polygon_Point_16", "properties": {"description": "Tropical Cyclone DUJUAN-26", "name": "Tropical Cyclone DUJUAN-26", "htmldescription": "Green Tropical Cylone DUJUAN-26 in Japan from: 15 Sep 2026 12:00:00 to:20 Sep 2026 00:00:00.", "link": "https://www.gdacs.org/report.aspx?eventtype=TC&eventid=1001322&episodeid=19", "featureIndex": "806", "iconeventlink": "https://www.gdacs.org/images/gdacs_icons/maps/Green/TC.png", "iconitemlink": "https://www.gdacs.org/images/gdacs_icons/maps/Green/TC.png", "alertlevel": "Green", "eventtype": "TC", "eventname": "DUJUAN-26", "polygonlabel": "19/09 12:00 UTC", "polygontype": "Polygon_Point_16", "fromdate": "15 Sep 2026 12:00:00", "todate": "20 Sep 2026 00:00:00", "country": "Japan", "countrylist": "Japan", "iso3": "JPN", "severity": "129.6288", "latitude": "28.7", "longitude": "137.5", "imageoverview": "https://www.gdacs.org/contentdata/resources/imgtemp/gdacs/tc/1001322/clouds_1001322_19.png", "Class": "Poly_Polygon_Point_16"}, "geometry": {"type": "Polygon", "coordinates": [[[138.2, 27.77], [138.2014720302298, 27.770036136313845], [138.20294051420987, 27.770144458199834], [138.20440191423364, 27.770324704701057], [138.20585270966046, 27.770576441587902], [138.2072894053971, 27.770899062404162], [138.20870854031762, 27.771291789928032], [138.21010669560175, 27.771753678044508], [138.21148050297094, 27.772283614024662], [138.2128266528029, 27.772880321206298], [138.21414190210476, 27.77354236206955], [138.2154230823258, 27.77426814169999], [138.21666710699057, 27.775055911630922], [138.21787097913477, 27.775903774055582], [138.2190317985249, 27.77680968639912], [138.2201467686454, 27.77777146623935], [138.22121320343558, 27.778786796564404], [138.22222853376064, 27.77985323135459], [138.22319031360087, 27.78096820147509], [138.2240962259444, 27.782129020865227], [138.22494408836906, 27.783332893009412], [138.2257318583, 27.784576917674205], [138.22645763793045, 27.785858097895222], [138.22711967879368, 27.787173347197093], [138.22771638597533, 27.788519497029046], [138.22824632195548, 27.789893304398234], [138.22870821007194, 27.791291459682366], [138.22910093759583, 27.7927105946029], [138.2294235584121, 27.794147290339517], [138.22967529529893, 27.79559808576634], [138.22985554180016, 27.797059485790115], [138.22996386368615, 27.798527969770177], [138.23, 27.8], [138.22996386368615, 27.801472030229824], [138.22985554180016, 27.802940514209887], [138.22967529529893, 27.80440191423366], [138.2294235584121, 27.805852709660485], [138.22910093759583, 27.8072894053971], [138.22870821007194, 27.808708540317635], [138.22824632195548, 27.810106695601768], [138.22771638597533, 27.811480502970955], [138.22711967879368, 27.812826652802908], [138.22645763793045, 27.81414190210478], [138.2257318583, 27.815423082325797], [138.22494408836906, 27.81666710699059], [138.2240962259444, 27.817870979134774], [138.22319031360087, 27.81903179852491], [138.22222853376064, 27.82014676864541], [138.22121320343558, 27.821213203435597], [138.2201467686454, 27.82222853376065], [138.2190317985249, 27.823190313600882], [138.21787097913477, 27.82409622594442], [138.21666710699057, 27.82494408836908], [138.2154230823258, 27.82573185830001], [138.21414190210476, 27.826457637930453], [138.2128266528029, 27.827119678793704], [138.21148050297094, 27.82771638597534], [138.21010669560175, 27.828246321955493], [138.20870854031762, 27.82870821007197], [138.2072894053971, 27.82910093759584], [138.20585270966046, 27.8294235584121], [138.20440191423364, 27.829675295298944], [138.20294051420987, 27.829855541800168], [138.2014720302298, 27.829963863686157], [138.2, 27.830000000000002], [138.19852796977017, 27.829963863686157], [138.1970594857901, 27.829855541800168], [138.19559808576633, 27.829675295298944], [138.19414729033952, 27.8294235584121], [138.1927105946029, 27.82910093759584], [138.19129145968236, 27.82870821007197], [138.18989330439823, 27.828246321955493], [138.18851949702903, 27.82771638597534], [138.18717334719707, 27.827119678793704], [138.18585809789522, 27.826457637930453], [138.18457691767418, 27.82573185830001], [138.1833328930094, 27.82494408836908], [138.1821290208652, 27.82409622594442], [138.18096820147508, 27.823190313600882], [138.17985323135457, 27.82222853376065], [138.1787867965644, 27.821213203435597], [138.17777146623934, 27.82014676864541], [138.1768096863991, 27.81903179852491], [138.17590377405557, 27.817870979134774], [138.17505591163092, 27.81666710699059], [138.17426814169997, 27.815423082325797], [138.17354236206953, 27.81414190210478], [138.1728803212063, 27.812826652802908], [138.17228361402465, 27.811480502970955], [138.1717536780445, 27.810106695601768], [138.17129178992803, 27.808708540317635], [138.17089906240415, 27.8072894053971], [138.17057644158788, 27.805852709660485], [138.17032470470104, 27.80440191423366], [138.17014445819981, 27.802940514209887], [138.17003613631383, 27.801472030229824], [138.17, 27.8], [138.17003613631383, 27.798527969770177], [138.17014445819981, 27.797059485790115], [138.17032470470104, 27.79559808576634], [138.17057644158788, 27.794147290339517], [138.17089906240415, 27.7927105946029], [138.17129178992803, 27.791291459682366], [138.1717536780445, 27.789893304398234], [138.17228361402465, 27.788519497029046], [138.1728803212063, 27.787173347197093], [138.17354236206953, 27.785858097895222], [138.17426814169997, 27.784576917674205], [138.17505591163092, 27.783332893009412], [138.17590377405557, 27.782129020865227], [138.1768096863991, 27.78096820147509], [138.17777146623934, 27.77985323135459], [138.1787867965644, 27.778786796564404], [138.17985323135457, 27.77777146623935], [138.18096820147508, 27.77680968639912], [138.1821290208652, 27.775903774055582], [138.1833328930094, 27.775055911630922], [138.18457691767418, 27.77426814169999], [138.18585809789522, 27.77354236206955], [138.18717334719707, 27.772880321206298], [138.18851949702903, 27.772283614024662], [138.18989330439823, 27.771753678044508], [138.19129145968236, 27.771291789928032], [138.1927105946029, 27.770899062404162], [138.19414729033952, 27.770576441587902], [138.19559808576633, 27.770324704701057], [138.1970594857901, 27.770144458199834], [138.19852796977017, 27.770036136313845], [138.2, 27.77]]]}}, {"type": "Feature", "id": "TC100132219Polygon_Point_17", "properties": {"description": "Tropical Cyclone DUJUAN-26", "name": "Tropical Cyclone DUJUAN-26", "htmldescription": "Green Tropical Cylone DUJUAN-26 in Japan from: 15 Sep 2026 12:00:00 to:20 Sep 2026 00:00:00.", "link": "https://www.gdacs.org/report.aspx?eventtype=TC&eventid=1001322&episodeid=19", "featureIndex": "807", "iconeventlink": "https://www.gdacs.org/images/gdacs_icons/maps/Green/TC.png", "iconitemlink": "https://www.gdacs.org/images/gdacs_icons/maps/Green/TC.png", "alertlevel": "Green", "eventtype": "TC", "eventname": "DUJUAN-26", "polygonlabel": "19/09 18:00 UTC", "polygontype": "Polygon_Point_17", "fromdate": "15 Sep 2026 12:00:00", "todate": "20 Sep 2026 00:00:00", "country": "Japan", "countrylist": "Japan", "iso3": "JPN", "severity": "129.6288", "latitude": "28.7", "longitude": "137.5", "imageoverview": "https://www.gdacs.org/contentdata/resources/imgtemp/gdacs/tc/1001322/clouds_1001322_19.png", "Class": "Poly_Polygon_Point_17"}, "geometry": {"type": "Polygon", "coordinates": [[[137.7, 28.47], [137.7014720302298, 28.470036136313844], [137.70294051420987, 28.470144458199833], [137.70440191423364, 28.470324704701056], [137.70585270966046, 28.4705764415879], [137.7072894053971, 28.47089906240416], [137.70870854031762, 28.47129178992803], [137.71010669560175, 28.471753678044507], [137.71148050297094, 28.47228361402466], [137.7128266528029, 28.472880321206297], [137.71414190210476, 28.473542362069548], [137.7154230823258, 28.47426814169999], [137.71666710699057, 28.47505591163092], [137.71787097913477, 28.47590377405558], [137.7190317985249, 28.47680968639912], [137.7201467686454, 28.47777146623935], [137.72121320343558, 28.478786796564403], [137.72222853376064, 28.47985323135459], [137.72319031360087, 28.48096820147509], [137.7240962259444, 28.482129020865226], [137.72494408836906, 28.48333289300941], [137.7257318583, 28.484576917674204], [137.72645763793045, 28.48585809789522], [137.72711967879368, 28.487173347197093], [137.72771638597533, 28.488519497029046], [137.72824632195548, 28.489893304398233], [137.72870821007194, 28.491291459682365], [137.72910093759583, 28.4927105946029], [137.7294235584121, 28.494147290339516], [137.72967529529893, 28.49559808576634], [137.72985554180016, 28.497059485790114], [137.72996386368615, 28.498527969770176], [137.73, 28.5], [137.72996386368615, 28.501472030229824], [137.72985554180016, 28.502940514209886], [137.72967529529893, 28.50440191423366], [137.7294235584121, 28.505852709660484], [137.72910093759583, 28.5072894053971], [137.72870821007194, 28.508708540317635], [137.72824632195548, 28.510106695601767], [137.72771638597533, 28.511480502970954], [137.72711967879368, 28.512826652802907], [137.72645763793045, 28.51414190210478], [137.7257318583, 28.515423082325796], [137.72494408836906, 28.51666710699059], [137.7240962259444, 28.517870979134774], [137.72319031360087, 28.51903179852491], [137.72222853376064, 28.52014676864541], [137.72121320343558, 28.521213203435597], [137.7201467686454, 28.52222853376065], [137.7190317985249, 28.52319031360088], [137.71787097913477, 28.52409622594442], [137.71666710699057, 28.52494408836908], [137.7154230823258, 28.52573185830001], [137.71414190210476, 28.526457637930452], [137.7128266528029, 28.527119678793703], [137.71148050297094, 28.52771638597534], [137.71010669560175, 28.528246321955493], [137.70870854031762, 28.52870821007197], [137.7072894053971, 28.52910093759584], [137.70585270966046, 28.5294235584121], [137.70440191423364, 28.529675295298944], [137.70294051420987, 28.529855541800167], [137.7014720302298, 28.529963863686156], [137.7, 28.53], [137.69852796977017, 28.529963863686156], [137.6970594857901, 28.529855541800167], [137.69559808576633, 28.529675295298944], [137.69414729033952, 28.5294235584121], [137.6927105946029, 28.52910093759584], [137.69129145968236, 28.52870821007197], [137.68989330439823, 28.528246321955493], [137.68851949702903, 28.52771638597534], [137.68717334719707, 28.527119678793703], [137.68585809789522, 28.526457637930452], [137.68457691767418, 28.52573185830001], [137.6833328930094, 28.52494408836908], [137.6821290208652, 28.52409622594442], [137.68096820147508, 28.52319031360088], [137.67985323135457, 28.52222853376065], [137.6787867965644, 28.521213203435597], [137.67777146623934, 28.52014676864541], [137.6768096863991, 28.51903179852491], [137.67590377405557, 28.517870979134774], [137.67505591163092, 28.51666710699059], [137.67426814169997, 28.515423082325796], [137.67354236206953, 28.51414190210478], [137.6728803212063, 28.512826652802907], [137.67228361402465, 28.511480502970954], [137.6717536780445, 28.510106695601767], [137.67129178992803, 28.508708540317635], [137.67089906240415, 28.5072894053971], [137.67057644158788, 28.505852709660484], [137.67032470470104, 28.50440191423366], [137.67014445819981, 28.502940514209886], [137.67003613631383, 28.501472030229824], [137.67, 28.5], [137.67003613631383, 28.498527969770176], [137.67014445819981, 28.497059485790114], [137.67032470470104, 28.49559808576634], [137.67057644158788, 28.494147290339516], [137.67089906240415, 28.4927105946029], [137.67129178992803, 28.491291459682365], [137.6717536780445, 28.489893304398233], [137.67228361402465, 28.488519497029046], [137.6728803212063, 28.487173347197093], [137.67354236206953, 28.48585809789522], [137.67426814169997, 28.484576917674204], [137.67505591163092, 28.48333289300941], [137.67590377405557, 28.482129020865226], [137.6768096863991, 28.48096820147509], [137.67777146623934, 28.47985323135459], [137.6787867965644, 28.478786796564403], [137.67985323135457, 28.47777146623935], [137.68096820147508, 28.47680968639912], [137.6821290208652, 28.47590377405558], [137.6833328930094, 28.47505591163092], [137.68457691767418, 28.47426814169999], [137.68585809789522, 28.473542362069548], [137.68717334719707, 28.472880321206297], [137.68851949702903, 28.47228361402466], [137.68989330439823, 28.471753678044507], [137.69129145968236, 28.47129178992803], [137.6927105946029, 28.47089906240416], [137.69414729033952, 28.4705764415879], [137.69559808576633, 28.470324704701056], [137.6970594857901, 28.470144458199833], [137.69852796977017, 28.470036136313844], [137.7, 28.47]]]}}, {"type": "Feature", "id": "TC100132219WindRadii_34_2609200000", "properties": {"description": "Tropical Cyclone DUJUAN-26", "name": "Tropical Cyclone DUJUAN-26", "htmldescription": "Green Tropical Cylone DUJUAN-26 in Japan from: 15 Sep 2026 12:00:00 to:20 Sep 2026 00:00:00.", "link": "https://www.gdacs.org/report.aspx?eventtype=TC&eventid=1001322&episodeid=19", "featureIndex": "808", "iconeventlink": "https://www.gdacs.org/images/gdacs_icons/maps/Green/TC.png", "iconitemlink": "https://www.gdacs.org/images/gdacs_icons/maps/Green/TC.png", "alertlevel": "Green", "eventtype": "TC", "eventname": "DUJUAN-26", "polygonlabel": "20/09 00:00", "polygontype": "WindRadii_34_2609200000", "fromdate": "15 Sep 2026 12:00:00", "todate": "20 Sep 2026 00:00:00", "country": "Japan", "countrylist": "Japan", "iso3": "JPN", "severity": "129.6288", "latitude": "28.7", "longitude": "137.5", "imageoverview": "https://www.gdacs.org/contentdata/resources/imgtemp/gdacs/tc/1001322/clouds_1001322_19.png", "Class": "Poly_WindRadii_34_2609200000"}, "geometry": {"type": "Polygon", "coordinates": [[[137.5, 32.0310880265192], [137.56627800989472, 32.030580685678274], [137.63253583086555, 32.02905881769643], [137.6987532801384, 32.0265228861494], [137.76491018723675, 32.0229736635065], [137.83098640012585, 32.01841223089532], [137.89696179135112, 32.01283997777244], [137.96281626416928, 32.00625860150012], [138.02852975866998, 31.998670106829337], [138.0940822578862, 31.990076805289082], [138.1594537938917, 31.980481314482244], [138.22462445388328, 31.96988655728828], [138.2895743862466, 31.958295760972863], [138.3542838066031, 31.945712456204834], [138.41873300383648, 31.932140475980724], [138.48290234609692, 31.917583954457182], [138.54677228678116, 31.902047325691676], [138.61032337048653, 31.885535322291833], [138.6735362389373, 31.86805297397385], [138.7363916368814, 31.849605606030373], [138.7988704179557, 31.830198837708387], [138.86095355051825, 31.80983858049752], [138.92262212344548, 31.788531036329346], [138.98385735189262, 31.766282695688236], [139.04464058301596, 31.74310033563427], [139.10495330165443, 31.718991017738897], [139.16477713596967, 31.6939620859339], [139.22409386304227, 31.668021164274364], [139.28288541442248, 31.64117615461632], [139.34113388163428, 31.61343523420977], [139.39882152163028, 31.5848068532078], [139.45593076219646, 31.55529973209259], [139.51244420730498, 31.524922859019075], [139.56834464241294, 31.49368548707706], [139.62361503970635, 31.461597131472644], [139.67823856328673, 31.428667566629787], [139.73219857429964, 31.39490682321294], [139.78547863600306, 31.36032518507159], [139.838062518774, 31.324933186107724], [139.8899342050524, 31.288741607067067], [139.94107789422017, 31.251761472255197], [139.99147800741406, 31.214004046179408], [140.04111919227142, 31.17548083011745], [140.08998632760645, 31.136203558614113], [140.13806452801632, 31.096184195906794], [140.18533914841544, 31.05543493228104], [140.2317957884965, 31.013968180357306], [140.2774202971169, 30.97179657130992], [140.3221987766093, 30.928932951019526], [140.36611758701508, 30.885390376160093], [140.40916335023917, 30.84118211022173], [140.4513229541251, 30.796321619470493], [140.49258355644906, 30.750822568846445], [140.53293258883193, 30.704698817801162], [140.57235776056757, 30.657964416076023], [140.61084706236673, 30.61063359942252], [140.64838877001526, 30.562720785265913], [140.68497144794532, 30.51424056831353], [140.7205839527188, 30.46520771610909], [140.7552154364218, 30.41563716453438], [140.78885534996888, 30.3655440132596], [140.8214934463165, 30.314943521143896], [140.85311978358433, 30.26385110158734], [140.8837247280837, 30.21228231783587], [140.91329895725204, 30.160252878240588], [140.94183346249258, 30.1077786314728], [140.9693195519187, 30.054875561696413], [140.99574885300123, 30.001559783698955], [141.02111331511907, 29.94784753798289], [141.0454052120113, 29.893755185818588], [141.06861714413088, 29.839299204260517], [141.09074204089836, 29.784496181128187], [141.11177316285588, 29.729362809953336], [141.13170410371998, 29.673915884894914], [141.15052879233298, 29.618172295623417], [141.16824149451236, 29.56214902217614], [141.18483681479748, 29.50586312978488], [141.20030969809298, 29.44933176367772], [141.21465543120874, 29.3925721438564], [141.22786964429545, 29.335601559850964], [141.23994831217587, 29.27843736545319], [141.2508877555707, 29.22109697343045], [141.26068464221947, 29.16359785022162], [141.2693359878957, 29.105957510616644], [141.2768391573156, 29.04819351242133], [141.28319186494116, 28.990323451109113], [141.28839217567602, 28.932364954461256], [141.2924385054552, 28.8743356771973], [141.29532962172746, 28.816253295597246], [141.29706464383077, 28.75813550211718], [141.29764304326054, 28.7], [140.15835013028237, 28.7], [140.15794525068154, 28.659305148517973], [140.15673073520924, 28.618622693081928], [140.15470695381865, 28.577965025961888], [140.15187452297323, 28.53734453187712], [140.1482343054588, 28.49677358422362], [140.14378741012092, 28.456264541305067], [140.13853519152698, 28.41582974256835], [140.13247924955363, 28.375481504844863], [140.12562142889948, 28.335232118598682], [140.1179638185231, 28.295093844182766], [140.1095087510068, 28.255078908104323], [140.1002588018461, 28.21519949930052], [140.0902167886651, 28.175467765425598], [140.07938577035824, 28.135895809150583], [140.06776904615867, 28.0964956844767], [140.0553701546331, 28.057279393063606], [140.042192872604, 28.01825888057356], [140.02824121399914, 27.979446033032662], [140.01351942862885, 27.94085267321027], [139.9980320008916, 27.90249055701764], [139.9817836484079, 27.86437136992699], [139.96477932058335, 27.826506723411974], [139.94702419710086, 27.78890815141073], [139.92852368634308, 27.75158710681251], [139.90928342374482, 27.71455495796904], [139.8893092700764, 27.67782298523159], [139.8686073096586, 27.64140237751489], [139.84718384850905, 27.605304228888862], [139.82504541242156, 27.569539535199272], [139.80219874497823, 27.53411919071828], [139.77865080549526, 27.49905398482593], [139.75440876690317, 27.464354598723634], [139.72948001356173, 27.430031602180527], [139.70387213901068, 27.39609545031386], [139.67759294365672, 27.362556480404233], [139.6506504323973, 27.32942490874678], [139.62305281218235, 27.296710827539183], [139.59480848951435, 27.264424201807486], [139.56592606788757, 27.232574866370655], [139.53641434516743, 27.20117252284479], [139.50628231091056, 27.170226736687933], [139.47553914362652, 27.139746934286332], [139.4441942079818, 27.109742400083057], [139.41225705194756, 27.080222273749886], [139.3797374038908, 27.05119554740327], [139.3466451696114, 27.022671062865243], [139.31299042932451, 26.994657508970118], [139.27878343459, 26.967163418917785], [139.24403460518985, 26.940197167674413], [139.2087545259541, 26.91376696942136], [139.1729539435367, 26.887880875053053], [139.13664376314182, 26.86254676972459], [139.09983504520213, 26.837772370449883], [139.06253900200977, 26.813565223750942], [139.0247669943007, 26.78993270335915], [138.98653052779443, 26.766882007969148], [138.94784124968908, 26.744420159046058], [138.90871094511348, 26.722553998686646], [138.86915153353752, 26.701290187535186], [138.8291750651412, 26.680635202754537], [138.788793717144, 26.66059533605316], [138.74801979009575, 26.641176691768575], [138.7068657041296, 26.622385185007946], [138.66534399517877, 26.60422653984627], [138.6234673111581, 26.58670628758277], [138.58124840811118, 26.56982976505601], [138.53870014632486, 26.553602113018236], [138.49583548641183, 26.538028274569456], [138.45266748536278, 26.523112993651736], [138.409209292569, 26.508860813604127], [138.365474145817, 26.495276075778737], [138.3214753672561, 26.482362918218303], [138.27722635934057, 26.470125274395716], [138.2327406007468, 26.458566872015826], [138.18803164226784, 26.447691231879972], [138.14311310268553, 26.437501666813493], [138.09799866462217, 26.428001280656613], [138.05270207037262, 26.419192967318995], [138.0072371177183, 26.411079409898203], [137.96161765572418, 26.403663079862426], [137.91585758052034, 26.39694623629764], [137.869970831069, 26.39093092521946], [137.8239713849185, 26.385618978949914], [137.77787325394578, 26.381012015559293], [137.7316904800881, 26.377111438373273], [137.68543713106573, 26.37391843554545], [137.6391272960969, 26.371433979695418], [137.59277508160588, 26.369658827612497], [137.5463946069263, 26.368593520025208], [137.5, 26.36823838143656], [137.5, 26.36823838143656], [137.4536053930737, 26.368593520025208], [137.40722491839412, 26.369658827612497], [137.3608727039031, 26.371433979695418], [137.31456286893427, 26.37391843554545], [137.2683095199119, 26.377111438373273], [137.22212674605422, 26.381012015559293], [137.1760286150815, 26.385618978949914], [137.130029168931, 26.39093092521946], [137.08414241947966, 26.39694623629764], [137.03838234427582, 26.403663079862426], [136.9927628822817, 26.411079409898203], [136.94729792962738, 26.419192967318995], [136.90200133537783, 26.428001280656613], [136.85688689731447, 26.437501666813493], [136.81196835773216, 26.447691231879972], [136.7672593992532, 26.458566872015826], [136.72277364065943, 26.470125274395716], [136.6785246327439, 26.482362918218303], [136.634525854183, 26.495276075778737], [136.590790707431, 26.508860813604127], [136.54733251463722, 26.523112993651736], [136.50416451358817, 26.538028274569456], [136.46129985367517, 26.553602113018233], [136.41875159188882, 26.569829765056006], [136.3765326888419, 26.58670628758277], [136.33465600482123, 26.60422653984627], [136.2931342958704, 26.622385185007943], [136.25198020990425, 26.641176691768575], [136.211206282856, 26.66059533605316], [136.1708249348588, 26.680635202754537], [136.13084846646248, 26.701290187535186], [136.09128905488652, 26.722553998686646], [136.05215875031092, 26.744420159046058], [136.01346947220557, 26.766882007969148], [135.9752330056993, 26.78993270335915], [135.93746099799023, 26.813565223750942], [135.90016495479787, 26.837772370449883], [135.8633562368582, 26.86254676972459], [135.8270460564633, 26.887880875053053], [135.7912454740459, 26.91376696942136], [135.75596539481015, 26.940197167674413], [135.72121656541, 26.967163418917785], [135.68700957067549, 26.994657508970118], [135.65335483038857, 27.022671062865243], [135.6202625961092, 27.05119554740327], [135.58774294805244, 27.080222273749886], [135.5558057920182, 27.109742400083054], [135.52446085637348, 27.13974693428633], [135.49371768908944, 27.170226736687933], [135.46358565483257, 27.20117252284479], [135.43407393211243, 27.232574866370655], [135.40519151048565, 27.264424201807486], [135.37694718781765, 27.296710827539183], [135.3493495676027, 27.32942490874678], [135.32240705634328, 27.362556480404233], [135.29612786098932, 27.396095450313858], [135.27051998643827, 27.43003160218053], [135.24559123309683, 27.464354598723634], [135.22134919450474, 27.49905398482593], [135.1978012550218, 27.53411919071828], [135.17495458757844, 27.569539535199272], [135.15281615149095, 27.605304228888862], [135.1313926903414, 27.641402377514886], [135.1106907299236, 27.677822985231586], [135.09071657625518, 27.714554957969035], [135.07147631365692, 27.75158710681251], [135.05297580289914, 27.78890815141073], [135.03522067941665, 27.826506723411974], [135.0182163515921, 27.86437136992699], [135.0019679991084, 27.902490557017636], [134.98648057137115, 27.940852673210266], [134.97175878600086, 27.979446033032662], [134.957807127396, 28.01825888057356], [134.9446298453669, 28.057279393063606], [134.93223095384133, 28.0964956844767], [134.92061422964176, 28.135895809150583], [134.9097832113349, 28.175467765425594], [134.8997411981539, 28.215199499300518], [134.8904912489932, 28.25507890810432], [134.8820361814769, 28.295093844182766], [134.87437857110052, 28.335232118598682], [134.86752075044637, 28.375481504844863], [134.86146480847302, 28.41582974256835], [134.85621258987908, 28.456264541305067], [134.8517656945412, 28.49677358422362], [134.84812547702677, 28.537344531877118], [134.84529304618135, 28.577965025961888], [134.84326926479076, 28.618622693081925], [134.84205474931846, 28.659305148517973], [134.84164986971763, 28.7], [134.0821212610655, 28.7], [134.0826418205523, 28.75232195190546], [134.08420334044527, 28.804627966037522], [134.0868053450903, 28.856902109477574], [134.09044704189157, 28.90912845901513], [134.09512732155295, 28.9612911059982], [134.10084475841595, 29.013374161179197], [134.1075976108939, 29.06536175955498], [134.11538382200246, 29.11723806519946], [134.1242010199864, 29.168987276087403], [134.13404651904173, 29.22059362890787], [134.14491732013408, 29.272041403865867], [134.15681011191214, 29.323314929470758], [134.16972127171633, 29.374398587309948], [134.18364686668227, 29.42527681680639], [134.19858265493886, 29.475934119958527], [134.2145240869003, 29.526355066061075], [134.231466306652, 29.576524296405424], [134.24940415342968, 29.626426528958003], [134.26833216319147, 29.67604656301537], [134.28824457028222, 29.725369283834464], [134.30913530918983, 29.774379667236726], [134.33099801639284, 29.8230627841846], [134.35382603229888, 29.87140380532906], [134.3776124032732, 29.91938800552677], [134.40234988375667, 29.967000768325523], [134.42803093847317, 30.014227590416528], [134.45464774472467, 30.061054086052284], [134.4821921947741, 30.107465991428604], [134.51065589831515, 30.153449169029503], [134.540030185028, 30.19898961193364], [134.57030610722038, 30.244073448080943], [134.60147444255307, 30.288686944498185], [134.63352569684923, 30.332816511482175], [134.66645010698628, 30.376448706739318], [134.70023764386994, 30.41957023948027], [134.7348780154892, 30.46216797446842], [134.77036067005125, 30.504228936021047], [134.80667479919583, 30.545740311961804], [134.84380934128743, 30.586689457523445], [134.88175298478473, 30.627063899199555], [134.9204941716864, 30.66685133854408], [134.96002110105164, 30.70603965591757], [135.00032173259478, 30.744616914178927], [135.04138379035314, 30.782571362321573], [135.0831947664261, 30.819891439052938], [135.1257419247853, 30.856565776316113], [135.1690123051542, 30.892583202752704], [135.21299272695572, 30.927932747105704], [135.25766979332735, 30.96260364156147], [135.30302989520186, 30.996585325029677], [135.34905921545283, 31.02986744636036], [135.3957437331034, 31.06243986749695], [135.44306922759725, 31.094292666564435], [135.49102128313032, 31.125416140891645], [135.53958529304194, 31.155800809966806], [135.5887464642643, 31.185437418325378], [135.63848982182833, 31.214316938369354], [135.6888002134255, 31.242430573117165], [135.73966231402318, 31.26976975888333], [135.79106063053274, 31.29632616788702], [135.84297950652913, 31.322091710788794], [135.89540312701976, 31.34705853915469], [135.94831552326195, 31.371219047846928], [136.00170057762728, 31.39456587734051], [136.055542028511, 31.41709191596501], [136.10982347528562, 31.438790302070846], [136.16452838329664, 31.45965442611941], [136.21964008889907, 31.47967793269641], [136.27514180453358, 31.498854722447767], [136.33101662383987, 31.51717895393755], [136.38724752680673, 31.534645045427336], [136.44381738495642, 31.551247676576466], [136.50070896656212, 31.566981790062652], [136.55790494189696, 31.581842593122506], [136.61538788851277, 31.595825559011463], [136.67314029654716, 31.608926428382652], [136.7311445740572, 31.62114121058435], [136.78938305237807, 31.63246618487558], [136.84783799150506, 31.642897901559454], [136.90649158549746, 31.65243318303402], [136.9653259679024, 31.661069124760175], [137.024323217197, 31.668803096146405], [137.08346536224764, 31.675632741350107], [137.142734387784, 31.681555979995196], [137.20211223988673, 31.686571007805792], [137.26158083148692, 31.69067629715585], [137.32112204787543, 31.693870597534463], [137.38071775222102, 31.69615293592679], [137.44034979109477, 31.697522617110447], [137.5, 31.697979223867282], [137.5, 32.0310880265192]]]}}, {"type": "Feature", "id": "TC100132219WindRadii_50_2609200000", "properties": {"description": "Tropical Cyclone DUJUAN-26", "name": "Tropical Cyclone DUJUAN-26", "htmldescription": "Green Tropical Cylone DUJUAN-26 in Japan from: 15 Sep 2026 12:00:00 to:20 Sep 2026 00:00:00.", "link": "https://www.gdacs.org/report.aspx?eventtype=TC&eventid=1001322&episodeid=19", "featureIndex": "809", "iconeventlink": "https://www.gdacs.org/images/gdacs_icons/maps/Green/TC.png", "iconitemlink": "https://www.gdacs.org/images/gdacs_icons/maps/Green/TC.png", "alertlevel": "Green", "eventtype": "TC", "eventname": "DUJUAN-26", "polygonlabel": "20/09 00:00", "polygontype": "WindRadii_50_2609200000", "fromdate": "15 Sep 2026 12:00:00", "todate": "20 Sep 2026 00:00:00", "country": "Japan", "countrylist": "Japan", "iso3": "JPN", "severity": "129.6288", "latitude": "28.7", "longitude": "137.5", "imageoverview": "https://www.gdacs.org/contentdata/resources/imgtemp/gdacs/tc/1001322/clouds_1001322_19.png", "Class": "Poly_WindRadii_50_2609200000"}, "geometry": {"type": "Polygon", "coordinates": [[[137.5, 29.366217605303838], [137.51325560197895, 29.366116137135656], [137.5265071661731, 29.365811763539284], [137.53975065602768, 29.365304577229878], [137.55298203744735, 29.3645947327013], [137.56619728002516, 29.363682446179066], [137.5793923582702, 29.362567995554485], [137.59256325283386, 29.36125172030002], [137.605705951734, 29.359734021365867], [137.61881645157723, 29.358015361057817], [137.63189075877833, 29.356096262896447], [137.64492489077665, 29.353977311457655], [137.6579148772493, 29.35165915219457], [137.6708567613206, 29.349142491240965], [137.6837466007673, 29.346428095196146], [137.69658046921938, 29.343516790891435], [137.70935445735623, 29.340409465138336], [137.7220646740973, 29.337107064458365], [137.73470724778747, 29.33361059479477], [137.74727832737628, 29.329921121206073], [137.75977408359114, 29.326039767541676], [137.77219071010364, 29.321967716099504], [137.7845244246891, 29.317706207265868], [137.79677147037853, 29.313256539137647], [137.8089281166032, 29.308620067126853], [137.8209906603309, 29.303798203547778], [137.83295542719395, 29.298792417186778], [137.84481877260845, 29.29360423285487], [137.85657708288448, 29.288235230923263], [137.86822677632685, 29.282687046841954], [137.87976430432605, 29.27696137064156], [137.8911861524393, 29.271059946418518], [137.902488841461, 29.264984571803815], [137.9136689284826, 29.258737097415413], [137.92472300794128, 29.252319426294527], [137.93564771265736, 29.245733513325955], [137.94643971485993, 29.238981364642587], [137.95709572720062, 29.23206503701432], [137.9676125037548, 29.224986637221544], [137.97798684101048, 29.217748321413413], [137.98821557884403, 29.210352294451038], [137.99829560148282, 29.20280080923588], [138.00822383845428, 29.19509616602349], [138.0179972655213, 29.187240711722822], [138.02761290560326, 29.179236839181357], [138.03706782968308, 29.171086986456206], [138.0463591576993, 29.16279363607146], [138.05548405942338, 29.154359314261985], [138.06443975532187, 29.145786590203905], [138.07322351740302, 29.13707807523202], [138.08183267004785, 29.128236422044345], [138.09026459082503, 29.1192643238941], [138.09851671128982, 29.110164513769288], [138.10658651776637, 29.10093976356023], [138.1144715521135, 29.091592883215206], [138.12216941247334, 29.082126719884503], [138.12967775400304, 29.072544157053184], [138.13699428958907, 29.062848113662707], [138.14411679054376, 29.05304154322182], [138.15104308728436, 29.043127432906875], [138.15777106999377, 29.03310880265192], [138.1642986892633, 29.02298870422878], [138.17062395671687, 29.012770220317467], [138.17674494561675, 29.002456463567174], [138.18265979145042, 28.99205057564812], [138.1883666924985, 28.98155572629456], [138.19386391038373, 28.970975112339282], [138.19914977060026, 28.96031195673979], [138.2042226630238, 28.94956950759658], [138.20908104240226, 28.938751037163716], [138.21372342882617, 28.927859840852104], [138.21814840817967, 28.916899236225635], [138.22235463257118, 28.905872561990666], [138.22634082074399, 28.894783176978983], [138.2301057584666, 28.883634459124682], [138.23364829890247, 28.872429804435228], [138.2369673629595, 28.861172625956975], [138.24006193961858, 28.849866352735543], [138.24293108624175, 28.83851442877128], [138.2455739288591, 28.82712031197019], [138.24798966243517, 28.815687473090637], [138.25017755111415, 28.80421939468609], [138.2521369284439, 28.792719570044323], [138.25386719757913, 28.781191502123328], [138.25536783146313, 28.769638702484265], [138.25663837298822, 28.758064690221822], [138.2576784351352, 28.74647299089225], [138.25848770109104, 28.73486713543946], [138.2590659243455, 28.723250659119447], [138.25941292876615, 28.711627100423435], [138.25952860865212, 28.7], [138.25952860865212, 28.7], [138.25941292876615, 28.688372899576564], [138.2590659243455, 28.67674934088055], [138.25848770109104, 28.66513286456054], [138.2576784351352, 28.653527009107748], [138.25663837298822, 28.641935309778177], [138.25536783146313, 28.630361297515734], [138.25386719757913, 28.61880849787667], [138.2521369284439, 28.607280429955676], [138.25017755111415, 28.59578060531391], [138.24798966243517, 28.58431252690936], [138.2455739288591, 28.572879688029808], [138.24293108624175, 28.56148557122872], [138.24006193961858, 28.550133647264456], [138.2369673629595, 28.538827374043024], [138.23364829890247, 28.52757019556477], [138.2301057584666, 28.516365540875316], [138.22634082074399, 28.505216823021016], [138.22235463257118, 28.494127438009333], [138.21814840817967, 28.483100763774363], [138.21372342882617, 28.472140159147894], [138.20908104240226, 28.461248962836283], [138.2042226630238, 28.45043049240342], [138.19914977060026, 28.439688043260208], [138.19386391038373, 28.429024887660717], [138.1883666924985, 28.41844427370544], [138.18265979145042, 28.40794942435188], [138.17674494561675, 28.397543536432824], [138.17062395671687, 28.38722977968253], [138.1642986892633, 28.37701129577122], [138.15777106999377, 28.366891197348078], [138.15104308728436, 28.356872567093124], [138.14411679054376, 28.346958456778182], [138.13699428958907, 28.337151886337292], [138.12967775400304, 28.327455842946815], [138.12216941247334, 28.317873280115496], [138.1144715521135, 28.308407116784796], [138.10658651776637, 28.299060236439765], [138.09851671128982, 28.28983548623071], [138.09026459082503, 28.280735676105902], [138.08183267004785, 28.271763577955653], [138.07322351740302, 28.26292192476798], [138.06443975532187, 28.254213409796094], [138.05548405942338, 28.245640685738014], [138.0463591576993, 28.23720636392854], [138.03706782968308, 28.228913013543792], [138.02761290560326, 28.220763160818642], [138.0179972655213, 28.212759288277176], [138.00822383845428, 28.20490383397651], [137.99829560148282, 28.197199190764117], [137.98821557884403, 28.18964770554896], [137.97798684101048, 28.182251678586585], [137.9676125037548, 28.175013362778454], [137.95709572720062, 28.16793496298568], [137.94643971485993, 28.16101863535741], [137.93564771265736, 28.154266486674043], [137.92472300794128, 28.147680573705472], [137.9136689284826, 28.141262902584586], [137.902488841461, 28.135015428196184], [137.8911861524393, 28.12894005358148], [137.87976430432605, 28.12303862935844], [137.86822677632685, 28.117312953158045], [137.85657708288448, 28.111764769076736], [137.84481877260845, 28.106395767145127], [137.83295542719392, 28.10120758281322], [137.8209906603309, 28.09620179645222], [137.8089281166032, 28.091379932873146], [137.79677147037853, 28.08674346086235], [137.7845244246891, 28.08229379273413], [137.77219071010364, 28.078032283900495], [137.75977408359114, 28.073960232458322], [137.74727832737628, 28.070078878793925], [137.73470724778747, 28.06638940520523], [137.7220646740973, 28.062892935541633], [137.70935445735623, 28.059590534861663], [137.69658046921938, 28.056483209108563], [137.6837466007673, 28.053571904803853], [137.6708567613206, 28.05085750875903], [137.6579148772493, 28.048340847805427], [137.64492489077665, 28.046022688542344], [137.63189075877833, 28.043903737103552], [137.61881645157723, 28.041984638942182], [137.605705951734, 28.04026597863413], [137.59256325283386, 28.038748279699977], [137.5793923582702, 28.037432004445513], [137.56619728002516, 28.036317553820933], [137.55298203744735, 28.0354052672987], [137.53975065602768, 28.03469542277012], [137.5265071661731, 28.034188236460714], [137.51325560197895, 28.033883862864343], [137.5, 28.03378239469616], [137.5, 28.03378239469616], [137.48674439802105, 28.033883862864343], [137.4734928338269, 28.034188236460714], [137.46024934397232, 28.03469542277012], [137.44701796255265, 28.0354052672987], [137.43380271997484, 28.036317553820933], [137.4206076417298, 28.037432004445513], [137.40743674716614, 28.038748279699977], [137.394294048266, 28.04026597863413], [137.38118354842277, 28.041984638942182], [137.36810924122167, 28.043903737103552], [137.35507510922335, 28.046022688542344], [137.3420851227507, 28.048340847805427], [137.3291432386794, 28.05085750875903], [137.3162533992327, 28.053571904803853], [137.30341953078062, 28.056483209108563], [137.29064554264377, 28.059590534861663], [137.2779353259027, 28.062892935541633], [137.26529275221253, 28.06638940520523], [137.25272167262372, 28.070078878793925], [137.24022591640886, 28.073960232458322], [137.22780928989636, 28.078032283900495], [137.2154755753109, 28.08229379273413], [137.20322852962147, 28.08674346086235], [137.1910718833968, 28.091379932873146], [137.1790093396691, 28.09620179645222], [137.16704457280608, 28.10120758281322], [137.15518122739155, 28.106395767145127], [137.14342291711552, 28.111764769076736], [137.13177322367315, 28.117312953158045], [137.12023569567395, 28.12303862935844], [137.1088138475607, 28.12894005358148], [137.097511158539, 28.135015428196184], [137.0863310715174, 28.141262902584586], [137.07527699205872, 28.147680573705472], [137.06435228734264, 28.154266486674043], [137.05356028514007, 28.16101863535741], [137.04290427279938, 28.16793496298568], [137.0323874962452, 28.175013362778454], [137.02201315898952, 28.182251678586585], [137.01178442115597, 28.18964770554896], [137.00170439851718, 28.197199190764117], [136.99177616154572, 28.20490383397651], [136.9820027344787, 28.212759288277176], [136.97238709439674, 28.220763160818642], [136.96293217031692, 28.228913013543792], [136.9536408423007, 28.23720636392854], [136.94451594057662, 28.245640685738014], [136.93556024467813, 28.254213409796094], [136.92677648259698, 28.26292192476798], [136.91816732995215, 28.271763577955653], [136.90973540917497, 28.280735676105902], [136.90148328871018, 28.28983548623071], [136.89341348223363, 28.299060236439768], [136.8855284478865, 28.308407116784792], [136.87783058752666, 28.317873280115496], [136.87032224599696, 28.327455842946815], [136.86300571041093, 28.337151886337292], [136.85588320945624, 28.34695845677818], [136.84895691271564, 28.356872567093124], [136.84222893000623, 28.366891197348078], [136.8357013107367, 28.377011295771222], [136.82937604328313, 28.38722977968253], [136.82325505438325, 28.397543536432824], [136.81734020854958, 28.40794942435188], [136.8116333075015, 28.41844427370544], [136.80613608961627, 28.429024887660717], [136.80085022939974, 28.439688043260208], [136.7957773369762, 28.45043049240342], [136.79091895759774, 28.461248962836283], [136.78627657117383, 28.472140159147894], [136.78185159182033, 28.483100763774363], [136.77764536742882, 28.494127438009333], [136.77365917925601, 28.505216823021016], [136.7698942415334, 28.516365540875316], [136.76635170109753, 28.52757019556477], [136.7630326370405, 28.538827374043024], [136.75993806038142, 28.550133647264456], [136.75706891375825, 28.56148557122872], [136.7544260711409, 28.572879688029804], [136.75201033756483, 28.58431252690936], [136.74982244888585, 28.59578060531391], [136.7478630715561, 28.607280429955676], [136.74613280242087, 28.61880849787667], [136.74463216853687, 28.630361297515734], [136.74336162701178, 28.641935309778177], [136.7423215648648, 28.653527009107748], [136.74151229890896, 28.665132864560537], [136.7409340756545, 28.676749340880548], [136.74058707123385, 28.688372899576564], [136.74047139134788, 28.7], [136.8354124674294, 28.7], [136.8355136873296, 28.710173712870507], [136.8358173161977, 28.720344326729517], [136.83632326154535, 28.730508743509528], [136.8370313692567, 28.74066386703072], [136.8379414236353, 28.750806603944092], [136.83905314746977, 28.76093386467373], [136.84036620211825, 28.771042564357913], [136.8418801876116, 28.781129623788782], [136.84359464277514, 28.79119197035033], [136.84550904536923, 28.801226538954307], [136.8476228122483, 28.81123027297392], [136.84993529953846, 28.82120012517487], [136.85244580283373, 28.8311330586436], [136.85515355741043, 28.841026047712354], [136.85805773846033, 28.850876078880823], [136.86115746134172, 28.860680151734098], [136.864451781849, 28.87043527985661], [136.86793969650023, 28.880138491741832], [136.87162014284277, 28.889786831697432], [136.8754919997771, 28.89937736074559], [136.87955408789801, 28.90890715751825], [136.88380516985416, 28.918373319147005], [136.88824395072479, 28.927772962147316], [136.89286907841424, 28.937103223296873], [136.8976791440638, 28.94636126050774], [136.9026726824809, 28.955544253692103], [136.90784817258535, 28.964649405621277], [136.91320403787273, 28.973673942777783], [136.9187386468946, 28.98261511620018], [136.92445031375544, 28.99147020232043], [136.9303372986262, 29.000236503793516], [136.93639780827422, 29.008911350319092], [136.94262999660958, 29.017492099454866], [136.94903196524734, 29.025976137421534], [136.95560176408583, 29.03436087989894], [136.96233739190066, 29.042643772813303], [136.96923679695442, 29.050822293115203], [136.97629787762142, 29.05889394954813], [136.98351848302812, 29.066856283407336], [136.99089641370816, 29.074706869288804], [136.99842942227235, 29.082443315828016], [137.00611521409337, 29.090063266428416], [137.01395144800455, 29.097564399979234], [137.0219357370131, 29.104944431562526], [137.0300656490273, 29.112201113149183], [137.03833870759715, 29.11933223428369], [137.04675239266888, 29.12633562275747], [137.0553041413525, 29.133209145270552], [137.06399134870253, 29.139950708081397], [137.07281136851148, 29.14655825764466], [137.08176151411584, 29.153029781236736], [137.09083905921455, 29.15936330756885], [137.10004123869948, 29.16555690738753], [137.10936524949756, 29.171608694062265], [137.1188082514248, 29.17751682416021], [137.12836736805139, 29.18327949800771], [137.13803968757773, 29.188894960238486], [137.14782226372162, 29.194361500328338], [137.1577121166156, 29.1996774531162], [137.1677062337147, 29.204841199311364], [137.177801570714, 29.20985116598671], [137.18799505247605, 29.214705827057855], [137.19828357396761, 29.219403703748014], [137.2086640012053, 29.223943365038433], [137.21913317221046, 29.228323428104307], [137.2296878979722, 29.232542558735997], [137.2403249634188, 29.23659947174544], [137.25104112839705, 29.240492931357636], [137.2618331286593, 29.244221751587066], [137.27269767685775, 29.247784796598967], [137.28363146354576, 29.251180981055313], [137.29463115818598, 29.25440927044542], [137.30569341016485, 29.257468681401072], [137.31681484981328, 29.26035828199604], [137.32799208943302, 29.263077192030007], [137.3392217243286, 29.265624583296628], [137.35050033384445, 29.267999679835846], [137.36182448240683, 29.270201758170252], [137.37319072057042, 29.27223014752545], [137.38459558606894, 29.274084230034394], [137.39603560486992, 29.275763440925587], [137.40750729223276, 29.277267268695134], [137.41900715377037, 29.27859525526252], [137.43053168651355, 29.279746996110177], [137.44207737997797, 29.28072214040668], [137.45364071723355, 29.281520391113638], [137.4652181759758, 29.282141505076144], [137.47680622959854, 29.282585293096876], [137.48840134826844, 29.282851619993696], [137.5, 29.28294040464086], [137.5, 29.366217605303838]]]}}, {"type": "Feature", "id": "TC100132219WindRadii_64_2609200000", "properties": {"description": "Tropical Cyclone DUJUAN-26", "name": "Tropical Cyclone DUJUAN-26", "htmldescription": "Green Tropical Cylone DUJUAN-26 in Japan from: 15 Sep 2026 12:00:00 to:20 Sep 2026 00:00:00.", "link": "https://www.gdacs.org/report.aspx?eventtype=TC&eventid=1001322&episodeid=19", "featureIndex": "810", "iconeventlink": "https://www.gdacs.org/images/gdacs_icons/maps/Green/TC.png", "iconitemlink": "https://www.gdacs.org/images/gdacs_icons/maps/Green/TC.png", "alertlevel": "Green", "eventtype": "TC", "eventname": "DUJUAN-26", "polygonlabel": "20/09 00:00", "polygontype": "WindRadii_64_2609200000", "fromdate": "15 Sep 2026 12:00:00", "todate": "20 Sep 2026 00:00:00", "country": "Japan", "countrylist": "Japan", "iso3": "JPN", "severity": "129.6288", "latitude": "28.7", "longitude": "137.5", "imageoverview": "https://www.gdacs.org/contentdata/resources/imgtemp/gdacs/tc/1001322/clouds_1001322_19.png", "Class": "Poly_WindRadii_64_2609200000"}, "geometry": {"type": "Polygon", "coordinates": [[[137.5, 28.7], [137.5, 28.7], [137.5, 28.7], [137.5, 28.7], [137.5, 28.7], [137.5, 28.7], [137.5, 28.7], [137.5, 28.7], [137.5, 28.7], [137.5, 28.7], [137.5, 28.7], [137.5, 28.7], [137.5, 28.7], [137.5, 28.7], [137.5, 28.7], [137.5, 28.7], [137.5, 28.7], [137.5, 28.7], [137.5, 28.7], [137.5, 28.7], [137.5, 28.7], [137.5, 28.7], [137.5, 28.7], [137.5, 28.7], [137.5, 28.7], [137.5, 28.7], [137.5, 28.7], [137.5, 28.7], [137.5, 28.7], [137.5, 28.7], [137.5, 28.7], [137.5, 28.7], [137.5, 28.7], [137.5, 28.7], [137.5, 28.7], [137.5, 28.7], [137.5, 28.7], [137.5, 28.7], [137.5, 28.7], [137.5, 28.7], [137.5, 28.7], [137.5, 28.7], [137.5, 28.7], [137.5, 28.7], [137.5, 28.7], [137.5, 28.7], [137.5, 28.7], [137.5, 28.7], [137.5, 28.7], [137.5, 28.7], [137.5, 28.7], [137.5, 28.7], [137.5, 28.7], [137.5, 28.7], [137.5, 28.7], [137.5, 28.7], [137.5, 28.7], [137.5, 28.7], [137.5, 28.7], [137.5, 28.7], [137.5, 28.7], [137.5, 28.7], [137.5, 28.7], [137.5, 28.7], [137.5, 28.7], [137.5, 28.7], [137.5, 28.7], [137.5, 28.7], [137.5, 28.7], [137.5, 28.7], [137.5, 28.7], [137.5, 28.7], [137.5, 28.7], [137.5, 28.7], [137.5, 28.7], [137.5, 28.7], [137.5, 28.7], [137.5, 28.7], [137.5, 28.7], [137.5, 28.7], [137.5, 28.7], [137.5, 28.7], [137.5, 28.7], [137.5, 28.7], [137.5, 28.7], [137.5, 28.7], [137.5, 28.7], [137.5, 28.7], [137.5, 28.7], [137.5, 28.7], [137.5, 28.7], [137.5, 28.7], [137.5, 28.7], [137.5, 28.7], [137.5, 28.7], [137.5, 28.7], [137.5, 28.7], [137.5, 28.7], [137.5, 28.7], [137.5, 28.7], [137.5, 28.7], [137.5, 28.7], [137.5, 28.7], [137.5, 28.7], [137.5, 28.7], [137.5, 28.7], [137.5, 28.7], [137.5, 28.7], [137.5, 28.7], [137.5, 28.7], [137.5, 28.7], [137.5, 28.7], [137.5, 28.7], [137.5, 28.7], [137.5, 28.7], [137.5, 28.7], [137.5, 28.7], [137.5, 28.7], [137.5, 28.7], [137.5, 28.7], [137.5, 28.7], [137.5, 28.7], [137.5, 28.7], [137.5, 28.7], [137.5, 28.7], [137.5, 28.7], [137.5, 28.7], [137.5, 28.7], [137.5, 28.7], [137.5, 28.7], [137.5, 28.7], [137.5, 28.7], [137.5, 28.7], [137.5, 28.7], [137.5, 28.7], [137.5, 28.7], [137.5, 28.7], [137.5, 28.7], [137.5, 28.7], [137.5, 28.7], [137.5, 28.7], [137.5, 28.7], [137.5, 28.7], [137.5, 28.7], [137.5, 28.7], [137.5, 28.7], [137.5, 28.7], [137.5, 28.7], [137.5, 28.7], [137.5, 28.7], [137.5, 28.7], [137.5, 28.7], [137.5, 28.7], [137.5, 28.7], [137.5, 28.7], [137.5, 28.7], [137.5, 28.7], [137.5, 28.7], [137.5, 28.7], [137.5, 28.7], [137.5, 28.7], [137.5, 28.7], [137.5, 28.7], [137.5, 28.7], [137.5, 28.7], [137.5, 28.7], [137.5, 28.7], [137.5, 28.7], [137.5, 28.7], [137.5, 28.7], [137.5, 28.7], [137.5, 28.7], [137.5, 28.7], [137.5, 28.7], [137.5, 28.7], [137.5, 28.7], [137.5, 28.7], [137.5, 28.7], [137.5, 28.7], [137.5, 28.7], [137.5, 28.7], [137.5, 28.7], [137.5, 28.7], [137.5, 28.7], [137.5, 28.7], [137.5, 28.7], [137.5, 28.7], [137.5, 28.7], [137.5, 28.7], [137.5, 28.7], [137.5, 28.7], [137.5, 28.7], [137.5, 28.7], [137.5, 28.7], [137.5, 28.7], [137.5, 28.7], [137.5, 28.7], [137.5, 28.7], [137.5, 28.7], [137.5, 28.7], [137.5, 28.7], [137.5, 28.7], [137.5, 28.7], [137.5, 28.7], [137.5, 28.7], [137.5, 28.7], [137.5, 28.7], [137.5, 28.7], [137.5, 28.7], [137.5, 28.7], [137.5, 28.7], [137.5, 28.7], [137.5, 28.7], [137.5, 28.7], [137.5, 28.7], [137.5, 28.7], [137.5, 28.7], [137.5, 28.7], [137.5, 28.7], [137.5, 28.7], [137.5, 28.7], [137.5, 28.7], [137.5, 28.7], [137.5, 28.7], [137.5, 28.7], [137.5, 28.7], [137.5, 28.7], [137.5, 28.7], [137.5, 28.7], [137.5, 28.7], [137.5, 28.7], [137.5, 28.7], [137.5, 28.7], [137.5, 28.7], [137.5, 28.7], [137.5, 28.7], [137.5, 28.7], [137.5, 28.7], [137.5, 28.7], [137.5, 28.7], [137.5, 28.7], [137.5, 28.7], [137.5, 28.7], [137.5, 28.7], [137.5, 28.7], [137.5, 28.7], [137.5, 28.7], [137.5, 28.7], [137.5, 28.7], [137.5, 28.7], [137.5, 28.7], [137.5, 28.7], [137.5, 28.7], [137.5, 28.7], [137.5, 28.7], [137.5, 28.7], [137.5, 28.7], [137.5, 28.7], [137.5, 28.7], [137.5, 28.7], [137.5, 28.7], [137.5, 28.7], [137.5, 28.7], [137.5, 28.7], [137.5, 28.7], [137.5, 28.7], [137.5, 28.7], [137.5, 28.7], [137.5, 28.7], [137.5, 28.7], [137.5, 28.7], [137.5, 28.7], [137.5, 28.7], [137.5, 28.7], [137.5, 28.7], [137.5, 28.7], [137.5, 28.7], [137.5, 28.7], [137.5, 28.7], [137.5, 28.7], [137.5, 28.7], [137.5, 28.7], [137.5, 28.7], [137.5, 28.7], [137.5, 28.7], [137.5, 28.7], [137.5, 28.7], [137.5, 28.7], [137.5, 28.7], [137.5, 28.7], [137.5, 28.7], [137.5, 28.7], [137.5, 28.7], [137.5, 28.7], [137.5, 28.7], [137.5, 28.7], [137.5, 28.7], [137.5, 28.7], [137.5, 28.7], [137.5, 28.7], [137.5, 28.7], [137.5, 28.7], [137.5, 28.7], [137.5, 28.7], [137.5, 28.7], [137.5, 28.7], [137.5, 28.7], [137.5, 28.7], [137.5, 28.7], [137.5, 28.7], [137.5, 28.7], [137.5, 28.7], [137.5, 28.7], [137.5, 28.7], [137.5, 28.7], [137.5, 28.7], [137.5, 28.7], [137.5, 28.7], [137.5, 28.7], [137.5, 28.7], [137.5, 28.7], [137.5, 28.7], [137.5, 28.7], [137.5, 28.7], [137.5, 28.7], [137.5, 28.7], [137.5, 28.7], [137.5, 28.7], [137.5, 28.7], [137.5, 28.7], [137.5, 28.7], [137.5, 28.7], [137.5, 28.7], [137.5, 28.7], [137.5, 28.7], [137.5, 28.7], [137.5, 28.7], [137.5, 28.7], [137.5, 28.7], [137.5, 28.7], [137.5, 28.7], [137.5, 28.7], [137.5, 28.7], [137.5, 28.7], [137.5, 28.7], [137.5, 28.7], [137.5, 28.7], [137.5, 28.7], [137.5, 28.7], [137.5, 28.7], [137.5, 28.7], [137.5, 28.7], [137.5, 28.7], [137.5, 28.7], [137.5, 28.7], [137.5, 28.7], [137.5, 28.7], [137.5, 28.7], [137.5, 28.7], [137.5, 28.7], [137.5, 28.7], [137.5, 28.7], [137.5, 28.7], [137.5, 28.7], [137.5, 28.7]]]}}, {"type": "Feature", "id": "TC100132219Polygon_Point_18", "properties": {"description": "Tropical Cyclone DUJUAN-26", "name": "Tropical Cyclone DUJUAN-26", "htmldescription": "Green Tropical Cylone DUJUAN-26 in Japan from: 15 Sep 2026 12:00:00 to:20 Sep 2026 00:00:00.", "link": "https://www.gdacs.org/report.aspx?eventtype=TC&eventid=1001322&episodeid=19", "featureIndex": "811", "iconeventlink": "https://www.gdacs.org/images/gdacs_icons/maps/Green/TC.png", "iconitemlink": "https://www.gdacs.org/images/gdacs_icons/maps/Green/TC.png", "alertlevel": "Green", "eventtype": "TC", "eventname": "DUJUAN-26", "polygonlabel": "20/09 00:00 UTC", "polygontype": "Polygon_Point_18", "fromdate": "15 Sep 2026 12:00:00", "todate": "20 Sep 2026 00:00:00", "country": "Japan", "countrylist": "Japan", "iso3": "JPN", "severity": "129.6288", "latitude": "28.7", "longitude": "137.5", "imageoverview": "https://www.gdacs.org/contentdata/resources/imgtemp/gdacs/tc/1001322/clouds_1001322_19.png", "Class": "Poly_Polygon_Point_18"}, "geometry": {"type": "Polygon", "coordinates": [[[137.5, 28.669999999999998], [137.50147203022982, 28.670036136313843], [137.50294051420988, 28.670144458199832], [137.50440191423365, 28.670324704701056], [137.50585270966047, 28.6705764415879], [137.5072894053971, 28.67089906240416], [137.50870854031763, 28.67129178992803], [137.51010669560176, 28.671753678044507], [137.51148050297095, 28.67228361402466], [137.51282665280291, 28.672880321206296], [137.51414190210477, 28.673542362069547], [137.5154230823258, 28.67426814169999], [137.51666710699058, 28.67505591163092], [137.51787097913478, 28.67590377405558], [137.5190317985249, 28.676809686399118], [137.52014676864542, 28.67777146623935], [137.5212132034356, 28.678786796564403], [137.52222853376065, 28.67985323135459], [137.52319031360088, 28.68096820147509], [137.52409622594442, 28.682129020865226], [137.52494408836907, 28.68333289300941], [137.52573185830002, 28.684576917674203], [137.52645763793046, 28.68585809789522], [137.5271196787937, 28.687173347197092], [137.52771638597534, 28.688519497029045], [137.5282463219555, 28.689893304398232], [137.52870821007195, 28.691291459682365], [137.52910093759584, 28.6927105946029], [137.5294235584121, 28.694147290339515], [137.52967529529894, 28.69559808576634], [137.52985554180017, 28.697059485790113], [137.52996386368616, 28.698527969770176], [137.53, 28.7], [137.52996386368616, 28.701472030229823], [137.52985554180017, 28.702940514209885], [137.52967529529894, 28.70440191423366], [137.5294235584121, 28.705852709660483], [137.52910093759584, 28.7072894053971], [137.52870821007195, 28.708708540317634], [137.5282463219555, 28.710106695601766], [137.52771638597534, 28.711480502970954], [137.5271196787937, 28.712826652802907], [137.52645763793046, 28.714141902104778], [137.52573185830002, 28.715423082325795], [137.52494408836907, 28.716667106990588], [137.52409622594442, 28.717870979134773], [137.52319031360088, 28.71903179852491], [137.52222853376065, 28.72014676864541], [137.5212132034356, 28.721213203435596], [137.52014676864542, 28.72222853376065], [137.5190317985249, 28.72319031360088], [137.51787097913478, 28.724096225944418], [137.51666710699058, 28.724944088369078], [137.5154230823258, 28.72573185830001], [137.51414190210477, 28.72645763793045], [137.51282665280291, 28.727119678793702], [137.51148050297095, 28.727716385975338], [137.51010669560176, 28.728246321955492], [137.50870854031763, 28.728708210071968], [137.5072894053971, 28.729100937595838], [137.50585270966047, 28.729423558412098], [137.50440191423365, 28.729675295298943], [137.50294051420988, 28.729855541800166], [137.50147203022982, 28.729963863686155], [137.5, 28.73], [137.49852796977018, 28.729963863686155], [137.49705948579012, 28.729855541800166], [137.49559808576635, 28.729675295298943], [137.49414729033953, 28.729423558412098], [137.4927105946029, 28.729100937595838], [137.49129145968237, 28.728708210071968], [137.48989330439824, 28.728246321955492], [137.48851949702905, 28.727716385975338], [137.48717334719709, 28.727119678793702], [137.48585809789523, 28.72645763793045], [137.4845769176742, 28.72573185830001], [137.48333289300942, 28.724944088369078], [137.48212902086522, 28.724096225944418], [137.4809682014751, 28.72319031360088], [137.47985323135458, 28.72222853376065], [137.4787867965644, 28.721213203435596], [137.47777146623935, 28.72014676864541], [137.47680968639912, 28.71903179852491], [137.47590377405558, 28.717870979134773], [137.47505591163093, 28.716667106990588], [137.47426814169998, 28.715423082325795], [137.47354236206954, 28.714141902104778], [137.4728803212063, 28.712826652802907], [137.47228361402466, 28.711480502970954], [137.4717536780445, 28.710106695601766], [137.47129178992805, 28.708708540317634], [137.47089906240416, 28.7072894053971], [137.4705764415879, 28.705852709660483], [137.47032470470106, 28.70440191423366], [137.47014445819983, 28.702940514209885], [137.47003613631384, 28.701472030229823], [137.47, 28.7], [137.47003613631384, 28.698527969770176], [137.47014445819983, 28.697059485790113], [137.47032470470106, 28.69559808576634], [137.4705764415879, 28.694147290339515], [137.47089906240416, 28.6927105946029], [137.47129178992805, 28.691291459682365], [137.4717536780445, 28.689893304398232], [137.47228361402466, 28.688519497029045], [137.4728803212063, 28.687173347197092], [137.47354236206954, 28.68585809789522], [137.47426814169998, 28.684576917674203], [137.47505591163093, 28.68333289300941], [137.47590377405558, 28.682129020865226], [137.47680968639912, 28.68096820147509], [137.47777146623935, 28.67985323135459], [137.4787867965644, 28.678786796564403], [137.47985323135458, 28.67777146623935], [137.4809682014751, 28.676809686399118], [137.48212902086522, 28.67590377405558], [137.48333289300942, 28.67505591163092], [137.4845769176742, 28.67426814169999], [137.48585809789523, 28.673542362069547], [137.48717334719709, 28.672880321206296], [137.48851949702905, 28.67228361402466], [137.48989330439824, 28.671753678044507], [137.49129145968237, 28.67129178992803], [137.4927105946029, 28.67089906240416], [137.49414729033953, 28.6705764415879], [137.49559808576635, 28.670324704701056], [137.49705948579012, 28.670144458199832], [137.49852796977018, 28.670036136313843], [137.5, 28.669999999999998]]]}}, {"type": "Feature", "id": "TC100132219WindRadii_34_2609201200", "properties": {"description": "Tropical Cyclone DUJUAN-26", "name": "Tropical Cyclone DUJUAN-26", "htmldescription": "Green Tropical Cylone DUJUAN-26 in Japan from: 15 Sep 2026 12:00:00 to:20 Sep 2026 00:00:00.", "link": "https://www.gdacs.org/report.aspx?eventtype=TC&eventid=1001322&episodeid=19", "featureIndex": "812", "iconeventlink": "https://www.gdacs.org/images/gdacs_icons/maps/Green/TC.png", "iconitemlink": "https://www.gdacs.org/images/gdacs_icons/maps/Green/TC.png", "alertlevel": "Green", "eventtype": "TC", "eventname": "DUJUAN-26", "polygonlabel": "20/09 12:00", "polygontype": "WindRadii_34_2609201200", "fromdate": "15 Sep 2026 12:00:00", "todate": "20 Sep 2026 00:00:00", "country": "Japan", "countrylist": "Japan", "iso3": "JPN", "severity": "129.6288", "latitude": "28.7", "longitude": "137.5", "imageoverview": "https://www.gdacs.org/contentdata/resources/imgtemp/gdacs/tc/1001322/clouds_1001322_19.png", "Class": "Poly_WindRadii_34_2609201200"}, "geometry": {"type": "Polygon", "coordinates": [[[137.5, 33.5310880265192], [137.56726506660354, 33.530580685678274], [137.63450964361618, 33.52905881769643], [137.70171324768836, 33.5265228861494], [137.76885540795126, 33.5229736635065], [137.83591567225244, 33.51841223089532], [137.90287361338574, 33.51283997777244], [137.9697088353137, 33.50625860150012], [138.03640097938023, 33.49867010682934], [138.10292973051222, 33.49007680528908], [138.1692748234076, 33.48048131448225], [138.23541604870832, 33.469886557288284], [138.3013332591565, 33.45829576097287], [138.36700637573125, 33.44571245620484], [138.43241539376507, 33.432140475980724], [138.49754038903743, 33.41758395445718], [138.5623615238439, 33.402047325691676], [138.62685905303888, 33.38553532229184], [138.69101333005017, 33.368052973973846], [138.75480481286354, 33.34960560603037], [138.81821406997534, 33.33019883770839], [138.88122178631158, 33.30983858049752], [138.94380876911154, 33.288531036329346], [139.0059559537739, 33.26628269568823], [139.06764440966427, 33.243100335634274], [139.1288553458813, 33.2189910177389], [139.18957011698092, 33.1939620859339], [139.24977022865568, 33.168021164274364], [139.3094373433684, 33.141176154616325], [139.36855328593788, 33.113435234209774], [139.4271000490754, 33.0848068532078], [139.4850597988697, 33.05529973209259], [139.5424148802196, 33.02492285901907], [139.59914782221165, 32.99368548707706], [139.65524134344216, 32.961597131472644], [139.71067835728115, 32.928667566629784], [139.76544197707722, 32.89490682321294], [139.81951552130124, 32.860325185071595], [139.8728825186278, 32.82493318610772], [139.92552671295257, 32.78874160706707], [139.97743206834394, 32.7517614722552], [140.0285827739279, 32.71400404617941], [140.07896324870399, 32.67548083011745], [140.12855814629154, 32.63620355861411], [140.17735235960433, 32.596184195906794], [140.22533102545225, 32.55543493228104], [140.272479529069, 32.5139681803573], [140.31878350856354, 32.471796571309916], [140.3642288592952, 32.428932951019526], [140.40880173816993, 32.38539037616009], [140.45248856785702, 32.34118211022173], [140.49527604092492, 32.2963216194705], [140.5371511238949, 32.250822568846445], [140.57810106121096, 32.204698817801166], [140.61811337912556, 32.15796441607603], [140.65717588949903, 32.11063359942252], [140.6952766935123, 32.06272078526591], [140.73240418529141, 32.014240568313525], [140.76854705544267, 31.96520771610909], [140.80369429449772, 31.91563716453438], [140.83783519626704, 31.8655440132596], [140.87095936110126, 31.814943521143896], [140.90305669905885, 31.76385110158734], [140.93411743297978, 31.71228231783587], [140.96413210146358, 31.660252878240588], [140.99309156175147, 31.6077786314728], [141.0209869925113, 31.554875561696413], [141.04780989652465, 31.501559783698955], [141.07355210327512, 31.44784753798289], [141.09820577143714, 31.393755185818588], [141.1217633912646, 31.339299204260517], [141.14421778687827, 31.284496181128187], [141.1655621184517, 31.229362809953336], [141.18578988429476, 31.173915884894914], [141.20489492283403, 31.118172295623417], [141.22287141448967, 31.06214902217614], [141.23971388344822, 31.00586312978488], [141.25541719933042, 30.94933176367772], [141.26997657875418, 30.8925721438564], [141.28338758679143, 30.835601559850964], [141.29564613831928, 30.77843736545319], [141.30674849926416, 30.72109697343045], [141.31669128773933, 30.66359785022162], [141.32547147507515, 30.605957510616644], [141.33308638674148, 30.54819351242133], [141.3395337031625, 30.490323451109113], [141.3448114604231, 30.432364954461256], [141.34891805086733, 30.3743356771973], [141.35185222358797, 30.316253295597246], [141.3536130848076, 30.25813550211718], [141.35420009815076, 30.2], [140.96878008833568, 30.2], [140.9682517763268, 30.147678048094537], [140.96666700122918, 30.095372033962477], [140.9640262457806, 30.04309789052243], [140.96033031438077, 29.99087154098487], [140.95558033284624, 29.9387088940018], [140.94977774806733, 29.8866258388208], [140.94292432756762, 29.83463824044502], [140.9350221589654, 29.78276193480054], [140.92607364933772, 29.731012723912595], [140.91608152448737, 29.679406371092128], [140.9050488281123, 29.62795859613413], [140.89297892087876, 29.57668507052924], [140.87987547939738, 29.52560141269005], [140.8657424951034, 29.474723183193607], [140.8505842730407, 29.42406588004147], [140.83440543055065, 29.373644933938923], [140.8172108958653, 29.323475703594575], [140.79900590660654, 29.273573471041995], [140.77979600819043, 29.22395343698463], [140.75958705213813, 29.174630716165534], [140.73838519429344, 29.12562033276327], [140.7161968929476, 29.0769372158154], [140.6930289068722, 29.02859619467094], [140.66888829326018, 28.98061199447323], [140.6437824055763, 28.93299923167448], [140.61771889131722, 28.88577240958347], [140.5907056896818, 28.838945913947715], [140.56275102915296, 28.792534008571394], [140.53386342499113, 28.746550830970495], [140.50405167664033, 28.701010388066358], [140.47332486504794, 28.655926551919055], [140.4416923498984, 28.611313055501814], [140.40916376676228, 28.567183488517824], [140.37574902416108, 28.523551293260677], [140.34145830054914, 28.48042976051973], [140.306302041213, 28.437832025531577], [140.27029095508988, 28.395771063978952], [140.2334360115054, 28.354259688038198], [140.19574843683245, 28.313310542476554], [140.15723971107133, 28.272936100800443], [140.11792156435294, 28.233148661455914], [140.07780597336568, 28.193960344082427], [140.03690515770717, 28.15538308582107], [139.9952315761621, 28.117428637678426], [139.95279792290702, 28.08010856094706], [139.9096171236439, 28.043434223683885], [139.8657023316624, 28.007416797247295], [139.8210669238336, 27.972067252894295], [139.7757244965351, 27.93739635843853], [139.72968886150957, 27.90341467497032], [139.6829740416573, 27.87013255363964], [139.63559426676503, 27.837560132503047], [139.5875639691711, 27.805707333435564], [139.5388977793695, 27.774583859108354], [139.48961052155306, 27.74419919003319], [139.43971720909795, 27.71456258167462], [139.3892330399905, 27.685683061630645], [139.33817339219763, 27.65756942688283], [139.28655381898275, 27.630230241116667], [139.23439004416784, 27.603673832112978], [139.18169795734408, 27.577908289211205], [139.12849360903155, 27.55294146084531], [139.07479320579012, 27.52878095215307], [139.02061310528282, 27.505434122659487], [138.96596981129318, 27.48290808403499], [138.91087996869783, 27.461209697929153], [138.85536035839652, 27.440345573880588], [138.79942789220038, 27.420322067303587], [138.74309960768042, 27.40114527755223], [138.6863926629778, 27.38282104606245], [138.62932433157718, 27.365354954572663], [138.57191199704516, 27.348752323423533], [138.514173147735, 27.333018209937347], [138.4561253714595, 27.318157406877493], [138.39778635013369, 27.304174440988536], [138.33917385438855, 27.291073571617346], [138.28030573815812, 27.278858789415647], [138.22119993324085, 27.26753381512442], [138.1618744438375, 27.257102098440544], [138.10234734106683, 27.24756681696598], [138.042636757461, 27.238930875239824], [137.9827608814422, 27.231196903853593], [137.92273795178232, 27.22436725864989], [137.86258625204718, 27.218444020004807], [137.8023241050272, 27.213428992194206], [137.74196986715614, 27.20932370284415], [137.68154192291954, 27.206129402465535], [137.62105867925456, 27.20384706407321], [137.56053855994318, 27.20247738288955], [137.5, 27.202020776132716], [137.5, 27.535129578784638], [137.44618794671717, 27.535535451457378], [137.39239228510704, 27.536752945842853], [137.33862940184932, 27.538781691080477], [137.284915673639, 27.5416210691948], [137.23126746219805, 27.54527021528374], [137.1777011092914, 27.549728017782048], [137.12423293174905, 27.554993118799903], [137.07087921649583, 27.56106391453653], [137.01765621559022, 27.567938555768734], [136.96458014127393, 27.575614948414202], [136.91166716103334, 27.584090754169374], [136.8589333926748, 27.593363391221708], [136.806394899415, 27.60343003503613], [136.75406768498794, 27.614287619215418], [136.70196768877005, 27.625932836434252], [136.65011078092488, 27.63836213944666], [136.5985127575689, 27.65157174216653], [136.54718933595987, 27.66555762082092], [136.49615614970918, 27.6803155151757], [136.44542874401972, 27.695840929833288], [136.39502257095074, 27.712129135601984], [136.34495298471077, 27.72917517093652], [136.29523523698086, 27.74697384344941], [136.24588447226859, 27.76551973149258], [136.19691572329495, 27.78480718580888], [136.14834390641525, 27.80483033125288], [136.10018381707545, 27.825583068580507], [136.0524501253053, 27.84705907630694], [136.0051573712497, 27.869251812632182], [135.9583199607397, 27.89215451743376], [135.91195216090424, 27.91576021432593], [135.86606809582432, 27.94006171278474], [135.82068174223068, 27.96505161033835], [135.77580692524626, 27.990722294821886], [135.73145731417506, 28.017065946696167], [135.68764641833823, 28.044074541429648], [135.644387582959, 28.071739851942723], [135.60169398509777, 28.10005345111382], [135.55957862963794, 28.129006714346346], [135.51805434532483, 28.15859082219584], [135.47713378085768, 28.188796763056473], [135.43682940103682, 28.219615335906038], [135.39715348296676, 28.251037153108705], [135.35811811231653, 28.283052643274566], [135.3197351796382, 28.315652054175164], [135.28201637674482, 28.348825455714152], [135.24497319314918, 28.38256274295206], [135.20861691256383, 28.416853639184378], [135.17295860946405, 28.451687699071925], [135.1380091457144, 28.487054311822614], [135.10377916726006, 28.522942704423603], [135.07027910088408, 28.559341944922842], [135.03751915103123, 28.596240945759067], [135.00550929669956, 28.63362846713918], [134.9742592884008, 28.67149312046198], [134.94377864519015, 28.709823371787266], [134.91407665176686, 28.748607545349177], [134.88516235564586, 28.787833827112724], [134.85704456440183, 28.827490268372493], [134.82973184298638, 28.86756478939232], [134.803232511119, 28.908045183084884], [134.77755464075292, 28.948919118730128], [134.75270605361618, 28.9901741457313], [134.72869431882913, 29.03179769740753], [134.70552675059884, 29.073777094821757], [134.68321040599096, 29.11609955064287], [134.66175208278028, 29.158752173040835], [134.6411583173799, 29.201721969613686], [134.62143538285028, 29.244995851345127], [134.60258928698832, 29.288560636591583], [134.58462577049738, 29.332403055097448], [134.56755030523863, 29.37650975203733], [134.5513680925642, 29.420867292084065], [134.53608406173277, 29.465462163501265], [134.52170286840825, 29.510280782259088], [134.50822889324144, 29.555309496172093], [134.49566624053566, 29.600534589057823], [134.48401873699666, 29.645942284914877], [134.47328993056684, 29.691518752119226], [134.46348308934458, 29.737250107637447], [134.45460120058868, 29.78312242125564], [134.44664696980854, 29.8291217198227], [134.43962281993987, 29.875233991506686], [134.43353089060682, 29.921445190062933], [134.42837303747, 29.96774123911271], [134.42415083166154, 30.014108036430994], [134.42086555930612, 30.060531458242156], [134.41851822112963, 30.1069973635222], [134.41710953215394, 30.153491598306253], [134.4166399214794, 30.2], [134.03121991166432, 30.2], [134.0317482236732, 30.25232195190546], [134.03333299877082, 30.304627966037522], [134.0359737542194, 30.356902109477574], [134.03966968561923, 30.40912845901513], [134.04441966715376, 30.4612911059982], [134.05022225193267, 30.513374161179197], [134.05707567243238, 30.56536175955498], [134.0649778410346, 30.61723806519946], [134.07392635066228, 30.668987276087403], [134.08391847551263, 30.72059362890787], [134.0949511718877, 30.772041403865867], [134.10702107912124, 30.823314929470758], [134.12012452060262, 30.874398587309948], [134.1342575048966, 30.92527681680639], [134.1494157269593, 30.975934119958527], [134.16559456944935, 31.026355066061075], [134.1827891041347, 31.076524296405424], [134.20099409339346, 31.126426528958003], [134.22020399180957, 31.17604656301537], [134.24041294786187, 31.225369283834464], [134.26161480570656, 31.274379667236726], [134.2838031070524, 31.3230627841846], [134.3069710931278, 31.37140380532906], [134.33111170673982, 31.41938800552677], [134.3562175944237, 31.467000768325523], [134.38228110868278, 31.514227590416528], [134.4092943103182, 31.561054086052284], [134.43724897084704, 31.607465991428604], [134.46613657500887, 31.653449169029503], [134.49594832335967, 31.69898961193364], [134.52667513495206, 31.744073448080943], [134.5583076501016, 31.788686944498185], [134.59083623323772, 31.832816511482175], [134.62425097583892, 31.876448706739318], [134.65854169945086, 31.91957023948027], [134.693697958787, 31.96216797446842], [134.72970904491012, 32.00422893602104], [134.7665639884946, 32.0457403119618], [134.80425156316755, 32.08668945752345], [134.84276028892867, 32.127063899199555], [134.88207843564706, 32.166851338544085], [134.92219402663432, 32.20603965591757], [134.96309484229283, 32.24461691417893], [135.0047684238379, 32.282571362321576], [135.04720207709298, 32.31989143905294], [135.0903828763561, 32.35656577631612], [135.1342976683376, 32.392583202752704], [135.1789330761664, 32.42793274710571], [135.2242755034649, 32.462603641561465], [135.27031113849043, 32.49658532502968], [135.3170259583427, 32.52986744636036], [135.36440573323497, 32.56243986749695], [135.4124360308289, 32.594292666564435], [135.4611022206305, 32.625416140891645], [135.51038947844694, 32.655800809966806], [135.56028279090205, 32.68543741832538], [135.6107669600095, 32.71431693836936], [135.66182660780237, 32.74243057311717], [135.71344618101725, 32.76976975888333], [135.76560995583216, 32.79632616788702], [135.81830204265592, 32.8220917107888], [135.87150639096848, 32.84705853915469], [135.92520679420988, 32.87121904784693], [135.97938689471718, 32.89456587734051], [136.03403018870682, 32.91709191596501], [136.08912003130217, 32.93879030207084], [136.14463964160348, 32.959654426119414], [136.20057210779962, 32.97967793269641], [136.25690039231958, 32.99885472244777], [136.3136073370222, 33.01717895393755], [136.37067566842282, 33.03464504542734], [136.42808800295484, 33.051247676576466], [136.485826852265, 33.06698179006265], [136.5438746285405, 33.08184259312251], [136.60221364986631, 33.095825559011466], [136.66082614561145, 33.10892642838265], [136.71969426184188, 33.121141210584355], [136.77880006675915, 33.132466184875575], [136.8381255561625, 33.14289790155945], [136.89765265893317, 33.15243318303402], [136.957363242539, 33.161069124760175], [137.0172391185578, 33.168803096146405], [137.07726204821768, 33.17563274135011], [137.13741374795285, 33.181555979995196], [137.1976758949728, 33.18657100780579], [137.25803013284386, 33.190676297155846], [137.31845807708046, 33.19387059753446], [137.37894132074544, 33.19615293592679], [137.43946144005682, 33.19752261711045], [137.5, 33.19797922386728], [137.5, 33.5310880265192]]]}}, {"type": "Feature", "id": "TC100132219WindRadii_50_2609201200", "properties": {"description": "Tropical Cyclone DUJUAN-26", "name": "Tropical Cyclone DUJUAN-26", "htmldescription": "Green Tropical Cylone DUJUAN-26 in Japan from: 15 Sep 2026 12:00:00 to:20 Sep 2026 00:00:00.", "link": "https://www.gdacs.org/report.aspx?eventtype=TC&eventid=1001322&episodeid=19", "featureIndex": "813", "iconeventlink": "https://www.gdacs.org/images/gdacs_icons/maps/Green/TC.png", "iconitemlink": "https://www.gdacs.org/images/gdacs_icons/maps/Green/TC.png", "alertlevel": "Green", "eventtype": "TC", "eventname": "DUJUAN-26", "polygonlabel": "20/09 12:00", "polygontype": "WindRadii_50_2609201200", "fromdate": "15 Sep 2026 12:00:00", "todate": "20 Sep 2026 00:00:00", "country": "Japan", "countrylist": "Japan", "iso3": "JPN", "severity": "129.6288", "latitude": "28.7", "longitude": "137.5", "imageoverview": "https://www.gdacs.org/contentdata/resources/imgtemp/gdacs/tc/1001322/clouds_1001322_19.png", "Class": "Poly_WindRadii_50_2609201200"}, "geometry": {"type": "Polygon", "coordinates": [[[137.5, 30.866217605303838], [137.5134530133207, 30.866116137135656], [137.52690192872325, 30.865811763539284], [137.54034264953768, 30.865304577229878], [137.55377108159024, 30.8645947327013], [137.5671831344505, 30.863682446179066], [137.58057472267714, 30.862567995554485], [137.59394176706274, 30.86125172030002], [137.60728019587606, 30.859734021365867], [137.62058594610244, 30.858015361057817], [137.63385496468152, 30.856096262896447], [137.64708320974165, 30.853977311457655], [137.6602666518313, 30.85165915219457], [137.67340127514626, 30.849142491240965], [137.686483078753, 30.846428095196146], [137.69950807780748, 30.843516790891435], [137.71247230476877, 30.840409465138336], [137.72537181060778, 30.837107064458365], [137.73820266601004, 30.83361059479477], [137.75096096257272, 30.829921121206073], [137.76364281399506, 30.826039767541676], [137.77624435726233, 30.821967716099504], [137.7887617538223, 30.817706207265868], [137.8011911907548, 30.813256539137647], [137.81352888193285, 30.808620067126853], [137.82577106917626, 30.803798203547778], [137.8379140233962, 30.798792417186778], [137.84995404573112, 30.79360423285487], [137.86188746867367, 30.788235230923263], [137.8737106571876, 30.782687046841954], [137.88542000981508, 30.77696137064156], [137.89701195977395, 30.771059946418518], [137.90848297604393, 30.764984571803815], [137.91982956444232, 30.758737097415413], [137.93104826868844, 30.752319426294527], [137.94213567145624, 30.745733513325955], [137.95308839541545, 30.738981364642587], [137.96390310426025, 30.73206503701432], [137.97457650372556, 30.724986637221544], [137.98510534259051, 30.717748321413413], [137.9954864136688, 30.710352294451038], [138.00571655478558, 30.70280080923588], [138.0157926497408, 30.69509616602349], [138.0257116292583, 30.687240711722822], [138.03547047192086, 30.679236839181357], [138.04506620509045, 30.671086986456206], [138.0544959058138, 30.66279363607146], [138.06375670171272, 30.654359314261985], [138.07284577185905, 30.645786590203905], [138.08176034763397, 30.63707807523202], [138.0904977135714, 30.628236422044345], [138.09905520818498, 30.6192643238941], [138.10743022477897, 30.610164513769288], [138.1156202122422, 30.60093976356023], [138.12362267582512, 30.591592883215206], [138.13143517789982, 30.582126719884503], [138.13905533870246, 30.572544157053184], [138.14648083705828, 30.562848113662707], [138.15370941108853, 30.55304154322182], [138.16073885889955, 30.543127432906875], [138.1675670392534, 30.53310880265192], [138.17419187222026, 30.52298870422878], [138.18061133981178, 30.512770220317467], [138.18682348659596, 30.502456463567174], [138.1928264202927, 30.49205057564812], [138.1986183123503, 30.48155572629456], [138.20419739850226, 30.470975112339282], [138.20956197930494, 30.46031195673979], [138.21471042065502, 30.44956950759658], [138.21964115428742, 30.438751037163716], [138.22435267825293, 30.427859840852104], [138.22884355737565, 30.416899236225635], [138.23311242369033, 30.405872561990666], [138.23715797685895, 30.394783176978983], [138.2409789845668, 30.383634459124682], [138.24457428289793, 30.372429804435228], [138.24794277668965, 30.361172625956975], [138.25108343986608, 30.349866352735543], [138.25399531575084, 30.33851442877128], [138.2566775173583, 30.32712031197019], [138.25912922766386, 30.315687473090637], [138.26134969985284, 30.30421939468609], [138.26333825754787, 30.292719570044323], [138.26509429501502, 30.281191502123328], [138.2666172773483, 30.269638702484265], [138.2679067406325, 30.258064690221822], [138.2689622920846, 30.24647299089225], [138.26978361017348, 30.23486713543946], [138.2703704447176, 30.223250659119447], [138.2707226169615, 30.211627100423435], [138.27084001963016, 30.2], [138.27084001963016, 30.2], [138.2707226169615, 30.188372899576564], [138.2703704447176, 30.17674934088055], [138.26978361017348, 30.16513286456054], [138.2689622920846, 30.153527009107748], [138.2679067406325, 30.141935309778177], [138.2666172773483, 30.130361297515734], [138.26509429501502, 30.11880849787667], [138.26333825754787, 30.107280429955676], [138.26134969985284, 30.09578060531391], [138.25912922766386, 30.08431252690936], [138.2566775173583, 30.072879688029808], [138.25399531575084, 30.06148557122872], [138.25108343986608, 30.050133647264456], [138.24794277668965, 30.038827374043024], [138.24457428289793, 30.02757019556477], [138.2409789845668, 30.016365540875316], [138.23715797685895, 30.005216823021016], [138.23311242369033, 29.994127438009333], [138.22884355737565, 29.983100763774363], [138.22435267825293, 29.972140159147894], [138.21964115428742, 29.961248962836283], [138.21471042065502, 29.95043049240342], [138.20956197930494, 29.939688043260208], [138.20419739850226, 29.929024887660717], [138.1986183123503, 29.91844427370544], [138.1928264202927, 29.90794942435188], [138.18682348659596, 29.897543536432824], [138.18061133981178, 29.88722977968253], [138.17419187222026, 29.87701129577122], [138.1675670392534, 29.866891197348078], [138.16073885889955, 29.856872567093124], [138.15370941108853, 29.846958456778182], [138.14648083705828, 29.837151886337292], [138.13905533870246, 29.827455842946815], [138.13143517789982, 29.817873280115496], [138.12362267582512, 29.808407116784796], [138.1156202122422, 29.799060236439765], [138.10743022477897, 29.78983548623071], [138.09905520818498, 29.780735676105902], [138.0904977135714, 29.771763577955653], [138.08176034763397, 29.76292192476798], [138.07284577185905, 29.754213409796094], [138.06375670171272, 29.745640685738014], [138.0544959058138, 29.73720636392854], [138.04506620509045, 29.728913013543792], [138.03547047192086, 29.720763160818642], [138.0257116292583, 29.712759288277176], [138.0157926497408, 29.70490383397651], [138.00571655478558, 29.697199190764117], [137.9954864136688, 29.68964770554896], [137.98510534259051, 29.682251678586585], [137.97457650372556, 29.675013362778454], [137.96390310426025, 29.66793496298568], [137.95308839541545, 29.66101863535741], [137.94213567145624, 29.654266486674043], [137.93104826868844, 29.647680573705472], [137.91982956444232, 29.641262902584586], [137.90848297604393, 29.635015428196184], [137.89701195977395, 29.62894005358148], [137.88542000981508, 29.62303862935844], [137.8737106571876, 29.617312953158045], [137.86188746867367, 29.611764769076736], [137.84995404573112, 29.606395767145127], [137.8379140233962, 29.60120758281322], [137.82577106917626, 29.59620179645222], [137.81352888193285, 29.591379932873146], [137.8011911907548, 29.58674346086235], [137.7887617538223, 29.58229379273413], [137.77624435726233, 29.578032283900495], [137.76364281399506, 29.573960232458322], [137.75096096257272, 29.570078878793925], [137.73820266601004, 29.56638940520523], [137.72537181060778, 29.562892935541633], [137.71247230476877, 29.559590534861663], [137.69950807780748, 29.556483209108563], [137.686483078753, 29.553571904803853], [137.67340127514626, 29.55085750875903], [137.6602666518313, 29.548340847805427], [137.64708320974165, 29.546022688542344], [137.63385496468152, 29.543903737103552], [137.62058594610244, 29.541984638942182], [137.60728019587606, 29.54026597863413], [137.59394176706274, 29.538748279699977], [137.58057472267714, 29.537432004445513], [137.5671831344505, 29.536317553820933], [137.55377108159024, 29.5354052672987], [137.54034264953768, 29.53469542277012], [137.52690192872325, 29.534188236460714], [137.5134530133207, 29.533883862864343], [137.5, 29.53378239469616], [137.5, 29.53378239469616], [137.4865469866793, 29.533883862864343], [137.47309807127675, 29.534188236460714], [137.45965735046232, 29.53469542277012], [137.44622891840976, 29.5354052672987], [137.4328168655495, 29.536317553820933], [137.41942527732286, 29.537432004445513], [137.40605823293726, 29.538748279699977], [137.39271980412394, 29.54026597863413], [137.37941405389756, 29.541984638942182], [137.36614503531848, 29.543903737103552], [137.35291679025835, 29.546022688542344], [137.3397333481687, 29.548340847805427], [137.32659872485374, 29.55085750875903], [137.313516921247, 29.553571904803853], [137.30049192219252, 29.556483209108563], [137.28752769523123, 29.559590534861663], [137.27462818939222, 29.562892935541633], [137.26179733398996, 29.56638940520523], [137.24903903742728, 29.570078878793925], [137.23635718600494, 29.573960232458322], [137.22375564273767, 29.578032283900495], [137.2112382461777, 29.58229379273413], [137.1988088092452, 29.58674346086235], [137.18647111806715, 29.591379932873146], [137.17422893082374, 29.59620179645222], [137.1620859766038, 29.60120758281322], [137.15004595426888, 29.606395767145127], [137.13811253132633, 29.611764769076736], [137.1262893428124, 29.617312953158045], [137.11457999018492, 29.62303862935844], [137.10298804022605, 29.62894005358148], [137.09151702395607, 29.635015428196184], [137.08017043555768, 29.641262902584586], [137.06895173131156, 29.647680573705472], [137.05786432854376, 29.654266486674043], [137.04691160458455, 29.66101863535741], [137.03609689573975, 29.66793496298568], [137.02542349627444, 29.675013362778454], [137.01489465740949, 29.682251678586585], [137.0045135863312, 29.68964770554896], [136.99428344521442, 29.697199190764117], [136.9842073502592, 29.70490383397651], [136.9742883707417, 29.712759288277176], [136.96452952807914, 29.720763160818642], [136.95493379490955, 29.728913013543792], [136.9455040941862, 29.73720636392854], [136.93624329828728, 29.745640685738014], [136.92715422814095, 29.754213409796094], [136.91823965236603, 29.76292192476798], [136.9095022864286, 29.771763577955653], [136.90094479181502, 29.780735676105902], [136.89256977522103, 29.78983548623071], [136.8843797877578, 29.799060236439768], [136.87637732417488, 29.808407116784792], [136.86856482210018, 29.817873280115496], [136.86094466129754, 29.827455842946815], [136.85351916294172, 29.837151886337292], [136.84629058891147, 29.84695845677818], [136.83926114110045, 29.856872567093124], [136.8324329607466, 29.866891197348078], [136.82580812777974, 29.877011295771222], [136.81938866018822, 29.88722977968253], [136.81317651340404, 29.897543536432824], [136.8071735797073, 29.90794942435188], [136.8013816876497, 29.91844427370544], [136.79580260149774, 29.929024887660717], [136.79043802069506, 29.939688043260208], [136.78528957934498, 29.95043049240342], [136.78035884571258, 29.961248962836283], [136.77564732174707, 29.972140159147894], [136.77115644262435, 29.983100763774363], [136.76688757630967, 29.994127438009333], [136.76284202314105, 30.005216823021016], [136.7590210154332, 30.016365540875316], [136.75542571710207, 30.02757019556477], [136.75205722331035, 30.038827374043024], [136.74891656013392, 30.050133647264456], [136.74600468424916, 30.06148557122872], [136.7433224826417, 30.072879688029804], [136.74087077233614, 30.08431252690936], [136.73865030014716, 30.09578060531391], [136.73666174245213, 30.107280429955676], [136.73490570498498, 30.11880849787667], [136.7333827226517, 30.130361297515734], [136.7320932593675, 30.141935309778177], [136.7310377079154, 30.153527009107748], [136.73021638982652, 30.165132864560537], [136.7296295552824, 30.176749340880548], [136.7292773830385, 30.188372899576564], [136.72915998036984, 30.2], [136.72915998036984, 30.2], [136.7292773830385, 30.211627100423435], [136.7296295552824, 30.22325065911945], [136.73021638982652, 30.23486713543946], [136.7310377079154, 30.24647299089225], [136.7320932593675, 30.258064690221822], [136.7333827226517, 30.269638702484265], [136.73490570498498, 30.281191502123328], [136.73666174245213, 30.292719570044323], [136.73865030014716, 30.30421939468609], [136.74087077233614, 30.315687473090637], [136.7433224826417, 30.32712031197019], [136.74600468424916, 30.33851442877128], [136.74891656013392, 30.349866352735543], [136.75205722331035, 30.361172625956975], [136.75542571710207, 30.372429804435228], [136.7590210154332, 30.383634459124682], [136.76284202314105, 30.394783176978983], [136.76688757630967, 30.405872561990666], [136.77115644262435, 30.416899236225635], [136.77564732174707, 30.4278598408521], [136.78035884571258, 30.438751037163716], [136.78528957934498, 30.44956950759658], [136.79043802069506, 30.46031195673979], [136.79580260149774, 30.470975112339282], [136.8013816876497, 30.48155572629456], [136.8071735797073, 30.49205057564812], [136.81317651340404, 30.502456463567174], [136.81938866018822, 30.512770220317467], [136.82580812777974, 30.522988704228776], [136.8324329607466, 30.53310880265192], [136.83926114110045, 30.543127432906875], [136.84629058891147, 30.553041543221816], [136.85351916294172, 30.562848113662707], [136.86094466129754, 30.57254415705318], [136.86856482210018, 30.582126719884503], [136.87637732417488, 30.591592883215203], [136.8843797877578, 30.60093976356023], [136.89256977522103, 30.610164513769288], [136.90094479181502, 30.6192643238941], [136.9095022864286, 30.628236422044345], [136.91823965236603, 30.63707807523202], [136.92715422814095, 30.645786590203905], [136.93624329828728, 30.65435931426198], [136.9455040941862, 30.66279363607146], [136.95493379490955, 30.671086986456206], [136.96452952807914, 30.679236839181357], [136.9742883707417, 30.687240711722822], [136.9842073502592, 30.69509616602349], [136.99428344521442, 30.70280080923588], [137.0045135863312, 30.710352294451038], [137.01489465740949, 30.717748321413413], [137.02542349627444, 30.724986637221544], [137.03609689573975, 30.73206503701432], [137.04691160458455, 30.738981364642587], [137.05786432854376, 30.745733513325955], [137.06895173131156, 30.752319426294527], [137.08017043555768, 30.758737097415413], [137.09151702395607, 30.764984571803815], [137.10298804022605, 30.771059946418518], [137.11457999018492, 30.77696137064156], [137.1262893428124, 30.782687046841954], [137.13811253132633, 30.788235230923263], [137.15004595426888, 30.79360423285487], [137.1620859766038, 30.798792417186778], [137.17422893082374, 30.803798203547778], [137.18647111806715, 30.808620067126853], [137.1988088092452, 30.813256539137647], [137.2112382461777, 30.817706207265868], [137.22375564273767, 30.821967716099504], [137.23635718600494, 30.826039767541676], [137.24903903742728, 30.829921121206073], [137.26179733398996, 30.83361059479477], [137.27462818939222, 30.837107064458365], [137.28752769523123, 30.840409465138336], [137.30049192219252, 30.843516790891435], [137.313516921247, 30.846428095196146], [137.32659872485374, 30.849142491240965], [137.3397333481687, 30.85165915219457], [137.35291679025835, 30.853977311457655], [137.36614503531848, 30.856096262896447], [137.37941405389756, 30.858015361057817], [137.39271980412394, 30.859734021365867], [137.40605823293726, 30.86125172030002], [137.41942527732286, 30.862567995554485], [137.4328168655495, 30.863682446179066], [137.44622891840976, 30.8645947327013], [137.45965735046232, 30.865304577229878], [137.47309807127675, 30.865811763539284], [137.4865469866793, 30.866116137135656], [137.5, 30.866217605303838], [137.5, 30.866217605303838]]]}}, {"type": "Feature", "id": "TC100132219WindRadii_64_2609201200", "properties": {"description": "Tropical Cyclone DUJUAN-26", "name": "Tropical Cyclone DUJUAN-26", "htmldescription": "Green Tropical Cylone DUJUAN-26 in Japan from: 15 Sep 2026 12:00:00 to:20 Sep 2026 00:00:00.", "link": "https://www.gdacs.org/report.aspx?eventtype=TC&eventid=1001322&episodeid=19", "featureIndex": "814", "iconeventlink": "https://www.gdacs.org/images/gdacs_icons/maps/Green/TC.png", "iconitemlink": "https://www.gdacs.org/images/gdacs_icons/maps/Green/TC.png", "alertlevel": "Green", "eventtype": "TC", "eventname": "DUJUAN-26", "polygonlabel": "20/09 12:00", "polygontype": "WindRadii_64_2609201200", "fromdate": "15 Sep 2026 12:00:00", "todate": "20 Sep 2026 00:00:00", "country": "Japan", "countrylist": "Japan", "iso3": "JPN", "severity": "129.6288", "latitude": "28.7", "longitude": "137.5", "imageoverview": "https://www.gdacs.org/contentdata/resources/imgtemp/gdacs/tc/1001322/clouds_1001322_19.png", "Class": "Poly_WindRadii_64_2609201200"}, "geometry": {"type": "Polygon", "coordinates": [[[137.5, 30.2], [137.5, 30.2], [137.5, 30.2], [137.5, 30.2], [137.5, 30.2], [137.5, 30.2], [137.5, 30.2], [137.5, 30.2], [137.5, 30.2], [137.5, 30.2], [137.5, 30.2], [137.5, 30.2], [137.5, 30.2], [137.5, 30.2], [137.5, 30.2], [137.5, 30.2], [137.5, 30.2], [137.5, 30.2], [137.5, 30.2], [137.5, 30.2], [137.5, 30.2], [137.5, 30.2], [137.5, 30.2], [137.5, 30.2], [137.5, 30.2], [137.5, 30.2], [137.5, 30.2], [137.5, 30.2], [137.5, 30.2], [137.5, 30.2], [137.5, 30.2], [137.5, 30.2], [137.5, 30.2], [137.5, 30.2], [137.5, 30.2], [137.5, 30.2], [137.5, 30.2], [137.5, 30.2], [137.5, 30.2], [137.5, 30.2], [137.5, 30.2], [137.5, 30.2], [137.5, 30.2], [137.5, 30.2], [137.5, 30.2], [137.5, 30.2], [137.5, 30.2], [137.5, 30.2], [137.5, 30.2], [137.5, 30.2], [137.5, 30.2], [137.5, 30.2], [137.5, 30.2], [137.5, 30.2], [137.5, 30.2], [137.5, 30.2], [137.5, 30.2], [137.5, 30.2], [137.5, 30.2], [137.5, 30.2], [137.5, 30.2], [137.5, 30.2], [137.5, 30.2], [137.5, 30.2], [137.5, 30.2], [137.5, 30.2], [137.5, 30.2], [137.5, 30.2], [137.5, 30.2], [137.5, 30.2], [137.5, 30.2], [137.5, 30.2], [137.5, 30.2], [137.5, 30.2], [137.5, 30.2], [137.5, 30.2], [137.5, 30.2], [137.5, 30.2], [137.5, 30.2], [137.5, 30.2], [137.5, 30.2], [137.5, 30.2], [137.5, 30.2], [137.5, 30.2], [137.5, 30.2], [137.5, 30.2], [137.5, 30.2], [137.5, 30.2], [137.5, 30.2], [137.5, 30.2], [137.5, 30.2], [137.5, 30.2], [137.5, 30.2], [137.5, 30.2], [137.5, 30.2], [137.5, 30.2], [137.5, 30.2], [137.5, 30.2], [137.5, 30.2], [137.5, 30.2], [137.5, 30.2], [137.5, 30.2], [137.5, 30.2], [137.5, 30.2], [137.5, 30.2], [137.5, 30.2], [137.5, 30.2], [137.5, 30.2], [137.5, 30.2], [137.5, 30.2], [137.5, 30.2], [137.5, 30.2], [137.5, 30.2], [137.5, 30.2], [137.5, 30.2], [137.5, 30.2], [137.5, 30.2], [137.5, 30.2], [137.5, 30.2], [137.5, 30.2], [137.5, 30.2], [137.5, 30.2], [137.5, 30.2], [137.5, 30.2], [137.5, 30.2], [137.5, 30.2], [137.5, 30.2], [137.5, 30.2], [137.5, 30.2], [137.5, 30.2], [137.5, 30.2], [137.5, 30.2], [137.5, 30.2], [137.5, 30.2], [137.5, 30.2], [137.5, 30.2], [137.5, 30.2], [137.5, 30.2], [137.5, 30.2], [137.5, 30.2], [137.5, 30.2], [137.5, 30.2], [137.5, 30.2], [137.5, 30.2], [137.5, 30.2], [137.5, 30.2], [137.5, 30.2], [137.5, 30.2], [137.5, 30.2], [137.5, 30.2], [137.5, 30.2], [137.5, 30.2], [137.5, 30.2], [137.5, 30.2], [137.5, 30.2], [137.5, 30.2], [137.5, 30.2], [137.5, 30.2], [137.5, 30.2], [137.5, 30.2], [137.5, 30.2], [137.5, 30.2], [137.5, 30.2], [137.5, 30.2], [137.5, 30.2], [137.5, 30.2], [137.5, 30.2], [137.5, 30.2], [137.5, 30.2], [137.5, 30.2], [137.5, 30.2], [137.5, 30.2], [137.5, 30.2], [137.5, 30.2], [137.5, 30.2], [137.5, 30.2], [137.5, 30.2], [137.5, 30.2], [137.5, 30.2], [137.5, 30.2], [137.5, 30.2], [137.5, 30.2], [137.5, 30.2], [137.5, 30.2], [137.5, 30.2], [137.5, 30.2], [137.5, 30.2], [137.5, 30.2], [137.5, 30.2], [137.5, 30.2], [137.5, 30.2], [137.5, 30.2], [137.5, 30.2], [137.5, 30.2], [137.5, 30.2], [137.5, 30.2], [137.5, 30.2], [137.5, 30.2], [137.5, 30.2], [137.5, 30.2], [137.5, 30.2], [137.5, 30.2], [137.5, 30.2], [137.5, 30.2], [137.5, 30.2], [137.5, 30.2], [137.5, 30.2], [137.5, 30.2], [137.5, 30.2], [137.5, 30.2], [137.5, 30.2], [137.5, 30.2], [137.5, 30.2], [137.5, 30.2], [137.5, 30.2], [137.5, 30.2], [137.5, 30.2], [137.5, 30.2], [137.5, 30.2], [137.5, 30.2], [137.5, 30.2], [137.5, 30.2], [137.5, 30.2], [137.5, 30.2], [137.5, 30.2], [137.5, 30.2], [137.5, 30.2], [137.5, 30.2], [137.5, 30.2], [137.5, 30.2], [137.5, 30.2], [137.5, 30.2], [137.5, 30.2], [137.5, 30.2], [137.5, 30.2], [137.5, 30.2], [137.5, 30.2], [137.5, 30.2], [137.5, 30.2], [137.5, 30.2], [137.5, 30.2], [137.5, 30.2], [137.5, 30.2], [137.5, 30.2], [137.5, 30.2], [137.5, 30.2], [137.5, 30.2], [137.5, 30.2], [137.5, 30.2], [137.5, 30.2], [137.5, 30.2], [137.5, 30.2], [137.5, 30.2], [137.5, 30.2], [137.5, 30.2], [137.5, 30.2], [137.5, 30.2], [137.5, 30.2], [137.5, 30.2], [137.5, 30.2], [137.5, 30.2], [137.5, 30.2], [137.5, 30.2], [137.5, 30.2], [137.5, 30.2], [137.5, 30.2], [137.5, 30.2], [137.5, 30.2], [137.5, 30.2], [137.5, 30.2], [137.5, 30.2], [137.5, 30.2], [137.5, 30.2], [137.5, 30.2], [137.5, 30.2], [137.5, 30.2], [137.5, 30.2], [137.5, 30.2], [137.5, 30.2], [137.5, 30.2], [137.5, 30.2], [137.5, 30.2], [137.5, 30.2], [137.5, 30.2], [137.5, 30.2], [137.5, 30.2], [137.5, 30.2], [137.5, 30.2], [137.5, 30.2], [137.5, 30.2], [137.5, 30.2], [137.5, 30.2], [137.5, 30.2], [137.5, 30.2], [137.5, 30.2], [137.5, 30.2], [137.5, 30.2], [137.5, 30.2], [137.5, 30.2], [137.5, 30.2], [137.5, 30.2], [137.5, 30.2], [137.5, 30.2], [137.5, 30.2], [137.5, 30.2], [137.5, 30.2], [137.5, 30.2], [137.5, 30.2], [137.5, 30.2], [137.5, 30.2], [137.5, 30.2], [137.5, 30.2], [137.5, 30.2], [137.5, 30.2], [137.5, 30.2], [137.5, 30.2], [137.5, 30.2], [137.5, 30.2], [137.5, 30.2], [137.5, 30.2], [137.5, 30.2], [137.5, 30.2], [137.5, 30.2], [137.5, 30.2], [137.5, 30.2], [137.5, 30.2], [137.5, 30.2], [137.5, 30.2], [137.5, 30.2], [137.5, 30.2], [137.5, 30.2], [137.5, 30.2], [137.5, 30.2], [137.5, 30.2], [137.5, 30.2], [137.5, 30.2], [137.5, 30.2], [137.5, 30.2], [137.5, 30.2], [137.5, 30.2], [137.5, 30.2], [137.5, 30.2], [137.5, 30.2], [137.5, 30.2], [137.5, 30.2], [137.5, 30.2], [137.5, 30.2], [137.5, 30.2], [137.5, 30.2], [137.5, 30.2], [137.5, 30.2], [137.5, 30.2], [137.5, 30.2], [137.5, 30.2], [137.5, 30.2], [137.5, 30.2], [137.5, 30.2], [137.5, 30.2], [137.5, 30.2], [137.5, 30.2], [137.5, 30.2], [137.5, 30.2], [137.5, 30.2], [137.5, 30.2], [137.5, 30.2]]]}}, {"type": "Feature", "id": "TC100132219Polygon_Point_19", "properties": {"description": "Tropical Cyclone DUJUAN-26", "name": "Tropical Cyclone DUJUAN-26", "htmldescription": "Green Tropical Cylone DUJUAN-26 in Japan from: 15 Sep 2026 12:00:00 to:20 Sep 2026 00:00:00.", "link": "https://www.gdacs.org/report.aspx?eventtype=TC&eventid=1001322&episodeid=19", "featureIndex": "815", "iconeventlink": "https://www.gdacs.org/images/gdacs_icons/maps/Green/TC.png", "iconitemlink": "https://www.gdacs.org/images/gdacs_icons/maps/Green/TC.png", "alertlevel": "Green", "eventtype": "TC", "eventname": "DUJUAN-26", "polygonlabel": "20/09 12:00 UTC", "polygontype": "Polygon_Point_19", "fromdate": "15 Sep 2026 12:00:00", "todate": "20 Sep 2026 00:00:00", "country": "Japan", "countrylist": "Japan", "iso3": "JPN", "severity": "129.6288", "latitude": "28.7", "longitude": "137.5", "imageoverview": "https://www.gdacs.org/contentdata/resources/imgtemp/gdacs/tc/1001322/clouds_1001322_19.png", "Class": "Poly_Polygon_Point_19"}, "geometry": {"type": "Polygon", "coordinates": [[[137.5, 30.169999999999998], [137.50147203022982, 30.170036136313843], [137.50294051420988, 30.170144458199832], [137.50440191423365, 30.170324704701056], [137.50585270966047, 30.1705764415879], [137.5072894053971, 30.17089906240416], [137.50870854031763, 30.17129178992803], [137.51010669560176, 30.171753678044507], [137.51148050297095, 30.17228361402466], [137.51282665280291, 30.172880321206296], [137.51414190210477, 30.173542362069547], [137.5154230823258, 30.17426814169999], [137.51666710699058, 30.17505591163092], [137.51787097913478, 30.17590377405558], [137.5190317985249, 30.176809686399118], [137.52014676864542, 30.17777146623935], [137.5212132034356, 30.178786796564403], [137.52222853376065, 30.17985323135459], [137.52319031360088, 30.18096820147509], [137.52409622594442, 30.182129020865226], [137.52494408836907, 30.18333289300941], [137.52573185830002, 30.184576917674203], [137.52645763793046, 30.18585809789522], [137.5271196787937, 30.187173347197092], [137.52771638597534, 30.188519497029045], [137.5282463219555, 30.189893304398232], [137.52870821007195, 30.191291459682365], [137.52910093759584, 30.1927105946029], [137.5294235584121, 30.194147290339515], [137.52967529529894, 30.19559808576634], [137.52985554180017, 30.197059485790113], [137.52996386368616, 30.198527969770176], [137.53, 30.2], [137.52996386368616, 30.201472030229823], [137.52985554180017, 30.202940514209885], [137.52967529529894, 30.20440191423366], [137.5294235584121, 30.205852709660483], [137.52910093759584, 30.2072894053971], [137.52870821007195, 30.208708540317634], [137.5282463219555, 30.210106695601766], [137.52771638597534, 30.211480502970954], [137.5271196787937, 30.212826652802907], [137.52645763793046, 30.214141902104778], [137.52573185830002, 30.215423082325795], [137.52494408836907, 30.216667106990588], [137.52409622594442, 30.217870979134773], [137.52319031360088, 30.21903179852491], [137.52222853376065, 30.22014676864541], [137.5212132034356, 30.221213203435596], [137.52014676864542, 30.22222853376065], [137.5190317985249, 30.22319031360088], [137.51787097913478, 30.224096225944418], [137.51666710699058, 30.224944088369078], [137.5154230823258, 30.22573185830001], [137.51414190210477, 30.22645763793045], [137.51282665280291, 30.227119678793702], [137.51148050297095, 30.227716385975338], [137.51010669560176, 30.228246321955492], [137.50870854031763, 30.228708210071968], [137.5072894053971, 30.229100937595838], [137.50585270966047, 30.229423558412098], [137.50440191423365, 30.229675295298943], [137.50294051420988, 30.229855541800166], [137.50147203022982, 30.229963863686155], [137.5, 30.23], [137.49852796977018, 30.229963863686155], [137.49705948579012, 30.229855541800166], [137.49559808576635, 30.229675295298943], [137.49414729033953, 30.229423558412098], [137.4927105946029, 30.229100937595838], [137.49129145968237, 30.228708210071968], [137.48989330439824, 30.228246321955492], [137.48851949702905, 30.227716385975338], [137.48717334719709, 30.227119678793702], [137.48585809789523, 30.22645763793045], [137.4845769176742, 30.22573185830001], [137.48333289300942, 30.224944088369078], [137.48212902086522, 30.224096225944418], [137.4809682014751, 30.22319031360088], [137.47985323135458, 30.22222853376065], [137.4787867965644, 30.221213203435596], [137.47777146623935, 30.22014676864541], [137.47680968639912, 30.21903179852491], [137.47590377405558, 30.217870979134773], [137.47505591163093, 30.216667106990588], [137.47426814169998, 30.215423082325795], [137.47354236206954, 30.214141902104778], [137.4728803212063, 30.212826652802907], [137.47228361402466, 30.211480502970954], [137.4717536780445, 30.210106695601766], [137.47129178992805, 30.208708540317634], [137.47089906240416, 30.2072894053971], [137.4705764415879, 30.205852709660483], [137.47032470470106, 30.20440191423366], [137.47014445819983, 30.202940514209885], [137.47003613631384, 30.201472030229823], [137.47, 30.2], [137.47003613631384, 30.198527969770176], [137.47014445819983, 30.197059485790113], [137.47032470470106, 30.19559808576634], [137.4705764415879, 30.194147290339515], [137.47089906240416, 30.1927105946029], [137.47129178992805, 30.191291459682365], [137.4717536780445, 30.189893304398232], [137.47228361402466, 30.188519497029045], [137.4728803212063, 30.187173347197092], [137.47354236206954, 30.18585809789522], [137.47426814169998, 30.184576917674203], [137.47505591163093, 30.18333289300941], [137.47590377405558, 30.182129020865226], [137.47680968639912, 30.18096820147509], [137.47777146623935, 30.17985323135459], [137.4787867965644, 30.178786796564403], [137.47985323135458, 30.17777146623935], [137.4809682014751, 30.176809686399118], [137.48212902086522, 30.17590377405558], [137.48333289300942, 30.17505591163092], [137.4845769176742, 30.17426814169999], [137.48585809789523, 30.173542362069547], [137.48717334719709, 30.172880321206296], [137.48851949702905, 30.17228361402466], [137.48989330439824, 30.171753678044507], [137.49129145968237, 30.17129178992803], [137.4927105946029, 30.17089906240416], [137.49414729033953, 30.1705764415879], [137.49559808576635, 30.170324704701056], [137.49705948579012, 30.170144458199832], [137.49852796977018, 30.170036136313843], [137.5, 30.169999999999998]]]}}, {"type": "Feature", "id": "TC100132219WindRadii_34_2609210000", "properties": {"description": "Tropical Cyclone DUJUAN-26", "name": "Tropical Cyclone DUJUAN-26", "htmldescription": "Green Tropical Cylone DUJUAN-26 in Japan from: 15 Sep 2026 12:00:00 to:20 Sep 2026 00:00:00.", "link": "https://www.gdacs.org/report.aspx?eventtype=TC&eventid=1001322&episodeid=19", "featureIndex": "816", "iconeventlink": "https://www.gdacs.org/images/gdacs_icons/maps/Green/TC.png", "iconitemlink": "https://www.gdacs.org/images/gdacs_icons/maps/Green/TC.png", "alertlevel": "Green", "eventtype": "TC", "eventname": "DUJUAN-26", "polygonlabel": "21/09 00:00", "polygontype": "WindRadii_34_2609210000", "fromdate": "15 Sep 2026 12:00:00", "todate": "20 Sep 2026 00:00:00", "country": "Japan", "countrylist": "Japan", "iso3": "JPN", "severity": "129.6288", "latitude": "28.7", "longitude": "137.5", "imageoverview": "https://www.gdacs.org/contentdata/resources/imgtemp/gdacs/tc/1001322/clouds_1001322_19.png", "Class": "Poly_WindRadii_34_2609210000"}, "geometry": {"type": "Polygon", "coordinates": [[[138.5, 35.46453362519324], [138.5653391941297, 35.46405165139436], [138.63065848530795, 35.46260587681161], [138.69593797664584, 35.460196741841926], [138.76115778337794, 35.45682498033117], [138.82629803891933, 35.45249161935055], [138.89133890091716, 35.447197978883814], [138.95626055729477, 35.44094567142511], [139.02104323228676, 35.43373660148787], [139.08566719246272, 35.42557296502463], [139.15011275273835, 35.41645724875813], [139.21436028237173, 35.406392229423865], [139.27839021094294, 35.39538097292422], [139.34218303431547, 35.383426833394594], [139.4057193205773, 35.37053345218169], [139.46897971596022, 35.35670475673432], [139.53194495073492, 35.34194495940709], [139.59459584508096, 35.32625855617724], [139.656913314929, 35.30965032527516], [139.71887837777405, 35.292125325728854], [139.78047215845768, 35.273688895822964], [139.84167589491764, 35.25434665147264], [139.9024709439029, 35.234104484512876], [139.96283878665258, 35.212968560903825], [140.02276103453704, 35.190945318852556], [140.08221943465907, 35.16804146685195], [140.14119587541396, 35.1442639816372], [140.1996723920066, 35.119620106060644], [140.25763117192355, 35.094117346885504], [140.31505456035896, 35.06776347249928], [140.37192506559245, 35.04056651054741], [140.42822536431723, 35.01253474548796], [140.48393830691688, 34.98367671606812], [140.53904692268944, 34.954001212723206], [140.59353442501663, 34.92351727489901], [140.64738421647743, 34.892234188298296], [140.70057989390372, 34.86016148205229], [140.75310525337684, 34.82730892581801], [140.80494429516347, 34.79368652680233], [140.85608122858926, 34.75930452671371], [140.90650047684898, 34.724173398642435], [140.95618668175115, 34.688303843870436], [141.00512470839644, 34.65170678861158], [141.05329964978787, 34.61439338068341], [141.1006968313716, 34.57637498611145], [141.147301815507, 34.537663185666986], [141.19310040586439, 34.49826977133944], [141.2380786517495, 34.45820674274442], [141.28222285235293, 34.41748630346855], [141.32551956092354, 34.376120857352085], [141.36795558886445, 34.33412300471064], [141.4095180097505, 34.29150553849697], [141.45019416326565, 34.24828144040412], [141.48997165905948, 34.204463876911106], [141.52883838052148, 34.16006619527222], [141.56678248847172, 34.11510191945139], [141.60379242476742, 34.06958474600261], [141.6398569158234, 34.02352853989785], [141.67496497604634, 33.97694733030364], [141.709105911181, 33.92985530630766], [141.74226932156785, 33.88226681259662], [141.77444510531075, 33.834196345086696], [141.8056234613543, 33.78565854650797], [141.83579489246924, 33.73666820194408], [141.86495020814536, 33.687240234328556], [141.89308052739108, 33.63738969989916], [141.92017728143864, 33.58713178361159], [141.94623221635428, 33.536481794514], [141.9712373955524, 33.48545516108374], [141.9951852022132, 33.434067426527655], [142.01806834160283, 33.382334244047485], [142.03987984329527, 33.33027137207178], [142.06061306329588, 33.27789466945567], [142.08026168606497, 33.22522009065017], [142.0988197264417, 33.17226368084224], [142.11628153146722, 33.11904157106733], [142.13264178210653, 33.06556997329564], [142.14789549486886, 33.01186517549383], [142.16203802332547, 32.95794353666358], [142.1750650595252, 32.903821481858415], [142.18697263530666, 32.849515497180526], [142.1977571235069, 32.79504212475892], [142.20741523906636, 32.74041795771054], [142.21594404002943, 32.685659635085806], [142.22334092844076, 32.63078383680026], [142.2296036511365, 32.575807278553654], [142.23473030043058, 32.520746706738194], [142.23871931469603, 32.465618893337435], [142.24156947884043, 32.410440630817384], [142.2432799246762, 32.35522872701132], [142.2438501311849, 32.3], [142.04680538743833, 32.3], [142.04626519179848, 32.247678048094535], [142.04464476942778, 32.19537203396248], [142.04194461392257, 32.14309789052243], [142.03816554777634, 32.090871540984864], [142.0333087221293, 32.03870889400179], [142.02737561641757, 31.9866258388208], [142.02036803792262, 31.934638240445018], [142.01228812122076, 31.882761934800538], [142.00313832753287, 31.831012723912593], [141.99292144397475, 31.779406371092126], [141.98164058270808, 31.727958596134126], [141.96929917999253, 31.67668507052924], [141.9559009951389, 31.62560141269005], [141.9414501093641, 31.574723183193605], [141.9259509245479, 31.52406588004147], [141.90940816189215, 31.47364493393892], [141.89182686048258, 31.423475703594573], [141.87321237575398, 31.373573471041993], [141.8535703778587, 31.323953436984628], [141.83290684993952, 31.274630716165532], [141.81122808630727, 31.22562033276327], [141.78854069052332, 31.176937215815393], [141.76485157338826, 31.128596194670937], [141.7401679508366, 31.080611994473227], [141.7144973417389, 31.032999231674477], [141.68784756561138, 30.98577240958347], [141.660226740234, 30.938945913947713], [141.63164327917775, 30.892534008571392], [141.60210588924176, 30.846550830970493], [141.5716235678011, 30.801010388066356], [141.54020560006623, 30.755926551919053], [141.50786155625443, 30.71131305550181], [141.4746012886748, 30.66718348851782], [141.44043492872703, 30.623551293260675], [141.40537288381532, 30.580429760519728], [141.36942583417823, 30.537832025531575], [141.3326047296353, 30.49577106397895], [141.29492078625165, 30.454259688038196], [141.25638548292153, 30.41331054247655], [141.2170105578716, 30.37293610080044], [141.17680800508546, 30.333148661455912], [141.13579007065013, 30.293960344082425], [141.09396924902583, 30.25538308582107], [141.05135827923993, 30.217428637678424], [141.00797014100664, 30.18010856094706], [140.9638180507731, 30.143434223683883], [140.91891545769377, 30.107416797247293], [140.87327603953347, 30.072067252894293], [140.8269136985011, 30.037396358438528], [140.77984255701483, 30.00341467497032], [140.73207695340037, 29.970132553639637], [140.68363143752327, 29.937560132503044], [140.634520766357, 29.905707333435565], [140.58475989948775, 29.874583859108352], [140.53436399455757, 29.844199190033187], [140.48334840264732, 29.81456258167462], [140.43172866360052, 29.785683061630642], [140.37952050128968, 29.757569426882828], [140.32673981882684, 29.730230241116665], [140.27340269371916, 29.703673832112976], [140.21952537297165, 29.677908289211203], [140.1651242681381, 29.652941460845305], [140.11021595032204, 29.62878095215307], [140.05481714512902, 29.605434122659485], [139.99894472757174, 29.582908084034987], [139.94261571692982, 29.56120969792915], [139.8858472715656, 29.540345573880586], [139.8286566836975, 29.520322067303585], [139.7710613741325, 29.50114527755223], [139.71307888695992, 29.482821046062448], [139.654726884207, 29.46535495457266], [139.59602314045907, 29.44875232342353], [139.53698553744513, 29.433018209937345], [139.47763205859098, 29.41815740687749], [139.41798078354125, 29.404174440988534], [139.35804988265218, 29.391073571617344], [139.29785761145675, 29.378858789415645], [139.23742230510385, 29.367533815124418], [139.17676237277323, 29.357102098440542], [139.11589629206793, 29.347566816965976], [139.05484260338574, 29.33893087523982], [138.99361990427167, 29.33119690385359], [138.93224684375295, 29.32436725864989], [138.87074211665836, 29.318444020004804], [138.8091244579236, 29.313428992194204], [138.74741263688438, 29.309323702844146], [138.68562545155922, 29.306129402465537], [138.62378172292333, 29.303847064073206], [138.56190028917553, 29.30247738288955], [138.5, 29.302020776132714], [138.5, 29.635129578784635], [138.44497752073286, 29.635535451457375], [138.38997180184595, 29.63675294584285], [138.33499959861405, 29.638781691080474], [138.28007765610278, 29.641621069194798], [138.22522270406793, 29.645270215283738], [138.17045145185924, 29.649728017782046], [138.11578058333072, 29.6549931187999], [138.0612267517585, 29.661063914536527], [138.00680657476823, 29.667938555768732], [137.95253662927297, 29.6756149484142], [137.8984334464238, 29.68409075416937], [137.84451350657437, 29.693363391221705], [137.79079323426066, 29.703430035036128], [137.73728899319804, 29.714287619215416], [137.68401708129664, 29.72593283643425], [137.6309937256969, 29.738362139446657], [137.57823507782655, 29.75157174216653], [137.52575720848083, 29.765557620820918], [137.4735761029271, 29.780315515175698], [137.42170765603564, 29.795840929833286], [137.37016766743778, 29.81212913560198], [137.31897183671336, 29.82917517093652], [137.26813575860834, 29.84697384344941], [137.2176749182846, 29.86551973149258], [137.1676046866029, 29.884807185808878], [137.11794031544088, 29.904830331252874], [137.06869693304708, 29.925583068580504], [137.0198895394328, 29.94705907630694], [136.97153300180298, 29.96925181263218], [136.9236420500274, 29.992154517433757], [136.87623127215392, 30.015760214325923], [136.8293151099647, 30.040061712784738], [136.78290785457733, 30.065051610338347], [136.73702364209126, 30.09072229482188], [136.69167644928217, 30.117065946696165], [136.64688008934422, 30.144074541429646], [136.60264820768265, 30.17173985194272], [136.55899427775708, 30.200053451113817], [136.51593159697745, 30.22900671434634], [136.4734732826535, 30.25859082219584], [136.43163226799902, 30.28879676305647], [136.39042129819245, 30.319615335906036], [136.3498529264944, 30.351037153108702], [136.3099395104239, 30.38305264327456], [136.2706932079941, 30.415652054175162], [136.23212597400894, 30.44882545571415], [136.19424955642148, 30.48256274295206], [136.15707549275544, 30.516853639184376], [136.12061510659072, 30.551687699071923], [136.08487950411416, 30.587054311822612], [136.0498795707364, 30.6229427044236], [136.0156259677763, 30.65934194492284], [135.98212912921306, 30.696240945759065], [135.94939925850824, 30.733628467139177], [135.91744632549748, 30.77149312046198], [135.88628006335375, 30.809823371787267], [135.8559099656224, 30.848607545349175], [135.8263452833294, 30.887833827112722], [135.79759502216336, 30.92749026837249], [135.76966793973236, 30.967564789392316], [135.74257254289623, 31.00804518308488], [135.71631708517532, 31.048919118730126], [135.69090956423645, 31.090174145731297], [135.66635771945656, 31.131797697407528], [135.6426690295654, 31.173777094821755], [135.61985071036747, 31.216099550642866], [135.59790971254378, 31.258752173040833], [135.57685271953483, 31.301721969613684], [135.55668614550467, 31.344995851345125], [135.5374161333871, 31.38856063659158], [135.5190485530145, 31.432403055097446], [135.50158899932978, 31.476509752037327], [135.48504279068214, 31.520867292084063], [135.469414967207, 31.565462163501262], [135.45471028929077, 31.610280782259085], [135.4409332361208, 31.65530949617209], [135.42808800432095, 31.70053458905782], [135.4161785066733, 31.745942284914875], [135.40520837092615, 31.791518752119224], [135.39518093868912, 31.837250107637445], [135.38609926441524, 31.88312242125564], [135.37796611447044, 31.9291217198227], [135.370783966291, 31.975233991506684], [135.3645550076288, 32.021445190062934], [135.35928113588506, 32.067741239112706], [135.35496395753214, 32.11410803643099], [135.35160478762438, 32.160531458242154], [135.34920464939754, 32.2069973635222], [135.3477642739569, 32.253491598306255], [135.34728410005482, 32.3], [135.34728410005482, 32.3], [135.3477642739569, 32.34650840169374], [135.34920464939754, 32.393002636477796], [135.35160478762438, 32.43946854175784], [135.35496395753214, 32.485891963569], [135.35928113588506, 32.53225876088729], [135.3645550076288, 32.57855480993706], [135.370783966291, 32.62476600849331], [135.37796611447044, 32.6708782801773], [135.38609926441524, 32.71687757874436], [135.39518093868912, 32.76274989236255], [135.40520837092615, 32.80848124788077], [135.4161785066733, 32.85405771508511], [135.42808800432095, 32.89946541094217], [135.4409332361208, 32.9446905038279], [135.45471028929077, 32.98971921774091], [135.469414967207, 33.034537836498735], [135.48504279068214, 33.07913270791593], [135.50158899932978, 33.12349024796267], [135.5190485530145, 33.16759694490255], [135.5374161333871, 33.21143936340841], [135.55668614550467, 33.25500414865486], [135.57685271953483, 33.298278030386314], [135.59790971254378, 33.34124782695916], [135.61985071036747, 33.38390044935713], [135.6426690295654, 33.42622290517824], [135.66635771945656, 33.468202302592466], [135.69090956423645, 33.5098258542687], [135.71631708517532, 33.55108088126987], [135.74257254289623, 33.59195481691511], [135.76966793973236, 33.63243521060768], [135.79759502216336, 33.6725097316275], [135.8263452833294, 33.71216617288727], [135.8559099656224, 33.75139245465082], [135.88628006335375, 33.79017662821273], [135.91744632549748, 33.82850687953802], [135.94939925850824, 33.86637153286082], [135.98212912921306, 33.90375905424093], [136.0156259677763, 33.94065805507716], [136.0498795707364, 33.977057295576394], [136.08487950411416, 34.01294568817738], [136.12061510659072, 34.04831230092807], [136.15707549275544, 34.08314636081562], [136.19424955642148, 34.11743725704793], [136.23212597400894, 34.15117454428584], [136.2706932079941, 34.18434794582483], [136.3099395104239, 34.216947356725434], [136.3498529264944, 34.24896284689129], [136.39042129819248, 34.28038466409396], [136.43163226799902, 34.31120323694353], [136.4734732826535, 34.34140917780415], [136.51593159697745, 34.370993285653654], [136.55899427775708, 34.39994654888618], [136.60264820768265, 34.42826014805727], [136.64688008934422, 34.45592545857035], [136.69167644928217, 34.48293405330383], [136.73702364209126, 34.509277705178114], [136.78290785457733, 34.53494838966164], [136.8293151099647, 34.55993828721525], [136.87623127215392, 34.58423978567407], [136.9236420500274, 34.60784548256624], [136.97153300180298, 34.630748187367814], [137.0198895394328, 34.65294092369305], [137.06869693304708, 34.674416931419486], [137.11794031544088, 34.69516966874712], [137.16760468660289, 34.71519281419111], [137.2176749182846, 34.73448026850742], [137.26813575860834, 34.75302615655058], [137.31897183671336, 34.77082482906347], [137.37016766743778, 34.78787086439801], [137.42170765603564, 34.804159070166705], [137.4735761029271, 34.81968448482429], [137.52575720848083, 34.83444237917908], [137.57823507782655, 34.84842825783347], [137.6309937256969, 34.86163786055334], [137.68401708129664, 34.87406716356574], [137.73728899319804, 34.885712380784575], [137.79079323426066, 34.89656996496387], [137.84451350657437, 34.906636608778285], [137.8984334464238, 34.91590924583062], [137.95253662927297, 34.924385051585794], [138.00680657476823, 34.932061444231266], [138.0612267517585, 34.93893608546347], [138.11578058333072, 34.945006881200094], [138.17045145185924, 34.95027198221795], [138.22522270406793, 34.95472978471626], [138.28007765610278, 34.958378930805196], [138.33499959861405, 34.96121830891952], [138.38997180184595, 34.963247054157144], [138.44497752073286, 34.964464548542615], [138.5, 34.96487042121536], [138.5, 35.46453362519324]]]}}, {"type": "Feature", "id": "TC100132219WindRadii_50_2609210000", "properties": {"description": "Tropical Cyclone DUJUAN-26", "name": "Tropical Cyclone DUJUAN-26", "htmldescription": "Green Tropical Cylone DUJUAN-26 in Japan from: 15 Sep 2026 12:00:00 to:20 Sep 2026 00:00:00.", "link": "https://www.gdacs.org/report.aspx?eventtype=TC&eventid=1001322&episodeid=19", "featureIndex": "817", "iconeventlink": "https://www.gdacs.org/images/gdacs_icons/maps/Green/TC.png", "iconitemlink": "https://www.gdacs.org/images/gdacs_icons/maps/Green/TC.png", "alertlevel": "Green", "eventtype": "TC", "eventname": "DUJUAN-26", "polygonlabel": "21/09 00:00", "polygontype": "WindRadii_50_2609210000", "fromdate": "15 Sep 2026 12:00:00", "todate": "20 Sep 2026 00:00:00", "country": "Japan", "countrylist": "Japan", "iso3": "JPN", "severity": "129.6288", "latitude": "28.7", "longitude": "137.5", "imageoverview": "https://www.gdacs.org/contentdata/resources/imgtemp/gdacs/tc/1001322/clouds_1001322_19.png", "Class": "Poly_WindRadii_50_2609210000"}, "geometry": {"type": "Polygon", "coordinates": [[[138.5, 32.96621760530384], [138.51375561981678, 32.96611613713565], [138.5275070495385, 32.965811763539286], [138.5412501003465, 32.96530457722988], [138.5549805859743, 32.9645947327013], [138.568694323983, 32.963682446179064], [138.5823871370352, 32.96256799555449], [138.59605485416733, 32.96125172030002], [138.60969331206036, 32.95973402136587], [138.62329835630794, 32.95801536105781], [138.63686584268177, 32.956096262896445], [138.65039163839404, 32.953977311457656], [138.6638716233564, 32.95165915219457], [138.67730169143482, 32.94914249124096], [138.6906777517005, 32.94642809519614], [138.70399572967582, 32.94351679089144], [138.71725156857576, 32.94040946513833], [138.73044123054336, 32.93710706445837], [138.7435606978798, 32.933610594794764], [138.7566059742682, 32.92992112120607], [138.76957308599108, 32.926039767541674], [138.78245808314057, 32.9219677160995], [138.79525704082167, 32.917706207265866], [138.80796606034792, 32.91325653913764], [138.82058127042885, 32.908620067126854], [138.83309882834928, 32.90379820354778], [138.8455149211398, 32.898792417186776], [138.85782576673824, 32.89360423285487], [138.8700276151418, 32.888235230923264], [138.88211674954925, 32.88268704684195], [138.89408948749315, 32.87696137064156], [138.90594218196154, 32.87105994641851], [138.91767122250883, 32.86498457180381], [138.92927303635568, 32.85873709741541], [138.9407440894772, 32.85231942629453], [138.95208088767947, 32.84573351332595], [138.96327997766394, 32.838981364642585], [138.97433794807932, 32.83206503701432], [138.98525143056074, 32.82498663722154], [138.99601710075564, 32.81774832141341], [139.00663167933664, 32.810352294451036], [139.01709193300024, 32.802800809235876], [139.0273946754519, 32.795096166023484], [139.03753676837638, 32.78724071172282], [139.04751512239403, 32.77923683918136], [139.05732669800148, 32.771086986456204], [139.06696850649777, 32.76279363607146], [139.07643761089463, 32.75435931426198], [139.08573112681114, 32.7457865902039], [139.09484622335233, 32.73707807523201], [139.10378012397146, 32.72823642204434], [139.1125301073159, 32.719264323894095], [139.12109350805594, 32.710164513769286], [139.12946771769674, 32.70093976356023], [139.13765018537293, 32.6915928832152], [139.14563841862562, 32.6821267198845], [139.15342998416156, 32.67254415705318], [139.16102250859439, 32.662848113662704], [139.16841367916766, 32.65304154322182], [139.17560124445916, 32.64312743290687], [139.1825830150669, 32.63310880265192], [139.18935686427594, 32.622988704228774], [139.19592072870617, 32.612770220317465], [139.2022726089409, 32.60245646356717], [139.20841057013587, 32.592050575648116], [139.21433274260863, 32.58155572629456], [139.22003732240813, 32.570975112339276], [139.22552257186405, 32.56031195673979], [139.2307868201163, 32.54956950759657], [139.23582846362385, 32.53875103716371], [139.24064596665323, 32.5278598408521], [139.24523786174638, 32.51689923622563], [139.24960275016755, 32.505872561990664], [139.25373930232948, 32.49478317697898], [139.25764625819826, 32.48363445912468], [139.2613224276773, 32.47242980443522], [139.2647666909698, 32.461172625956976], [139.26797799891975, 32.44986635273554], [139.27095537333167, 32.43851442877128], [139.27369790726846, 32.42712031197019], [139.27620476532772, 32.415687473090635], [139.2784751838962, 32.40421939468609], [139.2805084713824, 32.39271957004432], [139.28230400842725, 32.38119150212333], [139.2838612480928, 32.369638702484266], [139.28517971602872, 32.358064690221816], [139.28625901061696, 32.34647299089225], [139.2870988030939, 32.33486713543946], [139.28769883765062, 32.323250659119445], [139.28805893151076, 32.311627100423436], [139.2881789749863, 32.3], [139.48522371873287, 32.3], [139.48507366438847, 32.2854661244707], [139.48462354706328, 32.27093667610069], [139.4838735038674, 32.256416080700674], [139.4828237632712, 32.241908761384686], [139.48147464503592, 32.22741913722272], [139.47982656011598, 32.21295162189466], [139.47788001053405, 32.198510622345836], [139.47563558922798, 32.18410053744459], [139.47309397987024, 32.169725756642386], [139.47025595665966, 32.1553906586367], [139.46712238408557, 32.14109961003726], [139.4636942166646, 32.126856964035895], [139.4599724986497, 32.112667059080565], [139.45595836371226, 32.09853421755378], [139.45165303459663, 32.08446274445596], [139.4470578227478, 32.070456926094145], [139.44217412791184, 32.05652102877627], [139.43700343770945, 32.04265929751166], [139.43154732718295, 32.02887595471795], [139.42580745831654, 32.01517519893487], [139.4197855795298, 32.00156120354535], [139.41348352514538, 31.988038115504274], [139.40690321483007, 31.97461005407526], [139.40004665301018, 31.961281109575893], [139.3929159282608, 31.948055342131795], [139.38551321266982, 31.934936780439852], [139.37784076117612, 31.92192942054103], [139.3699009108827, 31.909037224603164], [139.36169608034493, 31.896264119714022], [139.35322876883365, 31.883613996685096], [139.34450155557394, 31.8710907088664], [139.33551709895957, 31.858698070972725], [139.326278135743, 31.846439857921617], [139.31678748020195, 31.83431980368352], [139.30704802328202, 31.822341600144366], [139.29706273171618, 31.81050889598099], [139.2868346471209, 31.798825295549705], [139.2763668850699, 31.787294357788387], [139.26566263414486, 31.775919595132372], [139.25472515496432, 31.764704472444564], [139.2435577791904, 31.753652405959976], [139.23216390851394, 31.742766762245115], [139.2205470136183, 31.732050857172517], [139.2087106331222, 31.72150795491067], [139.19665837250184, 31.711141266929737], [139.18439390299253, 31.700953951023298], [139.1719209604705, 31.69094911034647], [139.15924334431486, 31.681129792470635], [139.1463649162503, 31.671498988455145], [139.13328959917078, 31.6620596319362], [139.12002137594453, 31.65281459823323], [139.1065642882009, 31.643766703473066], [139.09292243509918, 31.634918703732097], [139.07909997207992, 31.62627329419676], [139.0651011095993, 31.617833108342552], [139.05093011184647, 31.609600717131837], [139.0365912954446, 31.601578628230733], [139.02208902813604, 31.59376928524523], [139.0074277274519, 31.58617506697685], [138.99261185936643, 31.578798286698046], [138.97764593693657, 31.571641191447554], [138.96253451892724, 31.564705961345915], [138.9472822084228, 31.557994708931407], [138.93189365142473, 31.55150947851652], [138.9163735354366, 31.545252245565273], [138.90072658803606, 31.539224916091428], [138.8849575754349, 31.53342932607794], [138.86907130102708, 31.52786724091766], [138.85307260392568, 31.522540354875616], [138.83696635748888, 31.5174502905729], [138.82075746783528, 31.512598598492403], [138.80445087234975, 31.507986756506536], [138.78805153817922, 31.503616169427037], [138.77156446071973, 31.499488168577077], [138.7549946620948, 31.4956040113857], [138.7383471896256, 31.491964881004815], [138.72162711429354, 31.488571885948787], [138.7048395291955, 31.48542605975678], [138.68798954799257, 31.482528360677925], [138.6710823033522, 31.479879671379436], [138.65412294538493, 31.477480798677725], [138.63711664007545, 31.475332473292664], [138.62006856770915, 31.473435349624967], [138.602983921294, 31.471790005556887], [138.58586790497878, 31.470396942276167], [138.56872573246787, 31.46925658412337], [138.55156262543312, 31.468369278462646], [138.53438381192313, 31.46773529557589], [138.51719452477099, 31.46735482858043], [138.5, 31.467227993370198], [138.5, 31.633782394696155], [138.48624438018322, 31.63388386286434], [138.4724929504615, 31.63418823646071], [138.4587498996535, 31.63469542277012], [138.4450194140257, 31.635405267298697], [138.431305676017, 31.63631755382093], [138.4176128629648, 31.63743200444551], [138.40394514583267, 31.638748279699975], [138.39030668793964, 31.64026597863413], [138.37670164369206, 31.64198463894218], [138.36313415731823, 31.64390373710355], [138.34960836160596, 31.64602268854234], [138.3361283766436, 31.648340847805425], [138.32269830856518, 31.65085750875903], [138.3093222482995, 31.65357190480385], [138.29600427032418, 31.65648320910856], [138.28274843142424, 31.65959053486166], [138.26955876945664, 31.66289293554163], [138.2564393021202, 31.666389405205226], [138.2433940257318, 31.670078878793923], [138.23042691400892, 31.67396023245832], [138.21754191685943, 31.678032283900492], [138.20474295917833, 31.68229379273413], [138.19203393965208, 31.68674346086235], [138.17941872957115, 31.691379932873144], [138.16690117165072, 31.69620179645222], [138.1544850788602, 31.70120758281322], [138.14217423326176, 31.706395767145125], [138.1299723848582, 31.711764769076733], [138.11788325045075, 31.717312953158043], [138.10591051250685, 31.723038629358438], [138.09405781803846, 31.72894005358148], [138.08232877749117, 31.73501542819618], [138.07072696364432, 31.741262902584584], [138.0592559105228, 31.74768057370547], [138.04791911232053, 31.75426648667404], [138.03672002233606, 31.76101863535741], [138.02566205192068, 31.767934962985677], [138.01474856943926, 31.775013362778452], [138.00398289924436, 31.782251678586583], [137.99336832066336, 31.78964770554896], [137.98290806699976, 31.797199190764115], [137.9726053245481, 31.804903833976507], [137.96246323162362, 31.812759288277174], [137.95248487760597, 31.82076316081864], [137.94267330199852, 31.82891301354379], [137.93303149350223, 31.837206363928537], [137.92356238910537, 31.84564068573801], [137.91426887318886, 31.854213409796092], [137.90515377664767, 31.862921924767978], [137.89621987602854, 31.87176357795565], [137.8874698926841, 31.8807356761059], [137.87890649194406, 31.88983548623071], [137.87053228230326, 31.899060236439766], [137.86234981462707, 31.90840711678479], [137.85436158137438, 31.917873280115494], [137.84657001583844, 31.927455842946813], [137.83897749140561, 31.93715188633729], [137.83158632083234, 31.946958456778177], [137.82439875554084, 31.95687256709312], [137.8174169849331, 31.966891197348076], [137.81064313572406, 31.97701129577122], [137.80407927129383, 31.98722977968253], [137.7977273910591, 31.997543536432822], [137.79158942986413, 32.00794942435188], [137.78566725739137, 32.018444273705434], [137.77996267759187, 32.02902488766072], [137.77447742813595, 32.039688043260206], [137.7692131798837, 32.05043049240342], [137.76417153637615, 32.06124896283628], [137.75935403334677, 32.07214015914789], [137.75476213825362, 32.08310076377436], [137.75039724983245, 32.09412743800933], [137.74626069767052, 32.10521682302102], [137.74235374180174, 32.116365540875314], [137.7386775723227, 32.12757019556477], [137.7352333090302, 32.13882737404302], [137.73202200108025, 32.150133647264454], [137.72904462666833, 32.16148557122872], [137.72630209273154, 32.1728796880298], [137.72379523467228, 32.18431252690936], [137.7215248161038, 32.19578060531391], [137.7194915286176, 32.207280429955674], [137.71769599157275, 32.218808497876665], [137.7161387519072, 32.23036129751573], [137.71482028397128, 32.24193530977818], [137.71374098938304, 32.25352700910774], [137.7129011969061, 32.265132864560535], [137.71230116234938, 32.27674934088055], [137.71194106848924, 32.28837289957656], [137.7118210250137, 32.3], [137.7118210250137, 32.3], [137.71194106848924, 32.311627100423436], [137.71230116234938, 32.323250659119445], [137.7129011969061, 32.33486713543946], [137.71374098938304, 32.346472990892245], [137.71482028397128, 32.358064690221816], [137.7161387519072, 32.369638702484266], [137.71769599157275, 32.38119150212333], [137.7194915286176, 32.39271957004432], [137.7215248161038, 32.40421939468609], [137.72379523467228, 32.415687473090635], [137.72630209273154, 32.42712031197019], [137.72904462666833, 32.43851442877128], [137.73202200108025, 32.44986635273554], [137.7352333090302, 32.461172625956976], [137.7386775723227, 32.47242980443522], [137.74235374180174, 32.48363445912468], [137.74626069767052, 32.49478317697898], [137.75039724983245, 32.505872561990664], [137.75476213825362, 32.51689923622563], [137.75935403334677, 32.5278598408521], [137.76417153637615, 32.53875103716371], [137.7692131798837, 32.54956950759657], [137.77447742813595, 32.56031195673979], [137.77996267759187, 32.57097511233928], [137.78566725739137, 32.58155572629456], [137.79158942986413, 32.592050575648116], [137.7977273910591, 32.60245646356717], [137.80407927129383, 32.612770220317465], [137.81064313572406, 32.622988704228774], [137.8174169849331, 32.63310880265192], [137.82439875554084, 32.64312743290687], [137.83158632083234, 32.65304154322182], [137.8389774914056, 32.662848113662704], [137.84657001583844, 32.67254415705318], [137.85436158137438, 32.6821267198845], [137.86234981462707, 32.6915928832152], [137.87053228230326, 32.70093976356023], [137.87890649194406, 32.710164513769286], [137.8874698926841, 32.719264323894095], [137.89621987602854, 32.72823642204434], [137.90515377664767, 32.73707807523201], [137.91426887318886, 32.7457865902039], [137.92356238910537, 32.75435931426198], [137.93303149350223, 32.76279363607146], [137.94267330199852, 32.771086986456204], [137.95248487760597, 32.77923683918136], [137.96246323162362, 32.78724071172282], [137.9726053245481, 32.795096166023484], [137.98290806699976, 32.802800809235876], [137.99336832066336, 32.810352294451036], [138.00398289924436, 32.81774832141341], [138.01474856943926, 32.82498663722154], [138.02566205192068, 32.83206503701432], [138.03672002233606, 32.838981364642585], [138.04791911232053, 32.84573351332595], [138.0592559105228, 32.85231942629453], [138.07072696364432, 32.85873709741541], [138.08232877749117, 32.86498457180381], [138.09405781803846, 32.87105994641851], [138.10591051250685, 32.87696137064156], [138.11788325045075, 32.88268704684195], [138.1299723848582, 32.888235230923264], [138.14217423326176, 32.89360423285487], [138.1544850788602, 32.898792417186776], [138.16690117165072, 32.90379820354778], [138.17941872957115, 32.908620067126854], [138.19203393965208, 32.91325653913764], [138.20474295917833, 32.917706207265866], [138.21754191685943, 32.9219677160995], [138.23042691400892, 32.926039767541674], [138.2433940257318, 32.92992112120607], [138.2564393021202, 32.933610594794764], [138.26955876945664, 32.93710706445837], [138.2827484314242, 32.94040946513833], [138.29600427032418, 32.94351679089144], [138.3093222482995, 32.94642809519614], [138.32269830856518, 32.94914249124096], [138.3361283766436, 32.95165915219457], [138.34960836160596, 32.953977311457656], [138.36313415731823, 32.956096262896445], [138.37670164369206, 32.95801536105781], [138.39030668793964, 32.95973402136587], [138.40394514583267, 32.96125172030002], [138.4176128629648, 32.96256799555449], [138.431305676017, 32.963682446179064], [138.4450194140257, 32.9645947327013], [138.4587498996535, 32.96530457722988], [138.4724929504615, 32.965811763539286], [138.48624438018322, 32.96611613713565], [138.5, 32.96621760530384], [138.5, 32.96621760530384]]]}}, {"type": "Feature", "id": "TC100132219WindRadii_64_2609210000", "properties": {"description": "Tropical Cyclone DUJUAN-26", "name": "Tropical Cyclone DUJUAN-26", "htmldescription": "Green Tropical Cylone DUJUAN-26 in Japan from: 15 Sep 2026 12:00:00 to:20 Sep 2026 00:00:00.", "link": "https://www.gdacs.org/report.aspx?eventtype=TC&eventid=1001322&episodeid=19", "featureIndex": "818", "iconeventlink": "https://www.gdacs.org/images/gdacs_icons/maps/Green/TC.png", "iconitemlink": "https://www.gdacs.org/images/gdacs_icons/maps/Green/TC.png", "alertlevel": "Green", "eventtype": "TC", "eventname": "DUJUAN-26", "polygonlabel": "21/09 00:00", "polygontype": "WindRadii_64_2609210000", "fromdate": "15 Sep 2026 12:00:00", "todate": "20 Sep 2026 00:00:00", "country": "Japan", "countrylist": "Japan", "iso3": "JPN", "severity": "129.6288", "latitude": "28.7", "longitude": "137.5", "imageoverview": "https://www.gdacs.org/contentdata/resources/imgtemp/gdacs/tc/1001322/clouds_1001322_19.png", "Class": "Poly_WindRadii_64_2609210000"}, "geometry": {"type": "Polygon", "coordinates": [[[138.5, 32.63310880265192], [138.5068778099084, 32.63305806856783], [138.51375352476927, 32.63290588176964], [138.52062505017324, 32.632652288614935], [138.52749029298715, 32.63229736635065], [138.53434716199152, 32.63184122308953], [138.5411935685176, 32.63128399777724], [138.54802742708367, 32.63062586015001], [138.55484665603018, 32.62986701068293], [138.56164917815397, 32.62900768052891], [138.56843292134087, 32.628048131448224], [138.57519581919703, 32.62698865572882], [138.5819358116782, 32.62582957609728], [138.5886508457174, 32.62457124562048], [138.59533887585025, 32.62321404759807], [138.60199786483793, 32.62175839544572], [138.60862578428788, 32.620204732569164], [138.61522061527168, 32.61855353222918], [138.6217803489399, 32.616805297397384], [138.6283029871341, 32.61496056060304], [138.63478654299556, 32.61301988377084], [138.64122904157028, 32.61098385804975], [138.64762852041082, 32.60885310363293], [138.65398303017395, 32.60662826956882], [138.66029063521444, 32.60431003356342], [138.66654941417463, 32.60189910177389], [138.6727574605699, 32.59939620859339], [138.67891288336912, 32.59680211642743], [138.6850138075709, 32.59411761546163], [138.69105837477463, 32.591343523420974], [138.69704474374657, 32.588480685320775], [138.70297109098075, 32.585529973209255], [138.70883561125441, 32.58249228590191], [138.71463651817783, 32.579368548707706], [138.72037204473858, 32.57615971314726], [138.72604044383974, 32.572866756662975], [138.73163998883197, 32.569490682321295], [138.73716897403966, 32.56603251850716], [138.74262571528035, 32.56249331861077], [138.74800855037782, 32.5588741607067], [138.75331583966832, 32.55517614722552], [138.75854596650012, 32.55140040461794], [138.76369733772594, 32.54754808301174], [138.7687683841882, 32.54362035586141], [138.77375756119702, 32.539618419590674], [138.77866334900074, 32.535543493228104], [138.78348425324887, 32.53139681803573], [138.78821880544731, 32.527179657130986], [138.79286556340557, 32.52289329510195], [138.79742311167615, 32.51853903761601], [138.80189006198574, 32.51411821102217], [138.80626505365794, 32.509632161947046], [138.81054675402797, 32.50508225688464], [138.81473385884837, 32.50046988178011], [138.81882509268647, 32.4957964416076], [138.82281920931283, 32.49106335994225], [138.82671499208078, 32.48627207852659], [138.8305112542972, 32.48142405683135], [138.83420683958383, 32.47652077161091], [138.8378006222296, 32.47156371645344], [138.84129150753347, 32.46655440132596], [138.84467843213798, 32.461494352114386], [138.84796036435307, 32.45638511015873], [138.85113630447046, 32.45122823178358], [138.85420528506793, 32.44602528782406], [138.85716637130432, 32.440777863147275], [138.86001866120407, 32.43548755616964], [138.86276128593204, 32.430155978369896], [138.86539341005815, 32.424784753798285], [138.8679142318119, 32.41937551858186], [138.87032298332662, 32.41392992042605], [138.8726189308732, 32.40844961811282], [138.87480137508376, 32.402936280995334], [138.87686965116472, 32.39739158848949], [138.87882312909912, 32.39181722956234], [138.88066121383866, 32.38621490221761], [138.8823833454849, 32.38058631297849], [138.8839889994599, 32.37493317636777], [138.88547768666584, 32.369257214385634], [138.88684895363423, 32.36356015598509], [138.88810238266387, 32.35784373654532], [138.8892375919481, 32.35210969734304], [138.8902542356912, 32.34635978502216], [138.89115200421364, 32.34059575106166], [138.8919306240464, 32.33481935124213], [138.89258985801436, 32.32903234511091], [138.89312950530848, 32.323236495446125], [138.89354940154695, 32.317433567719725], [138.8938494188253, 32.311625329559725], [138.89402946575538, 32.30581355021172], [138.89408948749315, 32.3], [138.89408948749315, 32.3], [138.89402946575538, 32.29418644978828], [138.8938494188253, 32.28837467044027], [138.89354940154695, 32.28256643228027], [138.89312950530848, 32.27676350455387], [138.89258985801436, 32.270967654889084], [138.8919306240464, 32.26518064875786], [138.89115200421364, 32.25940424893833], [138.8902542356912, 32.253640214977835], [138.8892375919481, 32.247890302656955], [138.88810238266387, 32.242156263454675], [138.88684895363423, 32.2364398440149], [138.88547768666584, 32.23074278561436], [138.8839889994599, 32.225066823632226], [138.8823833454849, 32.21941368702151], [138.88066121383866, 32.213785097782385], [138.87882312909912, 32.20818277043765], [138.87686965116472, 32.202608411510504], [138.87480137508376, 32.19706371900466], [138.8726189308732, 32.191550381887176], [138.87032298332662, 32.186070079573945], [138.8679142318119, 32.180624481418135], [138.86539341005815, 32.17521524620171], [138.86276128593204, 32.169844021630105], [138.86001866120407, 32.164512443830354], [138.85716637130432, 32.15922213685272], [138.85420528506793, 32.15397471217594], [138.85113630447046, 32.14877176821641], [138.84796036435307, 32.14361488984127], [138.84467843213798, 32.13850564788561], [138.84129150753347, 32.13344559867404], [138.8378006222296, 32.128436283546556], [138.83420683958383, 32.12347922838909], [138.8305112542972, 32.11857594316864], [138.82671499208078, 32.113727921473405], [138.82281920931283, 32.10893664005774], [138.81882509268647, 32.10420355839239], [138.81473385884837, 32.09953011821988], [138.81054675402797, 32.09491774311535], [138.80626505365794, 32.09036783805295], [138.80189006198574, 32.08588178897782], [138.79742311167615, 32.081460962383986], [138.79286556340557, 32.07710670489804], [138.78821880544731, 32.07282034286901], [138.78348425324887, 32.068603181964264], [138.77866334900074, 32.06445650677189], [138.77375756119702, 32.06038158040932], [138.7687683841882, 32.05637964413859], [138.76369733772594, 32.052451916988254], [138.75854596650012, 32.04859959538206], [138.75331583966832, 32.04482385277448], [138.74800855037782, 32.041125839293294], [138.74262571528035, 32.037506681389225], [138.73716897403966, 32.03396748149284], [138.73163998883197, 32.0305093176787], [138.72604044383974, 32.02713324333702], [138.72037204473858, 32.02384028685273], [138.71463651817783, 32.02063145129229], [138.70883561125441, 32.01750771409809], [138.70297109098075, 32.01447002679074], [138.69704474374657, 32.01151931467922], [138.69105837477463, 32.00865647657902], [138.6850138075709, 32.00588238453837], [138.67891288336912, 32.00319788357256], [138.6727574605699, 32.000603791406604], [138.66654941417463, 31.998100898226106], [138.66029063521444, 31.99568996643657], [138.65398303017395, 31.993371730431175], [138.64762852041082, 31.991146896367063], [138.64122904157028, 31.989016141950245], [138.63478654299556, 31.98698011622916], [138.6283029871341, 31.98503943939696], [138.6217803489399, 31.983194702602614], [138.61522061527168, 31.981446467770812], [138.60862578428788, 31.97979526743083], [138.60199786483793, 31.978241604554277], [138.59533887585025, 31.976785952401926], [138.5886508457174, 31.975428754379514], [138.5819358116782, 31.97417042390271], [138.57519581919703, 31.973011344271168], [138.56843292134087, 31.971951868551773], [138.56164917815397, 31.97099231947109], [138.55484665603018, 31.97013298931706], [138.54802742708367, 31.969374139849986], [138.5411935685176, 31.968716002222752], [138.53434716199152, 31.968158776910464], [138.52749029298715, 31.967702633649346], [138.52062505017324, 31.967347711385056], [138.51375352476927, 31.967094118230353], [138.5068778099084, 31.96694193143217], [138.5, 31.966891197348076], [138.5, 32.3], [138.5, 32.3], [138.5, 32.3], [138.5, 32.3], [138.5, 32.3], [138.5, 32.3], [138.5, 32.3], [138.5, 32.3], [138.5, 32.3], [138.5, 32.3], [138.5, 32.3], [138.5, 32.3], [138.5, 32.3], [138.5, 32.3], [138.5, 32.3], [138.5, 32.3], [138.5, 32.3], [138.5, 32.3], [138.5, 32.3], [138.5, 32.3], [138.5, 32.3], [138.5, 32.3], [138.5, 32.3], [138.5, 32.3], [138.5, 32.3], [138.5, 32.3], [138.5, 32.3], [138.5, 32.3], [138.5, 32.3], [138.5, 32.3], [138.5, 32.3], [138.5, 32.3], [138.5, 32.3], [138.5, 32.3], [138.5, 32.3], [138.5, 32.3], [138.5, 32.3], [138.5, 32.3], [138.5, 32.3], [138.5, 32.3], [138.5, 32.3], [138.5, 32.3], [138.5, 32.3], [138.5, 32.3], [138.5, 32.3], [138.5, 32.3], [138.5, 32.3], [138.5, 32.3], [138.5, 32.3], [138.5, 32.3], [138.5, 32.3], [138.5, 32.3], [138.5, 32.3], [138.5, 32.3], [138.5, 32.3], [138.5, 32.3], [138.5, 32.3], [138.5, 32.3], [138.5, 32.3], [138.5, 32.3], [138.5, 32.3], [138.5, 32.3], [138.5, 32.3], [138.5, 32.3], [138.5, 32.3], [138.5, 32.3], [138.5, 32.3], [138.5, 32.3], [138.5, 32.3], [138.5, 32.3], [138.5, 32.3], [138.5, 32.3], [138.5, 32.3], [138.5, 32.3], [138.5, 32.3], [138.5, 32.3], [138.5, 32.3], [138.5, 32.3], [138.5, 32.3], [138.5, 32.3], [138.5, 32.3], [138.5, 32.3], [138.5, 32.3], [138.5, 32.3], [138.5, 32.3], [138.5, 32.3], [138.5, 32.3], [138.5, 32.3], [138.5, 32.3], [138.5, 32.3], [138.5, 32.3], [138.5, 32.3], [138.5, 32.3], [138.5, 32.3], [138.5, 32.3], [138.5, 32.3], [138.5, 32.3], [138.5, 32.3], [138.5, 32.3], [138.5, 32.3], [138.5, 32.3], [138.5, 32.3], [138.5, 32.3], [138.5, 32.3], [138.5, 32.3], [138.5, 32.3], [138.5, 32.3], [138.5, 32.3], [138.5, 32.3], [138.5, 32.3], [138.5, 32.3], [138.5, 32.3], [138.5, 32.3], [138.5, 32.3], [138.5, 32.3], [138.5, 32.3], [138.5, 32.3], [138.5, 32.3], [138.5, 32.3], [138.5, 32.3], [138.5, 32.3], [138.5, 32.3], [138.5, 32.3], [138.5, 32.3], [138.5, 32.3], [138.5, 32.3], [138.5, 32.3], [138.5, 32.3], [138.5, 32.3], [138.5, 32.3], [138.5, 32.3], [138.5, 32.3], [138.5, 32.3], [138.5, 32.3], [138.5, 32.3], [138.5, 32.3], [138.5, 32.3], [138.5, 32.3], [138.5, 32.3], [138.5, 32.3], [138.5, 32.3], [138.5, 32.3], [138.5, 32.3], [138.5, 32.3], [138.5, 32.3], [138.5, 32.3], [138.5, 32.3], [138.5, 32.3], [138.5, 32.3], [138.5, 32.3], [138.5, 32.3], [138.5, 32.3], [138.5, 32.3], [138.5, 32.3], [138.5, 32.3], [138.5, 32.3], [138.5, 32.3], [138.5, 32.3], [138.5, 32.3], [138.5, 32.3], [138.5, 32.3], [138.5, 32.3], [138.5, 32.3], [138.5, 32.3], [138.5, 32.3], [138.5, 32.3], [138.5, 32.3], [138.5, 32.3], [138.5, 32.3], [138.5, 32.3], [138.5, 32.3], [138.5, 32.3], [138.5, 32.3], [138.5, 32.3], [138.5, 32.3], [138.5, 32.3], [138.5, 32.3], [138.5, 32.3], [138.5, 32.3], [138.5, 32.3], [138.5, 32.3], [138.5, 32.3], [138.5, 32.63310880265192]]]}}, {"type": "Feature", "id": "TC100132219Polygon_Point_20", "properties": {"description": "Tropical Cyclone DUJUAN-26", "name": "Tropical Cyclone DUJUAN-26", "htmldescription": "Green Tropical Cylone DUJUAN-26 in Japan from: 15 Sep 2026 12:00:00 to:20 Sep 2026 00:00:00.", "link": "https://www.gdacs.org/report.aspx?eventtype=TC&eventid=1001322&episodeid=19", "featureIndex": "819", "iconeventlink": "https://www.gdacs.org/images/gdacs_icons/maps/Green/TC.png", "iconitemlink": "https://www.gdacs.org/images/gdacs_icons/maps/Green/TC.png", "alertlevel": "Green", "eventtype": "TC", "eventname": "DUJUAN-26", "polygonlabel": "21/09 00:00 UTC", "polygontype": "Polygon_Point_20", "fromdate": "15 Sep 2026 12:00:00", "todate": "20 Sep 2026 00:00:00", "country": "Japan", "countrylist": "Japan", "iso3": "JPN", "severity": "129.6288", "latitude": "28.7", "longitude": "137.5", "imageoverview": "https://www.gdacs.org/contentdata/resources/imgtemp/gdacs/tc/1001322/clouds_1001322_19.png", "Class": "Poly_Polygon_Point_20"}, "geometry": {"type": "Polygon", "coordinates": [[[138.5, 32.269999999999996], [138.50147203022982, 32.27003613631384], [138.50294051420988, 32.27014445819983], [138.50440191423365, 32.27032470470105], [138.50585270966047, 32.2705764415879], [138.5072894053971, 32.27089906240416], [138.50870854031763, 32.27129178992803], [138.51010669560176, 32.271753678044504], [138.51148050297095, 32.27228361402466], [138.51282665280291, 32.272880321206294], [138.51414190210477, 32.27354236206955], [138.5154230823258, 32.27426814169999], [138.51666710699058, 32.27505591163092], [138.51787097913478, 32.27590377405558], [138.5190317985249, 32.27680968639911], [138.52014676864542, 32.27777146623935], [138.5212132034356, 32.2787867965644], [138.52222853376065, 32.279853231354586], [138.52319031360088, 32.28096820147509], [138.52409622594442, 32.28212902086522], [138.52494408836907, 32.28333289300941], [138.52573185830002, 32.2845769176742], [138.52645763793046, 32.285858097895215], [138.5271196787937, 32.28717334719709], [138.52771638597534, 32.28851949702904], [138.5282463219555, 32.28989330439823], [138.52870821007195, 32.29129145968236], [138.52910093759584, 32.2927105946029], [138.5294235584121, 32.29414729033952], [138.52967529529894, 32.295598085766336], [138.52985554180017, 32.29705948579011], [138.52996386368616, 32.29852796977018], [138.53, 32.3], [138.52996386368616, 32.30147203022982], [138.52985554180017, 32.30294051420989], [138.52967529529894, 32.30440191423366], [138.5294235584121, 32.30585270966048], [138.52910093759584, 32.30728940539709], [138.52870821007195, 32.30870854031763], [138.5282463219555, 32.31010669560177], [138.52771638597534, 32.31148050297095], [138.5271196787937, 32.312826652802904], [138.52645763793046, 32.31414190210478], [138.52573185830002, 32.31542308232579], [138.52494408836907, 32.316667106990586], [138.52409622594442, 32.317870979134774], [138.52319031360088, 32.319031798524904], [138.52222853376065, 32.32014676864541], [138.5212132034356, 32.3212132034356], [138.52014676864542, 32.322228533760644], [138.5190317985249, 32.32319031360088], [138.51787097913478, 32.324096225944416], [138.51666710699058, 32.32494408836907], [138.5154230823258, 32.3257318583], [138.51414190210477, 32.326457637930446], [138.51282665280291, 32.3271196787937], [138.51148050297095, 32.327716385975336], [138.51010669560176, 32.32824632195549], [138.50870854031763, 32.328708210071966], [138.5072894053971, 32.32910093759583], [138.50585270966047, 32.329423558412095], [138.50440191423365, 32.32967529529894], [138.50294051420988, 32.329855541800164], [138.50147203022982, 32.32996386368615], [138.5, 32.33], [138.49852796977018, 32.32996386368615], [138.49705948579012, 32.329855541800164], [138.49559808576635, 32.32967529529894], [138.49414729033953, 32.329423558412095], [138.4927105946029, 32.32910093759583], [138.49129145968237, 32.328708210071966], [138.48989330439824, 32.32824632195549], [138.48851949702905, 32.327716385975336], [138.48717334719709, 32.3271196787937], [138.48585809789523, 32.326457637930446], [138.4845769176742, 32.3257318583], [138.48333289300942, 32.32494408836907], [138.48212902086522, 32.324096225944416], [138.4809682014751, 32.32319031360088], [138.47985323135458, 32.322228533760644], [138.4787867965644, 32.3212132034356], [138.47777146623935, 32.32014676864541], [138.47680968639912, 32.319031798524904], [138.47590377405558, 32.317870979134774], [138.47505591163093, 32.316667106990586], [138.47426814169998, 32.31542308232579], [138.47354236206954, 32.31414190210478], [138.4728803212063, 32.312826652802904], [138.47228361402466, 32.31148050297095], [138.4717536780445, 32.31010669560177], [138.47129178992805, 32.30870854031763], [138.47089906240416, 32.30728940539709], [138.4705764415879, 32.30585270966048], [138.47032470470106, 32.30440191423366], [138.47014445819983, 32.30294051420989], [138.47003613631384, 32.30147203022982], [138.47, 32.3], [138.47003613631384, 32.29852796977018], [138.47014445819983, 32.29705948579011], [138.47032470470106, 32.295598085766336], [138.4705764415879, 32.29414729033952], [138.47089906240416, 32.2927105946029], [138.47129178992805, 32.29129145968236], [138.4717536780445, 32.28989330439823], [138.47228361402466, 32.28851949702904], [138.4728803212063, 32.28717334719709], [138.47354236206954, 32.285858097895215], [138.47426814169998, 32.2845769176742], [138.47505591163093, 32.28333289300941], [138.47590377405558, 32.28212902086522], [138.47680968639912, 32.28096820147509], [138.47777146623935, 32.279853231354586], [138.4787867965644, 32.2787867965644], [138.47985323135458, 32.27777146623935], [138.4809682014751, 32.27680968639911], [138.48212902086522, 32.27590377405558], [138.48333289300942, 32.27505591163092], [138.4845769176742, 32.27426814169999], [138.48585809789523, 32.27354236206955], [138.48717334719709, 32.272880321206294], [138.48851949702905, 32.27228361402466], [138.48989330439824, 32.271753678044504], [138.49129145968237, 32.27129178992803], [138.4927105946029, 32.27089906240416], [138.49414729033953, 32.2705764415879], [138.49559808576635, 32.27032470470105], [138.49705948579012, 32.27014445819983], [138.49852796977018, 32.27003613631384], [138.5, 32.269999999999996]]]}}, {"type": "Feature", "id": "TC100132219WindRadii_34_2609211200", "properties": {"description": "Tropical Cyclone DUJUAN-26", "name": "Tropical Cyclone DUJUAN-26", "htmldescription": "Green Tropical Cylone DUJUAN-26 in Japan from: 15 Sep 2026 12:00:00 to:20 Sep 2026 00:00:00.", "link": "https://www.gdacs.org/report.aspx?eventtype=TC&eventid=1001322&episodeid=19", "featureIndex": "820", "iconeventlink": "https://www.gdacs.org/images/gdacs_icons/maps/Green/TC.png", "iconitemlink": "https://www.gdacs.org/images/gdacs_icons/maps/Green/TC.png", "alertlevel": "Green", "eventtype": "TC", "eventname": "DUJUAN-26", "polygonlabel": "21/09 12:00", "polygontype": "WindRadii_34_2609211200", "fromdate": "15 Sep 2026 12:00:00", "todate": "20 Sep 2026 00:00:00", "country": "Japan", "countrylist": "Japan", "iso3": "JPN", "severity": "129.6288", "latitude": "28.7", "longitude": "137.5", "imageoverview": "https://www.gdacs.org/contentdata/resources/imgtemp/gdacs/tc/1001322/clouds_1001322_19.png", "Class": "Poly_WindRadii_34_2609211200"}, "geometry": {"type": "Polygon", "coordinates": [[[141.5, 37.2983160198894], [141.5530982994356, 37.297935514258704], [141.60618042461482, 37.29679411327232], [141.6592302062081, 37.29489216461205], [141.71223148473808, 37.292230247629874], [141.76516811550187, 37.288809173171494], [141.81802397348895, 37.284629983329324], [141.87078295829292, 37.27969395112509], [141.92342899901595, 37.274002580122], [141.97594605916402, 37.26755760396681], [142.02831814153188, 37.26036098586168], [142.0805292930759, 37.252414917966206], [142.13256360977354, 37.24372182072965], [142.18440524146786, 37.23428434215362], [142.23603839669565, 37.22410535698554], [142.28744734749762, 37.213187965842884], [142.3386164342094, 37.201535494268754], [142.38953007023142, 37.189151491718874], [142.44017274677702, 37.17603973048038], [142.49052903759627, 37.16220420452278], [142.5405836036752, 37.14764912828129], [142.59032119790808, 37.13237893537314], [142.63972666974192, 37.11639827724701], [142.68878496979136, 37.09971202176617], [142.737481154423, 37.0823252517257], [142.78580039030723, 37.06424326330417], [142.83372795893678, 37.04547156445042], [142.8812492611099, 37.02601587320577], [142.92834982137762, 37.00588211596224], [142.97501529245304, 36.985076425657326], [143.02123145958154, 36.96360513990585], [143.06698424487098, 36.94147479906944], [143.11225971157972, 36.918692144264305], [143.15704406836198, 36.895264115307796], [143.2013236734689, 36.87119784860448], [143.24508503890377, 36.84650067497234], [143.28831483453078, 36.8211801174097], [143.3309998921354, 36.79524388880369], [143.37312720943555, 36.76869988958079], [143.41468395404235, 36.7415562053003], [143.45565746736878, 36.713821104191396], [143.49603526848577, 36.68550303463456], [143.53580505792394, 36.65661062258808], [143.5749547214202, 36.62715266896058], [143.61347233360777, 36.59713814693009], [143.65134616164886, 36.56657619921078], [143.68856466880854, 36.53547613526798], [143.725116517969, 36.50384742848244], [143.7609905750829, 36.47169971326464], [143.79617591256493, 36.43904278212007], [143.83066181262043, 36.40588658266629], [143.8644377705102, 36.372241214602866], [143.89749349775022, 36.33811692663483], [143.9298189252458, 36.30352411335087], [143.96140420635857, 36.26847331205702], [143.9922397199059, 36.23297519956689], [144.0223160730917, 36.197040588949434], [144.05162410436742, 36.160680426235146], [144.0801548862228, 36.12390578708182], [144.1078997279053, 36.08672787340078], [144.1348501780674, 36.0491580099447], [144.1609980273409, 36.01120764085792], [144.1863353108376, 35.9728883261905], [144.2108543105755, 35.9342117383769], [144.23454755782979, 35.89518965868044], [144.25740783540778, 35.8558339736046], [144.27942817984749, 35.81615667127231], [144.30060188353872, 35.77616983777421], [144.32092249676617, 35.735885653487166], [144.3403838296742, 35.69531638936394], [144.35897995415232, 35.65447440319539], [144.37670520564083, 35.61337213584614], [144.39355418485644, 35.572022107465], [144.40952175943684, 35.53043691367118], [144.42460306550416, 35.48862922171756], [144.43879350914648, 35.4466117666321], [144.45208876781714, 35.40439734733866], [144.4644847916516, 35.36199882275829], [144.47597780470096, 35.3194291078923], [144.48656430608204, 35.27670116988822], [144.49624107104398, 35.23382802408989], [144.50500515195046, 35.19082273007283], [144.5128538791775, 35.14769838766622], [144.51978486192675, 35.10446813296248], [144.52579598895377, 35.061145134316], [144.53088542921103, 35.01774258833183], [144.53505163240567, 34.97427371584594], [144.53829332947188, 34.93075175789797], [144.54060953295735, 34.887189971697936], [144.54199953732402, 34.84360162658788], [144.5424629191631, 34.8], [145.1509555029957, 34.8], [145.1503994447888, 34.747678048094535], [145.1487314395488, 34.69537203396248], [145.14595199536626, 34.64309789052243], [145.1420619588868, 34.590871540984864], [145.13706251505323, 34.53870889400179], [145.13095518674453, 34.4866258388208], [145.1237418343121, 34.43463824044502], [145.115424655013, 34.382761934800534], [145.10600618234054, 34.33101272391259], [145.09548928525277, 34.27940637109212], [145.08387716729845, 34.22795859613413], [145.07117336564116, 34.17668507052924], [145.05738174998194, 34.12560141269005], [145.04250652138057, 34.074723183193605], [145.02655221097575, 34.02406588004147], [145.009523678605, 33.97364493393892], [144.99142611132422, 33.923475703594576], [144.97226502182772, 33.87357347104199], [144.95204624676902, 33.82395343698463], [144.9307759449828, 33.77463071616553], [144.90846059560906, 33.72562033276327], [144.8851069961194, 33.67693721581539], [144.86072226024646, 33.62859619467094], [144.835313815817, 33.58061199447322], [144.80888940248934, 33.532999231674474], [144.78145706939574, 33.48577240958347], [144.75302517269063, 33.43894591394771], [144.72360237300512, 33.392534008571396], [144.69319763280907, 33.34655083097049], [144.6618202136809, 33.30101038806636], [144.62947967348637, 33.25592655191905], [144.59618586346735, 33.21131305550181], [144.5619489252409, 33.16718348851782], [144.52677928771004, 33.123551293260675], [144.4906876638871, 33.08042976051973], [144.45368504763027, 33.03783202553157], [144.41578271029496, 32.99577106397895], [144.37699219730027, 32.95425968803819], [144.33732532461224, 32.91331054247655], [144.29679417514453, 32.87293610080044], [144.25541109507793, 32.833148661455915], [144.21318869009949, 32.79396034408242], [144.1701398215628, 32.755383085821066], [144.12627760257024, 32.717428637678424], [144.0816153939786, 32.68010856094706], [144.0361668003293, 32.64343422368388], [143.98994566570423, 32.607416797247296], [143.94296606950874, 32.57206725289429], [143.89524232218292, 32.53739635843853], [143.84678896084253, 32.50341467497032], [143.79762074485083, 32.47013255363964], [143.74775265132268, 32.437560132503044], [143.69719987056246, 32.405707333435565], [143.64597780143694, 32.37458385910835], [143.59410204668453, 32.34419919003319], [143.54158840816268, 32.314562581674615], [143.48845288203438, 32.28568306163064], [143.43471165389568, 32.25756942688283], [143.3803810938452, 32.230230241116665], [143.32547775149786, 32.203673832112976], [143.27001835094364, 32.1779082892112], [143.21401978565316, 32.152941460845305], [143.15749911333188, 32.12878095215307], [143.10047355072413, 32.10543412265949], [143.0429604683687, 32.08290808403499], [142.9849773853076, 32.06120969792915], [142.92654196374966, 32.040345573880586], [142.8676720036903, 32.02032206730358], [142.8083854374897, 32.00114527755223], [142.74870032441024, 31.982821046062448], [142.68863484511553, 31.96535495457266], [142.62820729613242, 31.94875232342353], [142.56743608427772, 31.933018209937345], [142.50633972105126, 31.91815740687749], [142.44493681699714, 31.904174440988534], [142.38324607603477, 31.891073571617344], [142.32128628976142, 31.878858789415645], [142.25907633172824, 31.867533815124418], [142.19663515169108, 31.857102098440542], [142.13398176983827, 31.847566816965976], [142.07113527099682, 31.83893087523982], [142.00811479881912, 31.83119690385359], [141.9449395499515, 31.82436725864989], [141.88162876818672, 31.818444020004804], [141.81820173860226, 31.813428992194204], [141.7546777816857, 31.809323702844146], [141.69107624744973, 31.806129402465537], [141.62741650953777, 31.803847064073206], [141.56371795932273, 31.80247738288955], [141.5, 31.802020776132714], [141.5, 31.802020776132714], [141.43628204067727, 31.80247738288955], [141.37258349046223, 31.803847064073206], [141.30892375255027, 31.806129402465537], [141.2453222183143, 31.809323702844146], [141.18179826139774, 31.813428992194204], [141.11837123181328, 31.818444020004804], [141.0550604500485, 31.82436725864989], [140.99188520118088, 31.83119690385359], [140.92886472900318, 31.83893087523982], [140.86601823016173, 31.847566816965976], [140.80336484830892, 31.857102098440542], [140.74092366827176, 31.867533815124418], [140.67871371023858, 31.878858789415645], [140.61675392396523, 31.891073571617344], [140.55506318300286, 31.904174440988534], [140.49366027894874, 31.918157406877487], [140.43256391572228, 31.933018209937345], [140.37179270386758, 31.94875232342353], [140.31136515488447, 31.96535495457266], [140.25129967558976, 31.982821046062448], [140.1916145625103, 32.00114527755223], [140.1323279963097, 32.02032206730358], [140.07345803625037, 32.040345573880586], [140.0150226146924, 32.06120969792915], [139.9570395316313, 32.08290808403499], [139.89952644927587, 32.10543412265949], [139.84250088666812, 32.12878095215307], [139.78598021434686, 32.152941460845305], [139.72998164905636, 32.1779082892112], [139.67452224850214, 32.203673832112976], [139.6196189061548, 32.230230241116665], [139.56528834610432, 32.25756942688283], [139.51154711796562, 32.28568306163064], [139.45841159183732, 32.314562581674615], [139.40589795331547, 32.34419919003319], [139.35402219856306, 32.37458385910835], [139.30280012943754, 32.405707333435565], [139.25224734867732, 32.437560132503044], [139.20237925514917, 32.47013255363964], [139.15321103915747, 32.503414674970315], [139.10475767781708, 32.53739635843853], [139.05703393049126, 32.57206725289429], [139.01005433429577, 32.60741679724729], [138.9638331996707, 32.64343422368388], [138.9183846060214, 32.68010856094706], [138.87372239742976, 32.717428637678424], [138.8298601784372, 32.755383085821066], [138.78681130990051, 32.79396034408242], [138.74458890492207, 32.833148661455915], [138.70320582485547, 32.87293610080044], [138.66267467538776, 32.91331054247655], [138.62300780269973, 32.95425968803819], [138.58421728970504, 32.99577106397895], [138.54631495236973, 33.03783202553157], [138.5093123361129, 33.08042976051973], [138.47322071228996, 33.123551293260675], [138.4380510747591, 33.16718348851782], [138.40381413653265, 33.21131305550181], [138.37052032651363, 33.25592655191905], [138.3381797863191, 33.30101038806635], [138.30680236719093, 33.34655083097049], [138.27639762699488, 33.392534008571396], [138.2469748273094, 33.43894591394771], [138.21854293060426, 33.48577240958347], [138.19111059751066, 33.532999231674474], [138.164686184183, 33.58061199447322], [138.13927773975354, 33.62859619467093], [138.1148930038806, 33.67693721581539], [138.09153940439094, 33.72562033276327], [138.06922405501723, 33.77463071616553], [138.04795375323098, 33.823953436984624], [138.02773497817228, 33.87357347104199], [138.00857388867578, 33.92347570359457], [137.990476321395, 33.97364493393892], [137.97344778902425, 34.02406588004147], [137.95749347861943, 34.074723183193605], [137.94261825001806, 34.12560141269005], [137.92882663435884, 34.17668507052924], [137.91612283270155, 34.22795859613412], [137.90451071474723, 34.27940637109212], [137.89399381765946, 34.33101272391259], [137.884575344987, 34.38276193480054], [137.8762581656879, 34.43463824044502], [137.86904481325547, 34.4866258388208], [137.86293748494677, 34.53870889400179], [137.8579380411132, 34.590871540984864], [137.85404800463374, 34.64309789052243], [137.8512685604512, 34.69537203396247], [137.8496005552112, 34.747678048094535], [137.8490444970043, 34.8], [138.86319880339198, 34.8], [138.86360040098586, 34.837788076376164], [138.86480507143696, 34.87556464213821], [138.86681244779103, 34.913318190178245], [138.86962191858174, 34.95103722039981], [138.87323262801712, 34.98871024322092], [138.87764347624005, 35.026325783073865], [138.88285311966348, 35.063872381900815], [138.8888599713795, 35.10133860264405], [138.89566220164295, 35.13871303272979], [138.90325773842855, 35.17598428754457], [138.91164426806225, 35.213141013903126], [138.92081923592585, 35.25017189350665], [138.93077984723524, 35.287065646390516], [138.9415230678918, 35.32381103436017], [138.9530456254064, 35.36039686441449], [138.9653440098964, 35.39681199215522], [138.97841447515472, 35.433045325181695], [138.99225303979108, 35.469085826469666], [139.00685548844461, 35.50492251773332], [139.02221737306797, 35.540544482769334], [139.03833401428236, 35.57594087078208], [139.05520050280265, 35.61110089968888], [139.0728117009331, 35.64601385940432], [139.09116224413216, 35.68066911510267], [139.1102465426466, 35.71505611045732], [139.1300587832142, 35.74916437085638], [139.15059293083456, 35.78298350659331], [139.1718427306074, 35.81650321603177], [139.19380170963788, 35.84971328874353], [139.21646317900826, 35.88260360861874], [139.23982023581542, 35.91516415694735], [139.26386576527358, 35.94738501547091], [139.28859244288157, 35.97925636940379], [139.31399273665386, 36.01076851042284], [139.3400589094149, 36.04191183962464], [139.36678302115592, 36.07267687044941], [139.39415693145364, 36.10305423157075], [139.42217230194981, 36.13303466975019], [139.45082059889117, 36.16260905265582], [139.48009309572896, 36.19176837164412], [139.50998087577705, 36.22050374450406], [139.54047483492815, 36.24880641816269], [139.57156568442687, 36.27666777135144], [139.60324395369926, 36.304079317232244], [139.63549999323766, 36.33103270598267], [139.66832397753993, 36.357519727339415], [139.7017059081025, 36.383532313099174], [139.7356356164659, 36.40906253957634], [139.77010276731232, 36.43410263001661], [139.80509686161372, 36.45864495696588], [139.84060723982995, 36.48268204459359], [139.87662308515584, 36.506206570970015], [139.913133426816, 36.52921137029653], [139.95012714340666, 36.551689435088406], [139.9875929662834, 36.57363391830936], [140.02551948299362, 36.595038135457216], [140.06389514075295, 36.61589556660009], [140.10270824996425, 36.636199858362396], [140.14194698777848, 36.65594482586018], [140.181599401696, 36.67512445458507], [140.22165341320738, 36.69373290223635], [140.26209682147274, 36.71176450050061], [140.3029173070381, 36.729213756778336], [140.34410243558813, 36.74607535585703], [140.38563966173373, 36.76234416153028], [140.4275163328334, 36.778015218162274], [140.4697196928475, 36.79308375219735], [140.51223688622366, 36.80754517361407], [140.555054961813, 36.82139507732339], [140.59816087681483, 36.83462924451045], [140.6415415007499, 36.84724364391974], [140.68518361945993, 36.859234433083], [140.72907393913277, 36.87059795948969], [140.77319909035185, 36.88133076169959], [140.81754563216873, 36.891429570397165], [140.8621000561971, 36.90089130938747], [140.90684879072785, 36.90971309653314], [140.95177820486293, 36.91789224463236], [140.99687461266754, 36.92542626223738], [141.04212427733904, 36.93231285441345], [141.0875134153912, 36.938549923437904], [141.13302820085286, 36.94413556943907], [141.17865476947946, 36.949068090975075], [141.22437922297627, 36.95334598555208], [141.2701876332317, 36.95696795008196], [141.31606604656034, 36.95993288127922], [141.36200048795297, 36.962239875997106], [141.40797696533383, 36.96388823150268], [141.45398147382247, 36.964877445690874], [141.5, 36.96520721723748], [141.5, 37.2983160198894]]]}}, {"type": "Feature", "id": "TC100132219WindRadii_50_2609211200", "properties": {"description": "Tropical Cyclone DUJUAN-26", "name": "Tropical Cyclone DUJUAN-26", "htmldescription": "Green Tropical Cylone DUJUAN-26 in Japan from: 15 Sep 2026 12:00:00 to:20 Sep 2026 00:00:00.", "link": "https://www.gdacs.org/report.aspx?eventtype=TC&eventid=1001322&episodeid=19", "featureIndex": "821", "iconeventlink": "https://www.gdacs.org/images/gdacs_icons/maps/Green/TC.png", "iconitemlink": "https://www.gdacs.org/images/gdacs_icons/maps/Green/TC.png", "alertlevel": "Green", "eventtype": "TC", "eventname": "DUJUAN-26", "polygonlabel": "21/09 12:00", "polygontype": "WindRadii_50_2609211200", "fromdate": "15 Sep 2026 12:00:00", "todate": "20 Sep 2026 00:00:00", "country": "Japan", "countrylist": "Japan", "iso3": "JPN", "severity": "129.6288", "latitude": "28.7", "longitude": "137.5", "imageoverview": "https://www.gdacs.org/contentdata/resources/imgtemp/gdacs/tc/1001322/clouds_1001322_19.png", "Class": "Poly_WindRadii_50_2609211200"}, "geometry": {"type": "Polygon", "coordinates": [[[141.5, 35.6327720066298], [141.5176994331452, 35.63264517141957], [141.5353934748716, 35.6322647044241], [141.5530767354027, 35.63163072153735], [141.57074382824604, 35.63074341587662], [141.58838937183396, 35.62960305772383], [141.60600799116298, 35.628209994443104], [141.62359431943096, 35.62656465037503], [141.64114299967198, 35.624667526707334], [141.658648686388, 35.62251920132227], [141.67610604717729, 35.62012032862056], [141.69350976435862, 35.61747163932207], [141.71085453659117, 35.61457394024321], [141.7281350804893, 35.61142811405121], [141.74534613223187, 35.608035118995176], [141.76248244916587, 35.60439598861429], [141.77953881140314, 35.600511831422914], [141.79651002341046, 35.596383830572954], [141.81339091559235, 35.59201324349346], [141.83017634586542, 35.58740140150759], [141.84686120122507, 35.58254970942709], [141.8634403993027, 35.57745964512438], [141.87990888991396, 35.572132759082336], [141.89626165659712, 35.56657067392206], [141.912493718141, 35.56077508390857], [141.9286001301024, 35.55474775443472], [141.94457598631226, 35.54849052148347], [141.96041642036997, 35.54200529106859], [141.97611660712587, 35.53529403865408], [141.99167176415102, 35.52835880855244], [142.00707715319385, 35.52120171330195], [142.02232808162367, 35.513824933023145], [142.0374199038599, 35.506230714754764], [142.05234802278733, 35.49842137176926], [142.0671078911563, 35.49039928286816], [142.0816950129679, 35.48216689165744], [142.0961049448436, 35.47372670580323], [142.11033329737847, 35.4650812962679], [142.12437573647853, 35.456233296526925], [142.13822798468078, 35.44718540176677], [142.15188582245625, 35.4379403680638], [142.16534508949525, 35.42850101154485], [142.17860168597466, 35.41887020752936], [142.19165157380672, 35.40905088965353], [142.20449077786927, 35.39904604897669], [142.2171153872163, 35.38885873307026], [142.2295215562695, 35.378492045089324], [142.24170550598967, 35.36794914282748], [142.25366352502763, 35.357233237754876], [142.26539197085498, 35.34634759404002], [142.2768872708735, 35.33529552755543], [142.2881459235034, 35.32408040486762], [142.29916449925008, 35.31270564221161], [142.3099396417486, 35.30117470445029], [142.3204680687862, 35.28949110401901], [142.33074657330198, 35.277658399855625], [142.3407720243639, 35.265680196316474], [142.35054136812246, 35.25356014207838], [142.36005162874093, 35.24130192902727], [142.36929990930176, 35.22890929113359], [142.37828339268913, 35.216386003314895], [142.38699934244696, 35.20373588028597], [142.39544510361253, 35.190962775396834], [142.40361810352516, 35.17807057945897], [142.41151585260994, 35.165063219560146], [142.41913594513593, 35.1519446578682], [142.42647605994915, 35.1387188904241], [142.43353396117956, 35.12538994592474], [142.44030749892207, 35.11196188449572], [142.4467946098914, 35.098438796454644], [142.45299331805077, 35.084824801065125], [142.4589017352136, 35.07112404528205], [142.4645180616188, 35.05734070248833], [142.46984058647894, 35.04347897122373], [142.47486768850138, 35.02954307390585], [142.47959783638217, 35.01553725554403], [142.48402958927238, 35.00146578244622], [142.4881615972172, 34.98733294091943], [142.49199260156698, 34.9731430359641], [142.49552143536067, 34.958900389962736], [142.49874702368132, 34.9446093413633], [142.50166838398349, 34.93027424335761], [142.5042846263925, 34.9158994625554], [142.5065949539756, 34.90148937765416], [142.50859866298458, 34.887048378105334], [142.51029514307035, 34.872580862777276], [142.51168387746856, 34.85809123861531], [142.5127644431573, 34.84358391929932], [142.51353651098577, 34.82906332389931], [142.51399984577466, 34.81453387552929], [142.5141543063877, 34.8], [142.9198160289428, 34.8], [142.91959978408454, 34.77965257425898], [142.91895111538008, 34.75931134654096], [142.9178702204202, 34.73898251298094], [142.91635742845597, 34.71867226593856], [142.91441320029847, 34.698386792111805], [142.91203812817844, 34.67813227065253], [142.90923293556583, 34.65791487128417], [142.9059984769495, 34.63774075242243], [142.90233573757686, 34.61761605929934], [142.89824583315385, 34.59754692209138], [142.89373000950494, 34.57753945405216], [142.88878964219379, 34.55759974965026], [142.8834262361041, 34.53773388271279], [142.87764142498133, 34.51794790457529], [142.871436970935, 34.49824784223835], [142.86481476390193, 34.4786396965318], [142.85777682107053, 34.45912944028677], [142.85032528626633, 34.43972301651633], [142.84246242929905, 34.42042633660513], [142.8341906452711, 34.40124527850882], [142.82551245384798, 34.38218568496349], [142.8164304984909, 34.363253361705986], [142.8069475456514, 34.344454075705364], [142.79706648392883, 34.32579355340625], [142.7867903231903, 34.30727747898452], [142.7761221936539, 34.28891149261579], [142.76506534493524, 34.27070118875744], [142.75362314505756, 34.25265211444443], [142.74179907942576, 34.23476976759964], [142.7295967497648, 34.21705959535914], [142.71701987302248, 34.19952699241296], [142.7040722802373, 34.18217729936181], [142.69075791537145, 34.16501580109026], [142.67708083410946, 34.14804772515693], [142.66304520262275, 34.131278240202114], [142.64865529630066, 34.11471245437339], [142.63391549844803, 34.09835541376959], [142.61883029895012, 34.08221210090374], [142.60340429290477, 34.06628743318532], [142.58764217922288, 34.05058626142239], [142.57154875919696, 34.035113368343964], [142.55512893503868, 34.019873467143164], [142.53838770838553, 34.00487120004153], [142.5213301787773, 33.990111136874944], [142.5039615421028, 33.97559777370163], [142.48628708901697, 33.96133553143262], [142.46831220332942, 33.947328754485056], [142.4500423603645, 33.93358170945889], [142.43148312529337, 33.9200985838372], [142.41264015143875, 33.906883484710676], [142.3935191785531, 33.893940437526524], [142.37412603106992, 33.8812733848623], [142.35446661632986, 33.86888618522494], [142.33454692278102, 33.85678261187547], [142.3143730181551, 33.844966351679574], [142.29395104761883, 33.833441003984575], [142.27328723190226, 33.822210079523025], [142.25238786540388, 33.81127699934332], [142.23125931427313, 33.80064509376759], [142.20990801447138, 33.79031760137727], [142.1883404698114, 33.78029766802658], [142.16656324997624, 33.770588345884285], [142.14458298851795, 33.76119259250397], [142.12240638083716, 33.75211326992313], [142.10004018214337, 33.74335314379138], [142.0774912053974, 33.734914882528], [142.05476631923597, 33.72680105650912], [142.03187244587957, 33.719014137284724], [142.00881655902378, 33.711556496825864], [141.9856056817151, 33.70443040680206], [141.9622468842116, 33.69763803788937], [141.93874728182928, 33.69118145910915], [141.91511403277468, 33.68506263719785], [141.8913543359644, 33.679283436007914], [141.86747542883222, 33.67384561593998], [141.84348458512463, 33.66875083340674], [141.819389112685, 33.664000640328304], [141.79519635122764, 33.65959648365949], [141.7709136701021, 33.6555397049491], [141.7465484660482, 33.65183153993121], [141.7221081609432, 33.64847311814882], [141.69760019954077, 33.64546546260973], [141.67303204720335, 33.642809489474956], [141.64841118762817, 33.64050600777964], [141.62374512056755, 33.638555719186634], [141.59904135954443, 33.63695921777272], [141.5743074295638, 33.63571698984771], [141.54955086482025, 33.634829413806244], [141.52477920640328, 33.6342967600126], [141.5, 33.63411919071827], [141.5, 33.800673592044234], [141.47876068022575, 33.800825794296514], [141.45752783015408, 33.80128235469107], [141.43630791751676, 33.80204313415518], [141.41510740610477, 33.80310790094805], [141.39393275379925, 33.8044763307314], [141.37279041060444, 33.806148006668266], [141.35168681668284, 33.80812241954996], [141.33062840039364, 33.810398967951194], [141.3096215763344, 33.81297695841327], [141.28867274338725, 33.81585560565532], [141.26778828276963, 33.81903403281351], [141.24697455609058, 33.82251127170814], [141.22623790341285, 33.82628626313855], [141.20558464132174, 33.83035785720578], [141.18502106100095, 33.834724813662845], [141.16455342631625, 33.8393858022925], [141.14418797190743, 33.844339403312446], [141.12393090128919, 33.84958410780784], [141.1037883849615, 33.85511831819088], [141.08376655852993, 33.86094034868748], [141.06387152083676, 33.86704842585074], [141.04410933210323, 33.873440689101194], [141.02448601208346, 33.88011519129353], [141.0050075382308, 33.887069899309715], [140.9856798438771, 33.89430269467833], [140.9665088164253, 33.901811374219825], [140.94750029555604, 33.90959365071769], [140.92866007144895, 33.9176471536151], [140.90999388301879, 33.925969429737066], [140.89150741616737, 33.93455794403766], [140.8732063020516, 33.94341008037222], [140.8550961153681, 33.952523142294275], [140.8371823726552, 33.96189435387688], [140.81947053061245, 33.9715208605582], [140.80196598443848, 33.98139973001106], [140.78467406618768, 33.99152795303611], [140.76760004314585, 34.00190244447852], [140.75074911622576, 34.01252004416768], [140.73412641838306, 34.02337751787988], [140.7177370130525, 34.03447155832344], [140.7015858926057, 34.04579878614617], [140.68567797683042, 34.05735575096476], [140.67001811143192, 34.06913893241576], [140.6546110665569, 34.08114474122796], [140.63946153534047, 34.09336952031568], [140.6245741324766, 34.105809545892804], [140.6099533928124, 34.11846102860702], [140.59560376996683, 34.13132011469414], [140.58152963497403, 34.14438288715197], [140.56773527495181, 34.15764536693348], [140.5542248917959, 34.17110351415885], [140.5410026008999, 34.184753229346065], [140.52807242990167, 34.19859035465965], [140.51543831745659, 34.21261067517719], [140.50310411203765, 34.22680992017324], [140.49107357076332, 34.24118376442022], [140.47935035825304, 34.255727829505936], [140.4679380455109, 34.270437685167266], [140.45684010883787, 34.28530885063968], [140.44605992877302, 34.300336796022115], [140.43560078906364, 34.31551694365683], [140.42546587566497, 34.3308446695238], [140.4156582757698, 34.34631530464924], [140.4061809768681, 34.36192413652782], [140.3970368658369, 34.377666410558156], [140.388228728061, 34.393537331491075], [140.3797592465845, 34.40953206489031], [140.37163100129354, 34.42564573860513], [140.3638464681303, 34.44187344425442], [140.35640801833907, 34.45821023872184], [140.34931791774366, 34.47465114566154], [140.34257832605743, 34.49119115701399], [140.33619129622525, 34.50782523453152], [140.33015877379833, 34.52454831131297], [140.32448259634143, 34.54135529334715], [140.31916449287314, 34.558241061064535], [140.31420608333934, 34.57520047089668], [140.3096088781196, 34.59222835684308], [140.30537427756718, 34.60931953204471], [140.3015035715824, 34.62646879036404], [140.2979979392198, 34.643670907970865], [140.294858448329, 34.66092064493351], [140.2920860552293, 34.67821274681501], [140.2896816044185, 34.6955419462736], [140.2876458283156, 34.712902964667265], [140.28597934703774, 34.73029051366162], [140.28468266821125, 34.74769929684081], [140.28375618681707, 34.76512401132082], [140.2832001850704, 34.782559349364846], [140.28301483233477, 34.8], [140.68867655488984, 34.8], [140.68880012338028, 34.811627100423436], [140.68917079121138, 34.823250659119445], [140.68978844547416, 34.83486713543946], [140.69065289802515, 34.846472990892245], [140.69176388554374, 34.858064690221816], [140.69312106961232, 34.869638702484266], [140.69472403681954, 34.88119150212333], [140.696572298886, 34.89271957004432], [140.69866529281322, 34.90421939468609], [140.70100238105493, 34.915687473090635], [140.70358285171145, 34.92712031197019], [140.7064059187464, 34.93851442877128], [140.70947072222623, 34.94986635273554], [140.7127763285821, 34.961172625956976], [140.71632173089426, 34.97242980443522], [140.7201058491989, 34.98363445912468], [140.72412753081684, 34.99478317697898], [140.72838555070496, 35.005872561990664], [140.7328786118291, 35.01689923622563], [140.7376053455594, 35.0278598408521], [140.74256431208687, 35.03875103716371], [140.74775400086236, 35.04956950759657], [140.75317283105633, 35.06031195673979], [140.75881915204067, 35.07097511233928], [140.76469124389126, 35.08155572629456], [140.77078731791207, 35.092050575648116], [140.77710551717988, 35.10245646356717], [140.78364391710997, 35.112770220317465], [140.79040052604242, 35.122988704228774], [140.7973732858487, 35.13310880265192], [140.8045600725586, 35.14312743290687], [140.81195869700724, 35.15304154322182], [140.81956690550203, 35.162848113662704], [140.82738238050888, 35.17254415705318], [140.83540274135842, 35.1821267198845], [140.84362554497105, 35.1915928832152], [140.85204828660113, 35.20093976356023], [140.86066840059993, 35.210164513769286], [140.86948326119727, 35.219264323894095], [140.8784901833012, 35.22823642204434], [140.887686423316, 35.23707807523201], [140.8970691799779, 35.2457865902039], [140.90663559520826, 35.25435931426198], [140.9163827549844, 35.26279363607146], [140.92630769022696, 35.271086986456204], [140.9364073777046, 35.27923683918136], [140.9466787409546, 35.28724071172282], [140.95711865122027, 35.295096166023484], [140.96772392840379, 35.302800809235876], [140.978491342035, 35.310352294451036], [140.98941761225538, 35.31774832141341], [141.00049941081718, 35.32498663722154], [141.01173336209723, 35.33206503701432], [141.02311604412512, 35.338981364642585], [141.03464398962566, 35.34573351332595], [141.04631368707496, 35.35231942629453], [141.05812158177014, 35.35873709741541], [141.07006407691208, 35.36498457180381], [141.08213753470108, 35.37105994641851], [141.09433827744493, 35.37696137064156], [141.1066625886792, 35.38268704684195], [141.1191067142993, 35.388235230923264], [141.13166686370403, 35.39360423285487], [141.1443392109502, 35.398792417186776], [141.15711989591807, 35.40379820354778], [141.1700050254872, 35.408620067126854], [141.1829906747223, 35.41325653913764], [141.1960728880688, 35.417706207265866], [141.20924768055784, 35.4219677160995], [141.22251103901993, 35.426039767541674], [141.23585892330766, 35.42992112120607], [141.24928726752614, 35.433610594794764], [141.26279198127162, 35.43710706445837], [141.2763689508775, 35.44040946513833], [141.2900140406673, 35.44351679089144], [141.3037230942145, 35.44642809519614], [141.31749193560856, 35.44914249124096], [141.33131637072705, 35.45165915219457], [141.3451921885131, 35.453977311457656], [141.35911516225818, 35.456096262896445], [141.3730810508896, 35.45801536105781], [141.38708560026242, 35.45973402136587], [141.40112454445523, 35.46125172030002], [141.41519360706963, 35.46256799555449], [141.42928850253284, 35.463682446179064], [141.4434049374032, 35.4645947327013], [141.45753861167785, 35.46530457722988], [141.47168522010273, 35.465811763539286], [141.48584045348383, 35.46611613713565], [141.5, 35.46621760530384], [141.5, 35.6327720066298]]]}}, {"type": "Feature", "id": "TC100132219WindRadii_64_2609211200", "properties": {"description": "Tropical Cyclone DUJUAN-26", "name": "Tropical Cyclone DUJUAN-26", "htmldescription": "Green Tropical Cylone DUJUAN-26 in Japan from: 15 Sep 2026 12:00:00 to:20 Sep 2026 00:00:00.", "link": "https://www.gdacs.org/report.aspx?eventtype=TC&eventid=1001322&episodeid=19", "featureIndex": "822", "iconeventlink": "https://www.gdacs.org/images/gdacs_icons/maps/Green/TC.png", "iconitemlink": "https://www.gdacs.org/images/gdacs_icons/maps/Green/TC.png", "alertlevel": "Green", "eventtype": "TC", "eventname": "DUJUAN-26", "polygonlabel": "21/09 12:00", "polygontype": "WindRadii_64_2609211200", "fromdate": "15 Sep 2026 12:00:00", "todate": "20 Sep 2026 00:00:00", "country": "Japan", "countrylist": "Japan", "iso3": "JPN", "severity": "129.6288", "latitude": "28.7", "longitude": "137.5", "imageoverview": "https://www.gdacs.org/contentdata/resources/imgtemp/gdacs/tc/1001322/clouds_1001322_19.png", "Class": "Poly_WindRadii_64_2609211200"}, "geometry": {"type": "Polygon", "coordinates": [[[141.5, 35.13310880265192], [141.50707977325808, 35.13305806856783], [141.51415738994865, 35.13290588176964], [141.5212306941611, 35.132652288614935], [141.52829753129842, 35.13229736635065], [141.5353557487336, 35.13184122308953], [141.5424031964652, 35.13128399777724], [141.54943772777239, 35.13062586015001], [141.5564571998688, 35.12986701068293], [141.5634594745552, 35.12900768052891], [141.57044241887093, 35.128048131448224], [141.57740390574347, 35.12698865572882], [141.58434181463647, 35.12582957609728], [141.5912540321957, 35.12457124562048], [141.59813845289275, 35.12321404759807], [141.60499297966635, 35.12175839544572], [141.61181552456125, 35.120204732569164], [141.6186040093642, 35.11855353222918], [141.62535636623693, 35.116805297397384], [141.63207053834617, 35.11496056060304], [141.63874448049003, 35.11301988377084], [141.64537615972108, 35.11098385804975], [141.65196355596558, 35.10885310363293], [141.65850466263885, 35.10662826956882], [141.6649974872564, 35.10431003356342], [141.67144005204096, 35.10189910177389], [141.6778303945249, 35.09939620859339], [141.684166568148, 35.09680211642743], [141.69044664285036, 35.09411761546163], [141.69666870566041, 35.091343523420974], [141.70283086127753, 35.088480685320775], [141.70893123264946, 35.085529973209255], [141.71496796154398, 35.08249228590191], [141.72093920911493, 35.079368548707706], [141.7268431564625, 35.07615971314726], [141.73267800518718, 35.072866756662975], [141.73844197793744, 35.069490682321295], [141.74413331895138, 35.06603251850716], [141.74975029459142, 35.06249331861077], [141.75529119387232, 35.0588741607067], [141.7607543289825, 35.05517614722552], [141.7661380357981, 35.05140040461794], [141.77144067438985, 35.04754808301174], [141.7766606295227, 35.04362035586141], [141.7817963111477, 35.039618419590674], [141.78684615488652, 35.035543493228104], [141.7918086225078, 35.03139681803573], [141.79668220239586, 35.027179657130986], [141.80146541001105, 35.02289329510195], [141.80615678834198, 35.01853903761601], [141.8107549083494, 35.01411821102217], [141.81525836940136, 35.009632161947046], [141.81966579970003, 35.00508225688464], [141.82397585669943, 35.00046988178011], [141.82818722751446, 34.9957964416076], [141.83229862932077, 34.99106335994225], [141.83630880974556, 34.98627207852659], [141.84021654724899, 34.98142405683135], [141.84402065149638, 34.97652077161091], [141.84771996372072, 34.97156371645344], [141.85131335707567, 34.96655440132596], [141.85479973697878, 34.961494352114386], [141.858178041445, 34.95638511015873], [141.86144724141008, 34.95122823178358], [141.86460634104398, 34.94602528782406], [141.86765437805437, 34.940777863147275], [141.87059042397968, 34.93548755616964], [141.87341358447182, 34.930155978369896], [141.87612299956882, 34.924784753798285], [141.87871784395657, 34.91937551858186], [141.88119732722032, 34.91392992042605], [141.88356069408545, 34.90844961811282], [141.88580722464752, 34.902936280995334], [141.8879362345916, 34.89739158848949], [141.88994707540056, 34.89181722956234], [141.89183913455287, 34.88621490221761], [141.89361183570895, 34.88058631297849], [141.89526463888689, 34.87493317636777], [141.8967970406268, 34.869257214385634], [141.89820857414426, 34.86356015598509], [141.89949880947253, 34.85784373654532], [141.9006673535934, 34.85210969734304], [141.901713850557, 34.84635978502216], [141.90263798159023, 34.84059575106166], [141.90343946519383, 34.83481935124213], [141.90411805722815, 34.82903234511091], [141.9046735509874, 34.823236495446125], [141.90510577726292, 34.817433567719725], [141.9054146043943, 34.811625329559725], [141.90559993830988, 34.80581355021172], [141.90566172255507, 34.8], [142.10849258383263, 34.8], [142.10839990746481, 34.79127967468242], [142.10812190659146, 34.78256200566041], [142.10765866589438, 34.7738496484204], [142.10701032648115, 34.765145256830806], [142.1061770858422, 34.75645148233363], [142.10515919779075, 34.747770973136795], [142.10395697238536, 34.7391063734075], [142.1025707758355, 34.730460322466755], [142.10100103039008, 34.72183545398543], [142.09924821420879, 34.71323439518202], [142.0973128612164, 34.70465976602235], [142.0951955609402, 34.69611417842154], [142.09289695833033, 34.687600235448336], [142.09041775356343, 34.679120530532266], [142.0877587018293, 34.670677646673575], [142.08492061310082, 34.66227415565648], [142.08190435188737, 34.65391261726576], [142.07871083697128, 34.645595578507], [142.07534104112815, 34.63732557283077], [142.07179599083045, 34.62910511936092], [142.06807676593485, 34.62093672212721], [142.06418449935325, 34.61282286930256], [142.06012037670774, 34.604766032445156], [142.0558856359695, 34.596768665745536], [142.05148156708157, 34.58883320527908], [142.04690951156596, 34.58096206826391], [142.0421708621151, 34.57315765232462], [142.03726706216753, 34.5654223347619], [142.03219960546818, 34.557758471828414], [142.0269700356135, 34.55016839801106], [142.02157994558107, 34.54265442531984], [142.01603097724455, 34.53521884258363], [142.01032482087348, 34.52786391475297], [142.00446321461834, 34.52059188221011], [141.99844794398118, 34.51340496008662], [141.9922808412717, 34.50630533758859], [141.98596378504917, 34.49929517732982], [141.97949869955005, 34.49237661467303], [141.97288755410204, 34.48555175707942], [141.9661323625241, 34.47882268346674], [141.959235182513, 34.47219144357598], [141.95219811501659, 34.465660057347066], [141.9450233035938, 34.459230514303506], [141.9377129337617, 34.452904772946404], [141.93026923232978, 34.446684760157844], [141.92269446672157, 34.44057237061398], [141.91499094428403, 34.43456946620788], [141.90716101158478, 34.42867787548238], [141.89920705369715, 34.42289939307309], [141.89113149347375, 34.417235779161715], [141.88293679080846, 34.41168875893994], [141.8746254418871, 34.40626002208384], [141.8661999784271, 34.40095122223926], [141.85766296690616, 34.395763976518055], [141.84901700778076, 34.39069986500553], [141.8402647346938, 34.3857604302791], [141.8314088136724, 34.380947176938434], [141.82245194231595, 34.37626157114713], [141.8133968489742, 34.37170504018611], [141.80424629191631, 34.36727897201882], [141.7950030584906, 34.36298471486853], [141.7856699642755, 34.35882357680755], [141.77624985222198, 34.35479682535884], [141.76674559178736, 34.350905687109915], [141.75716007806145, 34.347151347339164], [141.7474962308846, 34.34353494965486], [141.73775699395827, 34.34005759564676], [141.72794533394838, 34.33672034455059], [141.71806423958162, 34.33352421292537], [141.70811672073503, 34.33047017434374], [141.69810580751925, 34.32755915909544], [141.6880345493554, 34.32479205390392], [141.6779060140463, 34.32216970165622], [141.6677232868419, 34.31969290114625], [141.65748946949952, 34.31736240683142], [141.64720767933912, 34.31517892860289], [141.63688104829356, 34.31314313156927], [141.6265127219547, 34.31125563585407], [141.61610585861519, 34.30951701640676], [141.6056636283064, 34.30792780282766], [141.5951892118328, 34.306488479206635], [141.5846857998032, 34.3051994839756], [141.57415659165858, 34.30406120977498], [141.5636047946978, 34.30307400333413], [141.55303362310036, 34.3022381653657], [141.54244629694762, 34.30155395047402], [141.5318460412416, 34.30102156707758], [141.52123608492298, 34.30064117734553], [141.5106196598871, 34.300412897148256], [141.5, 34.300336796022115], [141.5, 34.466891197348076], [141.49292022674192, 34.46694193143217], [141.48584261005135, 34.46709411823036], [141.4787693058389, 34.46734771138506], [141.47170246870158, 34.467702633649346], [141.4646442512664, 34.468158776910464], [141.4575968035348, 34.468716002222756], [141.45056227222761, 34.46937413984998], [141.4435428001312, 34.470132989317065], [141.4365405254448, 34.47099231947109], [141.42955758112907, 34.47195186855177], [141.42259609425653, 34.47301134427117], [141.41565818536353, 34.47417042390271], [141.4087459678043, 34.475428754379514], [141.40186154710725, 34.476785952401926], [141.39500702033365, 34.47824160455428], [141.38818447543875, 34.47979526743083], [141.3813959906358, 34.481446467770816], [141.37464363376307, 34.48319470260261], [141.36792946165383, 34.48503943939696], [141.36125551950997, 34.486980116229155], [141.35462384027892, 34.489016141950245], [141.34803644403442, 34.49114689636706], [141.34149533736115, 34.49337173043117], [141.3350025127436, 34.49568996643657], [141.32855994795904, 34.498100898226106], [141.3221696054751, 34.500603791406604], [141.315833431852, 34.50319788357256], [141.30955335714964, 34.50588238453837], [141.30333129433959, 34.50865647657902], [141.29716913872247, 34.51151931467922], [141.29106876735054, 34.51447002679074], [141.28503203845602, 34.51750771409809], [141.27906079088507, 34.52063145129229], [141.2731568435375, 34.52384028685273], [141.26732199481282, 34.52713324333702], [141.26155802206256, 34.5305093176787], [141.25586668104862, 34.53396748149284], [141.25024970540858, 34.537506681389225], [141.24470880612768, 34.541125839293294], [141.2392456710175, 34.54482385277448], [141.2338619642019, 34.54859959538206], [141.22855932561015, 34.552451916988254], [141.2233393704773, 34.55637964413859], [141.2182036888523, 34.56038158040932], [141.21315384511348, 34.56445650677189], [141.2081913774922, 34.568603181964264], [141.20331779760414, 34.57282034286901], [141.19853458998895, 34.57710670489804], [141.19384321165802, 34.581460962383986], [141.1892450916506, 34.58588178897782], [141.18474163059864, 34.59036783805295], [141.18033420029997, 34.59491774311535], [141.17602414330057, 34.59953011821988], [141.17181277248554, 34.60420355839239], [141.16770137067923, 34.60893664005774], [141.16369119025444, 34.613727921473405], [141.15978345275101, 34.61857594316864], [141.15597934850362, 34.62347922838909], [141.15228003627928, 34.628436283546556], [141.14868664292433, 34.63344559867404], [141.14520026302122, 34.63850564788561], [141.141821958555, 34.64361488984127], [141.13855275858992, 34.64877176821641], [141.13539365895602, 34.65397471217594], [141.13234562194563, 34.65922213685272], [141.12940957602032, 34.664512443830354], [141.12658641552818, 34.6698440216301], [141.12387700043118, 34.67521524620171], [141.12128215604343, 34.680624481418135], [141.11880267277968, 34.686070079573945], [141.11643930591455, 34.691550381887176], [141.11419277535248, 34.69706371900466], [141.1120637654084, 34.702608411510504], [141.11005292459944, 34.70818277043765], [141.10816086544713, 34.713785097782385], [141.10638816429105, 34.71941368702151], [141.10473536111311, 34.725066823632226], [141.1032029593732, 34.73074278561436], [141.10179142585574, 34.7364398440149], [141.10050119052747, 34.742156263454675], [141.0993326464066, 34.747890302656955], [141.098286149443, 34.753640214977835], [141.09736201840977, 34.75940424893833], [141.09656053480617, 34.76518064875786], [141.09588194277185, 34.770967654889084], [141.0953264490126, 34.77676350455387], [141.09489422273708, 34.78256643228027], [141.0945853956057, 34.78837467044027], [141.09440006169012, 34.79418644978828], [141.09433827744493, 34.8], [141.5, 34.8], [141.5, 34.8], [141.5, 34.8], [141.5, 34.8], [141.5, 34.8], [141.5, 34.8], [141.5, 34.8], [141.5, 34.8], [141.5, 34.8], [141.5, 34.8], [141.5, 34.8], [141.5, 34.8], [141.5, 34.8], [141.5, 34.8], [141.5, 34.8], [141.5, 34.8], [141.5, 34.8], [141.5, 34.8], [141.5, 34.8], [141.5, 34.8], [141.5, 34.8], [141.5, 34.8], [141.5, 34.8], [141.5, 34.8], [141.5, 34.8], [141.5, 34.8], [141.5, 34.8], [141.5, 34.8], [141.5, 34.8], [141.5, 34.8], [141.5, 34.8], [141.5, 34.8], [141.5, 34.8], [141.5, 34.8], [141.5, 34.8], [141.5, 34.8], [141.5, 34.8], [141.5, 34.8], [141.5, 34.8], [141.5, 34.8], [141.5, 34.8], [141.5, 34.8], [141.5, 34.8], [141.5, 34.8], [141.5, 34.8], [141.5, 34.8], [141.5, 34.8], [141.5, 34.8], [141.5, 34.8], [141.5, 34.8], [141.5, 34.8], [141.5, 34.8], [141.5, 34.8], [141.5, 34.8], [141.5, 34.8], [141.5, 34.8], [141.5, 34.8], [141.5, 34.8], [141.5, 34.8], [141.5, 34.8], [141.5, 34.8], [141.5, 34.8], [141.5, 34.8], [141.5, 34.8], [141.5, 34.8], [141.5, 34.8], [141.5, 34.8], [141.5, 34.8], [141.5, 34.8], [141.5, 34.8], [141.5, 34.8], [141.5, 34.8], [141.5, 34.8], [141.5, 34.8], [141.5, 34.8], [141.5, 34.8], [141.5, 34.8], [141.5, 34.8], [141.5, 34.8], [141.5, 34.8], [141.5, 34.8], [141.5, 34.8], [141.5, 34.8], [141.5, 34.8], [141.5, 34.8], [141.5, 34.8], [141.5, 34.8], [141.5, 34.8], [141.5, 34.8], [141.5, 34.8], [141.5, 34.8], [141.5, 35.13310880265192]]]}}, {"type": "Feature", "id": "TC100132219Polygon_Point_21", "properties": {"description": "Tropical Cyclone DUJUAN-26", "name": "Tropical Cyclone DUJUAN-26", "htmldescription": "Green Tropical Cylone DUJUAN-26 in Japan from: 15 Sep 2026 12:00:00 to:20 Sep 2026 00:00:00.", "link": "https://www.gdacs.org/report.aspx?eventtype=TC&eventid=1001322&episodeid=19", "featureIndex": "823", "iconeventlink": "https://www.gdacs.org/images/gdacs_icons/maps/Green/TC.png", "iconitemlink": "https://www.gdacs.org/images/gdacs_icons/maps/Green/TC.png", "alertlevel": "Green", "eventtype": "TC", "eventname": "DUJUAN-26", "polygonlabel": "21/09 12:00 UTC", "polygontype": "Polygon_Point_21", "fromdate": "15 Sep 2026 12:00:00", "todate": "20 Sep 2026 00:00:00", "country": "Japan", "countrylist": "Japan", "iso3": "JPN", "severity": "129.6288", "latitude": "28.7", "longitude": "137.5", "imageoverview": "https://www.gdacs.org/contentdata/resources/imgtemp/gdacs/tc/1001322/clouds_1001322_19.png", "Class": "Poly_Polygon_Point_21"}, "geometry": {"type": "Polygon", "coordinates": [[[141.5, 34.769999999999996], [141.50147203022982, 34.77003613631384], [141.50294051420988, 34.77014445819983], [141.50440191423365, 34.77032470470105], [141.50585270966047, 34.7705764415879], [141.5072894053971, 34.77089906240416], [141.50870854031763, 34.77129178992803], [141.51010669560176, 34.771753678044504], [141.51148050297095, 34.77228361402466], [141.51282665280291, 34.772880321206294], [141.51414190210477, 34.77354236206955], [141.5154230823258, 34.77426814169999], [141.51666710699058, 34.77505591163092], [141.51787097913478, 34.77590377405558], [141.5190317985249, 34.77680968639911], [141.52014676864542, 34.77777146623935], [141.5212132034356, 34.7787867965644], [141.52222853376065, 34.779853231354586], [141.52319031360088, 34.78096820147509], [141.52409622594442, 34.78212902086522], [141.52494408836907, 34.78333289300941], [141.52573185830002, 34.7845769176742], [141.52645763793046, 34.785858097895215], [141.5271196787937, 34.78717334719709], [141.52771638597534, 34.78851949702904], [141.5282463219555, 34.78989330439823], [141.52870821007195, 34.79129145968236], [141.52910093759584, 34.7927105946029], [141.5294235584121, 34.79414729033952], [141.52967529529894, 34.795598085766336], [141.52985554180017, 34.79705948579011], [141.52996386368616, 34.79852796977018], [141.53, 34.8], [141.52996386368616, 34.80147203022982], [141.52985554180017, 34.80294051420989], [141.52967529529894, 34.80440191423366], [141.5294235584121, 34.80585270966048], [141.52910093759584, 34.80728940539709], [141.52870821007195, 34.80870854031763], [141.5282463219555, 34.81010669560177], [141.52771638597534, 34.81148050297095], [141.5271196787937, 34.812826652802904], [141.52645763793046, 34.81414190210478], [141.52573185830002, 34.81542308232579], [141.52494408836907, 34.816667106990586], [141.52409622594442, 34.817870979134774], [141.52319031360088, 34.819031798524904], [141.52222853376065, 34.82014676864541], [141.5212132034356, 34.8212132034356], [141.52014676864542, 34.822228533760644], [141.5190317985249, 34.82319031360088], [141.51787097913478, 34.824096225944416], [141.51666710699058, 34.82494408836907], [141.5154230823258, 34.8257318583], [141.51414190210477, 34.826457637930446], [141.51282665280291, 34.8271196787937], [141.51148050297095, 34.827716385975336], [141.51010669560176, 34.82824632195549], [141.50870854031763, 34.828708210071966], [141.5072894053971, 34.82910093759583], [141.50585270966047, 34.829423558412095], [141.50440191423365, 34.82967529529894], [141.50294051420988, 34.829855541800164], [141.50147203022982, 34.82996386368615], [141.5, 34.83], [141.49852796977018, 34.82996386368615], [141.49705948579012, 34.829855541800164], [141.49559808576635, 34.82967529529894], [141.49414729033953, 34.829423558412095], [141.4927105946029, 34.82910093759583], [141.49129145968237, 34.828708210071966], [141.48989330439824, 34.82824632195549], [141.48851949702905, 34.827716385975336], [141.48717334719709, 34.8271196787937], [141.48585809789523, 34.826457637930446], [141.4845769176742, 34.8257318583], [141.48333289300942, 34.82494408836907], [141.48212902086522, 34.824096225944416], [141.4809682014751, 34.82319031360088], [141.47985323135458, 34.822228533760644], [141.4787867965644, 34.8212132034356], [141.47777146623935, 34.82014676864541], [141.47680968639912, 34.819031798524904], [141.47590377405558, 34.817870979134774], [141.47505591163093, 34.816667106990586], [141.47426814169998, 34.81542308232579], [141.47354236206954, 34.81414190210478], [141.4728803212063, 34.812826652802904], [141.47228361402466, 34.81148050297095], [141.4717536780445, 34.81010669560177], [141.47129178992805, 34.80870854031763], [141.47089906240416, 34.80728940539709], [141.4705764415879, 34.80585270966048], [141.47032470470106, 34.80440191423366], [141.47014445819983, 34.80294051420989], [141.47003613631384, 34.80147203022982], [141.47, 34.8], [141.47003613631384, 34.79852796977018], [141.47014445819983, 34.79705948579011], [141.47032470470106, 34.795598085766336], [141.4705764415879, 34.79414729033952], [141.47089906240416, 34.7927105946029], [141.47129178992805, 34.79129145968236], [141.4717536780445, 34.78989330439823], [141.47228361402466, 34.78851949702904], [141.4728803212063, 34.78717334719709], [141.47354236206954, 34.785858097895215], [141.47426814169998, 34.7845769176742], [141.47505591163093, 34.78333289300941], [141.47590377405558, 34.78212902086522], [141.47680968639912, 34.78096820147509], [141.47777146623935, 34.779853231354586], [141.4787867965644, 34.7787867965644], [141.47985323135458, 34.77777146623935], [141.4809682014751, 34.77680968639911], [141.48212902086522, 34.77590377405558], [141.48333289300942, 34.77505591163092], [141.4845769176742, 34.77426814169999], [141.48585809789523, 34.77354236206955], [141.48717334719709, 34.772880321206294], [141.48851949702905, 34.77228361402466], [141.48989330439824, 34.771753678044504], [141.49129145968237, 34.77129178992803], [141.4927105946029, 34.77089906240416], [141.49414729033953, 34.7705764415879], [141.49559808576635, 34.77032470470105], [141.49705948579012, 34.77014445819983], [141.49852796977018, 34.77003613631384], [141.5, 34.769999999999996]]]}}, {"type": "Feature", "id": "TC100132219WindRadii_34_2609220000", "properties": {"description": "Tropical Cyclone DUJUAN-26", "name": "Tropical Cyclone DUJUAN-26", "htmldescription": "Green Tropical Cylone DUJUAN-26 in Japan from: 15 Sep 2026 12:00:00 to:20 Sep 2026 00:00:00.", "link": "https://www.gdacs.org/report.aspx?eventtype=TC&eventid=1001322&episodeid=19", "featureIndex": "824", "iconeventlink": "https://www.gdacs.org/images/gdacs_icons/maps/Green/TC.png", "iconitemlink": "https://www.gdacs.org/images/gdacs_icons/maps/Green/TC.png", "alertlevel": "Green", "eventtype": "TC", "eventname": "DUJUAN-26", "polygonlabel": "22/09 00:00", "polygontype": "WindRadii_34_2609220000", "fromdate": "15 Sep 2026 12:00:00", "todate": "20 Sep 2026 00:00:00", "country": "Japan", "countrylist": "Japan", "iso3": "JPN", "severity": "129.6288", "latitude": "28.7", "longitude": "137.5", "imageoverview": "https://www.gdacs.org/contentdata/resources/imgtemp/gdacs/tc/1001322/clouds_1001322_19.png", "Class": "Poly_WindRadii_34_2609220000"}, "geometry": {"type": "Polygon", "coordinates": [[[146.5, 39.49865281591152], [146.543966918016, 39.498348411406965], [146.58792044328285, 39.49743529061786], [146.631847187131, 39.49591373168964], [146.6757337690487, 39.4937841981039], [146.719566820758, 39.49104733853719], [146.76333299028667, 39.48770398666346], [146.80701894603553, 39.483755160900074], [146.8506113808393, 39.479202064097606], [146.89409701602, 39.47404608317345], [146.9374626054319, 39.46828878868935], [146.98069493949643, 39.46193193437297], [147.02378084922577, 39.45497745658372], [147.06670721023445, 39.447427473722904], [147.1094609467371, 39.439284285588435], [147.15202903553137, 39.43055037267431], [147.19439850996508, 39.42122839541501], [147.23655646388588, 39.4113211933751], [147.27849005557258, 39.40083178438431], [147.32018651164694, 39.38976336361822], [147.36163313096455, 39.37811930262503], [147.40281728848362, 39.365903148298514], [147.44372643911083, 39.353118621797606], [147.48434812152263, 39.33976961741294], [147.524669961961, 39.325860201380564], [147.56467967800276, 39.31139461064334], [147.6043650823008, 39.296377251560344], [147.64371408629657, 39.28081269856462], [147.68271470390223, 39.264705692769795], [147.7213550551519, 39.24806114052586], [147.7596233698202, 39.23088411192468], [147.79750799100782, 39.21317983925555], [147.83499737869215, 39.194953715411444], [147.8720801132425, 39.176211292246236], [147.90874489889873, 39.156958278883586], [147.94498056721193, 39.137200539977876], [147.98077608044653, 39.11694409392776], [148.01612053494242, 39.09619511104296], [148.05100316443637, 39.074959911664635], [148.08541334334154, 39.05324496424024], [148.11934058998406, 39.031056883353116], [148.15277456979598, 39.008402427707644], [148.18570509846316, 38.98528849807047], [148.21812214502756, 38.96172213516847], [148.25001583494276, 38.937710517544076], [148.28137645308183, 38.91326095936863], [148.31219444669674, 38.88838090821439], [148.34246042832805, 38.86307794278595], [148.37216517866457, 38.83735977061171], [148.40129964935159, 38.811234225696055], [148.42985496574713, 38.784709266133035], [148.4578224296252, 38.7577929716823], [148.48519352182532, 38.730493541307865], [148.51195990484769, 38.7028192906807], [148.53811342539277, 38.67477864964562], [148.5636461168448, 38.64638015965351], [148.5885502016987, 38.617632471159546], [148.61281809392887, 38.588544340988115], [148.63644240130034, 38.559124629665455], [148.65941592762016, 38.52938229872063], [148.68173167492972, 38.49932640795576], [148.70338284563618, 38.46896611268634], [148.7243628445832, 38.4383106609524], [148.74466528105987, 38.407369390701525], [148.76428397074739, 38.37615172694435], [148.7832129376028, 38.34466717888368], [148.80144641567944, 38.312925337017845], [148.81897885088324, 38.28093587021937], [148.8358049026646, 38.248708522789734], [148.85191944564517, 38.216253111491156], [148.86731757117906, 38.18357952255631], [148.88199458884802, 38.150697708676915], [148.89594602789032, 38.117617685972], [148.90916763856248, 38.08434953093695], [148.9216553934338, 38.05090337737405], [148.9334054886132, 38.01728941330568], [148.9444143449078, 37.98351787787093], [148.9546786089134, 37.94959905820663], [148.96419515403574, 37.91554328631384], [148.97296108144292, 37.88136093591058], [148.9809737209486, 37.847062419271914], [148.98823063182513, 37.81265818405827], [148.9947296035472, 37.77815871013297], [149.00046865646505, 37.74357450636999], [149.00544604240753, 37.7089161074528], [149.0096602452147, 37.674194070665465], [149.01310998119953, 37.63941897267676], [149.01579419953907, 37.60460140631838], [149.0177120825944, 37.56975197735835], [149.0188630461597, 37.53488130127031], [149.0192467396404, 37.5], [150.2788701094606, 37.5], [150.27829456923956, 37.44767804809454], [150.2765681238916, 37.39537203396248], [150.2736912993086, 37.34309789052243], [150.2696649717993, 37.29087154098487], [150.26449036782205, 37.238708894001796], [150.2581690636113, 37.1866258388208], [150.25070298469754, 37.13463824044502], [150.2420944053208, 37.08276193480054], [150.2323459477377, 37.031012723912596], [150.2214605814229, 36.979406371092125], [150.20944162216438, 36.92795859613413], [150.1962927310536, 36.87668507052924], [150.18201791337012, 36.825601412690055], [150.16662151736173, 36.77472318319361], [150.1501082329198, 36.72406588004147], [150.13248309015074, 36.673644933938924], [150.11375145784373, 36.62347570359458], [150.0939190418355, 36.573573471041996], [150.07299188327204, 36.523953436984634], [150.0509763567686, 36.474630716165535], [150.02787916846776, 36.42562033276327], [150.0037073539969, 36.376937215815396], [149.97846827632486, 36.32859619467094], [149.95216962351915, 36.280611994473226], [149.9248194064042, 36.23299923167448], [149.89642595612108, 36.18577240958347], [149.8669979215898, 36.138945913947715], [149.8365442668748, 36.0925340085714], [149.80507426845426, 36.046550830970496], [149.77259751239458, 36.00101038806636], [149.73912389143024, 35.955926551919056], [149.7046636019505, 35.911313055501815], [149.66922714089333, 35.867183488517824], [149.63282530254804, 35.82355129326068], [149.59546917526723, 35.78042976051973], [149.55717013808916, 35.737832025531574], [149.51793985727156, 35.69577106397895], [149.47779028273797, 35.654259688038195], [149.43673364443777, 35.613310542476555], [149.3947824486207, 35.57293610080044], [149.3519494740274, 35.53314866145592], [149.30824776799685, 35.493960344082424], [149.26369064249207, 35.45538308582107], [149.2182916700451, 35.41742863767843], [149.17206467962276, 35.380108560947065], [149.1250237524141, 35.343434223683886], [149.07718321754132, 35.3074167972473], [149.02855764769475, 35.272067252894296], [148.97916185469398, 35.23739635843853], [148.9290108849761, 35.203414674970325], [148.87812001501229, 35.17013255363964], [148.82650474665456, 35.13756013250305], [148.7741808024136, 35.10570733343557], [148.72116412066978, 35.07458385910835], [148.6674708508179, 35.04419919003319], [148.6131173483481, 35.01456258167462], [148.55812016986377, 34.985683061630645], [148.50249606803823, 34.957569426882834], [148.44626198651173, 34.93023024111667], [148.3894350547303, 34.90367383211298], [148.33203258272783, 34.877908289211206], [148.27407205585337, 34.85294146084531], [148.21557112944487, 34.828780952153075], [148.15654762345122, 34.80543412265949], [148.09701951700413, 34.78290808403499], [148.03700494294148, 34.761209697929154], [147.97652218228393, 34.74034557388059], [147.91558965866625, 34.720322067303584], [147.85422593272543, 34.701145277552236], [147.7924496964468, 34.68282104606245], [147.7302797674704, 34.66535495457266], [147.66773508335885, 34.64875232342354], [147.6048346958288, 34.63301820993735], [147.54159776494762, 34.61815740687749], [147.47804355329706, 34.60417444098854], [147.41419142010562, 34.59107357161735], [147.35006081535167, 34.57885878941565], [147.28567127383866, 34.56753381512442], [147.22104240924463, 34.557102098440545], [147.15619390814786, 34.547566816965976], [147.09114552403, 34.53893087523983], [147.02591707125893, 34.5311969038536], [146.9605284190533, 34.52436725864989], [146.89499948543, 34.51844402000481], [146.82935023113697, 34.51342899219421], [146.76360065357304, 34.50932370284415], [146.6977707806965, 34.50612940246554], [146.6318806649243, 34.50384706407321], [146.565950377024, 34.50247738288955], [146.5, 34.50202077613272], [146.5, 34.168911973480796], [146.42672180330666, 34.16941931432172], [146.3534659278619, 34.170941182303565], [146.280254688115, 34.173477113850595], [146.20711038491885, 34.1770263364935], [146.1340552987367, 34.181587769104674], [146.06111168285557, 34.18716002222756], [145.98830175660743, 34.19374139849988], [145.9156476986012, 34.20132989317066], [145.84317163996667, 34.20992319471092], [145.77089565761347, 34.219518685517755], [145.69884176750597, 34.23011344271172], [145.62703191795705, 34.241704239027136], [145.55548798294257, 34.254287543795165], [145.48423175543817, 34.26785952401927], [145.41328494078104, 34.28241604554282], [145.3426691500582, 34.29795267430833], [145.27240589352357, 34.314464677708166], [145.20251657404572, 34.33194702602615], [145.13302248058844, 34.35039439396962], [145.06394478172578, 34.36980116229161], [144.99530451919398, 34.39016141950248], [144.92712260148193, 34.41146896367066], [144.8594197974623, 34.43371730431176], [144.792216730065, 34.45689966436573], [144.72553386999542, 34.4810089822611], [144.65939152949866, 34.5060379140661], [144.59380985617238, 34.53197883572564], [144.5288088268296, 34.55882384538368], [144.4644082414135, 34.58656476579023], [144.4006277169663, 34.6151931467922], [144.33748668165362, 34.64470026790741], [144.27500436884642, 34.675077140980925], [144.21319981126248, 34.70631451292294], [144.1520918351688, 34.73840286852736], [144.09169905464677, 34.77133243337021], [144.03203986592246, 34.80509317678706], [143.97313244176266, 34.83967481492841], [143.91499472593938, 34.875066813892275], [143.85764442776411, 34.91125839293293], [143.80109901669323, 34.948238527744806], [143.74537571700668, 34.98599595382059], [143.6904915025614, 35.02451916988255], [143.63646309162075, 35.06379644138588], [143.5833069417621, 35.10381580409321], [143.53103924486362, 35.14456506771896], [143.4796759221721, 35.18603181964269], [143.42923261945327, 35.22820342869008], [143.37972470222573, 35.27106704898047], [143.33116725108067, 35.31460962383991], [143.28357505708811, 35.35881788977827], [143.23696261729137, 35.403678380529506], [143.19134413029113, 35.44917743115355], [143.14673349192051, 35.49530118219884], [143.10314429101206, 35.542035583923976], [143.06058980525864, 35.589366400577475], [143.01908299716885, 35.637279214734086], [142.97863651011855, 35.68575943168647], [142.93926266449944, 35.734792283890904], [142.9009734539664, 35.784362835465615], [142.8637805417838, 35.834455986740394], [142.82769525727304, 35.88505647885611], [142.79272859236133, 35.93614889841266], [142.75889119823353, 35.987717682164124], [142.7261933820877, 36.03974712175941], [142.69464510399536, 36.0922213685272], [142.66425597386763, 36.14512443830359], [142.63503524852794, 36.198440216301044], [142.60699182889232, 36.25215246201711], [142.58013425725804, 36.30624481418141], [142.55447071470158, 36.36070079573948], [142.53000901858664, 36.41550381887181], [142.50675662018278, 36.47063719004666], [142.48472060239584, 36.526084115105085], [142.4639076776103, 36.58182770437658], [142.44432418564466, 36.63785097782386], [142.4259760918203, 36.69413687021512], [142.4088689851443, 36.750668236322284], [142.39300807660712, 36.8074278561436], [142.37839819759512, 36.86439844014903], [142.365043798419, 36.92156263454681], [142.3529489469581, 36.97890302656955], [142.34211732742133, 37.03640214977838], [142.33255223922495, 37.094042489383355], [142.32425659598746, 37.15180648757867], [142.31723292464218, 37.20967654889089], [142.31148336466742, 37.26763504553874], [142.30700966743487, 37.325664322802695], [142.303813195676, 37.38374670440275], [142.30189492306715, 37.44186449788282], [142.30125543393265, 37.5], [143.77081603205622, 37.5], [143.77123169999365, 37.53778807637617], [143.77247857718942, 37.57556464213821], [143.77455628383265, 37.61331819017825], [143.77746418703384, 37.651037220399814], [143.78120140101743, 37.688710243220925], [143.78576678739185, 37.72632578307387], [143.7911589554962, 37.76387238190082], [143.79737626282386, 37.80133860264405], [143.80441681552276, 37.83871303272979], [143.81227846897235, 37.875984287544576], [143.82095882843683, 37.91314101390313], [143.83045524979462, 37.950171893506656], [143.8407648403438, 37.98706564639052], [143.8518844596832, 38.02381103436017], [143.86381072066902, 38.06039686441449], [143.8765399904467, 38.096811992155224], [143.8900683915573, 38.1330453251817], [143.9043918031188, 38.16908582646967], [143.9195058620813, 38.20492251773332], [143.93540596455603, 38.24054448276934], [143.95208726721773, 38.27594087078208], [143.96954468878002, 38.31110089968888], [143.98777291154317, 38.34601385940432], [144.00676638301397, 38.38066911510267], [144.02651931759698, 38.41505611045732], [144.047025698357, 38.44916437085638], [144.0682792788518, 38.482983506593314], [144.09027358503488, 38.51650321603177], [144.11300191722748, 38.54971328874353], [144.13645735215948, 38.58260360861874], [144.16063274507815, 38.61516415694735], [144.18552073192464, 38.64738501547091], [144.21111373157706, 38.679256369403795], [144.23740394815977, 38.710768510422845], [144.26438337341813, 38.74191183962464], [144.29204378915784, 38.772676870449416], [144.32037676974832, 38.803054231570755], [144.34937368468925, 38.83303466975019], [144.37902570123939, 38.86260905265582], [144.40932378710727, 38.891768371644126], [144.44025871320244, 38.92050374450406], [144.47182105644671, 38.94880641816269], [144.50400120264462, 38.976667771351444], [144.53678934941186, 39.00407931723225], [144.57017550916134, 39.031032705982675], [144.60414951214537, 39.05751972733942], [144.63870100955347, 39.08353231309918], [144.6738194766649, 39.10906253957634], [144.70949421605434, 39.13410263001661], [144.7457143608506, 39.15864495696588], [144.78246887804667, 39.18268204459359], [144.8197465718606, 39.20620657097002], [144.85753608714572, 39.22921137029653], [144.8958259128496, 39.25168943508841], [144.9346043855204, 39.273633918309365], [144.97385969285972, 39.29503813545722], [145.0135798773206, 39.31589556660009], [145.05375283975016, 39.3361998583624], [145.09436634307485, 39.355944825860185], [145.13540801602812, 39.37512445458507], [145.1768653569188, 39.39373290223635], [145.21872573743923, 39.41176450050061], [145.26097640651204, 39.42921375677834], [145.30360449417412, 39.44607535585703], [145.34659701549703, 39.46234416153028], [145.38994087454225, 39.47801521816228], [145.43362286835048, 39.49308375219735], [145.47762969096325, 39.507545173614076], [145.52194793747609, 39.52139507732339], [145.56656410812175, 39.534629244510455], [145.6114646123825, 39.54724364391974], [145.65663577312972, 39.559234433083006], [145.7020638307903, 39.570597959489696], [145.74773494753782, 39.58133076169959], [145.79363521150768, 39.59142957039717], [145.8397506410348, 39.60089130938747], [145.88606718891268, 39.60971309653314], [145.9325707466721, 39.617892244632365], [145.97924714887887, 39.62542626223738], [146.02608217744876, 39.632312854413456], [146.07306156597835, 39.63854992343791], [146.12017100409076, 39.64413556943907], [146.16739614179482, 39.64906809097508], [146.21472259385612, 39.653345985552086], [146.26213594417885, 39.65696795008196], [146.30962175019724, 39.659932881279225], [146.35716554727475, 39.66223987599711], [146.40475285311024, 39.66388823150268], [146.45236917214933, 39.66487744569088], [146.5, 39.66520721723748], [146.5, 39.49865281591152]]]}}, {"type": "Feature", "id": "TC100132219WindRadii_50_2609220000", "properties": {"description": "Tropical Cyclone DUJUAN-26", "name": "Tropical Cyclone DUJUAN-26", "htmldescription": "Green Tropical Cylone DUJUAN-26 in Japan from: 15 Sep 2026 12:00:00 to:20 Sep 2026 00:00:00.", "link": "https://www.gdacs.org/report.aspx?eventtype=TC&eventid=1001322&episodeid=19", "featureIndex": "825", "iconeventlink": "https://www.gdacs.org/images/gdacs_icons/maps/Green/TC.png", "iconitemlink": "https://www.gdacs.org/images/gdacs_icons/maps/Green/TC.png", "alertlevel": "Green", "eventtype": "TC", "eventname": "DUJUAN-26", "polygonlabel": "22/09 00:00", "polygontype": "WindRadii_50_2609220000", "fromdate": "15 Sep 2026 12:00:00", "todate": "20 Sep 2026 00:00:00", "country": "Japan", "countrylist": "Japan", "iso3": "JPN", "severity": "129.6288", "latitude": "28.7", "longitude": "137.5", "imageoverview": "https://www.gdacs.org/contentdata/resources/imgtemp/gdacs/tc/1001322/clouds_1001322_19.png", "Class": "Poly_WindRadii_50_2609220000"}, "geometry": {"type": "Polygon", "coordinates": [[[146.5, 38.3327720066298], [146.51831954917333, 38.33264517141957], [146.53663351803453, 38.332264704424105], [146.55493632797126, 38.33163072153735], [146.5732224037703, 38.330743415876626], [146.59148617531582, 38.32960305772383], [146.60972207928612, 38.32820999444311], [146.62792456084813, 38.32656465037503], [146.6460880753497, 38.32466752670734], [146.66420709000832, 38.32251920132227], [146.68227608559664, 38.32012032862056], [146.7002895581235, 38.31747163932207], [146.71824202051073, 38.314573940243214], [146.73612800426434, 38.31142811405121], [146.75394206114046, 38.30803511899518], [146.77167876480473, 38.304395988614296], [146.78933271248545, 38.30051183142292], [146.8068985266191, 38.29638383057296], [146.82437085648857, 38.292013243493464], [146.84174437985288, 38.287401401507594], [146.85901380456855, 38.282549709427094], [146.8761738702015, 38.27745964512438], [146.8932193496295, 38.27213275908234], [146.9101450506344, 38.26657067392206], [146.92694581748376, 38.26077508390857], [146.94361653250115, 38.254747754434725], [146.96015211762534, 38.248490521483475], [146.9765475359569, 38.242005291068594], [146.9927977932926, 38.23529403865408], [147.00889793964663, 38.22835880855244], [147.0248430707584, 38.22120171330195], [147.04062832958658, 38.21382493302315], [147.0562489077884, 38.20623071475477], [147.07170004718438, 38.198421371769264], [147.0869770412078, 38.190399282868164], [147.1020752363383, 38.182166891657445], [147.1169900335194, 38.17372670580323], [147.13171688955933, 38.1650812962679], [147.14625131851514, 38.15623329652693], [147.16058889305896, 38.14718540176677], [147.1747252458267, 38.1379403680638], [147.18865607074832, 38.128501011544856], [147.20237712435966, 38.11887020752936], [147.21588422709482, 38.10905088965353], [147.22917326455948, 38.099046048976696], [147.2422401887841, 38.08885873307026], [147.25508101945698, 38.07849204508933], [147.26769184513668, 38.06794914282748], [147.28006882444356, 38.05723323775488], [147.29220818722985, 38.04634759404002], [147.30410623572797, 38.035295527555434], [147.31575934567715, 38.024080404867625], [147.32716396742723, 38.012705642211614], [147.33831662701988, 38.00117470445029], [147.34921392724698, 37.98949110401901], [147.35985254868535, 37.97765839985563], [147.37022925070778, 37.96568019631648], [147.38034087247036, 37.95356014207838], [147.39018433387514, 37.941301929027276], [147.3997566365084, 37.92890929113359], [147.40905486455404, 37.9163860033149], [147.41807618568174, 37.90373588028597], [147.42681785190968, 37.89096277539684], [147.43527720044162, 37.87807057945897], [147.44345165447808, 37.86506321956015], [147.45133872400118, 37.8519446578682], [147.4589360065331, 37.838718890424104], [147.466241187868, 37.82538994592474], [147.47325204277692, 37.81196188449572], [147.4799664356855, 37.79843879645465], [147.4863823213246, 37.78482480106513], [147.49249774535335, 37.77112404528205], [147.49831084495432, 37.757340702488335], [147.50381984940103, 37.74347897122373], [147.50902308059742, 37.72954307390585], [147.51391895358884, 37.715537255544035], [147.51850597704492, 37.70146578244622], [147.52278275371393, 37.68733294091943], [147.52674798084823, 37.6731430359641], [147.5304004506012, 37.65890038996274], [147.53373905039524, 37.6446093413633], [147.53676276326047, 37.63027424335761], [147.53947066814467, 37.615899462555404], [147.54186194019377, 37.60148937765416], [147.54393585100314, 37.58704837810534], [147.54569176883945, 37.57258086277728], [147.54712915883314, 37.55809123861531], [147.5482475831413, 37.54358391929932], [147.54904670108098, 37.529063323899315], [147.5495262692332, 37.514533875529295], [147.54968614151684, 37.5], [148.17949782642694, 37.5], [148.17924203077314, 37.47674579915313], [148.1784747217296, 37.453498681761104], [148.17719613302606, 37.43026572912108], [148.17540665413304, 37.4070540182155], [148.17310683014313, 37.383870619556355], [148.170297361605, 37.36072259503147], [148.16697910431003, 37.33761699575334], [148.16315306903147, 37.31456085991135], [148.15882042121677, 37.29156121062782], [148.1539824806324, 37.268625053818724], [148.14864072096194, 37.24575937605962], [148.14279676935715, 37.22297114245744], [148.13645240594226, 37.20026729452891], [148.12960956327188, 37.17765474808605], [148.12227032574214, 37.15514039112954], [148.11443692895588, 37.132731081750634], [148.10611175904165, 37.11043364604203], [148.0972973519269, 37.08825487601867], [148.08799639256534, 37.06620152754873], [148.07821171411936, 37.04428031829579], [148.0679462970968, 37.02249792567257], [148.05720326844306, 37.00086098480684], [148.04598590058882, 36.97937608652042], [148.03429761045294, 36.958049775321435], [148.02214195840187, 36.93688854741088], [148.0095226471649, 36.91589884870376], [147.99644352070658, 36.89508707286565], [147.98290856305547, 36.874459559365064], [147.96892189709078, 36.854022591542446], [147.95448778328648, 36.83378239469616], [147.93961061841344, 36.81374513418625], [147.92429493420022, 36.793916913556366], [147.9085453959526, 36.774303772674585], [147.89236680113245, 36.75491168589363], [147.87576407789655, 36.73574656023099], [147.85874228359518, 36.71681423356959], [147.8413066032318, 36.69812047287954], [147.82346234788355, 36.67967097246142], [147.80521495308346, 36.661471352211805], [147.78656997716476, 36.64352715591131], [147.76753309956774, 36.62584384953596], [147.7481101191097, 36.60842681959219], [147.7283069522187, 36.59128137147603], [147.70812963113116, 36.57441272785708], [147.68758430205455, 36.557826027087586], [147.66667722329515, 36.541526321637285], [147.6454147633517, 36.525518576554354], [147.62380339897544, 36.50980766795302], [147.60184971319734, 36.494398381528235], [147.5795603933227, 36.47929541109792], [147.55694222889434, 36.46450335717317], [147.53400210962425, 36.45002672555691], [147.51074702329495, 36.43586992597136], [147.487184053631, 36.422037270714824], [147.4633203781413, 36.40853297334809], [147.43916326593248, 36.395361147410945], [147.414720075495, 36.38252580516917], [147.38999825246142, 36.37003085639237], [147.36500532733857, 36.35788010716296], [147.33974891321347, 36.34607725871688], [147.3142367034346, 36.33462590631609], [147.28847646926818, 36.32352953815347], [147.26247605753105, 36.312791534290255], [147.23624338820053, 36.30241516562644], [147.20978645200182, 36.29240359290444], [147.183113307974, 36.28275986574629], [147.15623208101508, 36.273486921724704], [147.1291509594072, 36.26458758546826], [147.1018781923224, 36.25606456780099], [147.0744220873097, 36.247920464916646], [147.04679100776463, 36.24015775758785], [147.0189933703817, 36.23277881041046], [146.99103764259058, 36.22578587108327], [146.96293233997673, 36.21918106972333], [146.9346860236876, 36.21296641821713], [146.90630729782472, 36.20714380960771], [146.87780480682298, 36.20171501751807], [146.84918723281717, 36.196681695610856], [146.8204632929976, 36.19204537708469], [146.7916417369546, 36.187807474207105], [146.76273134401333, 36.183969277884366], [146.73374092055954, 36.180531957268265], [146.70467929735702, 36.177496559399955], [146.67555532685776, 36.17486400889103], [146.64637788050533, 36.17263510764187], [146.61715584603246, 36.1708105345974], [146.587898124754, 36.16939084554024], [146.55861362885526, 36.16837647292142], [146.52931127867734, 36.16776772572869], [146.5, 36.167564789392316], [146.5, 36.50067359204424], [146.478016540992, 36.50082579429652], [146.45603977835856, 36.50128235469107], [146.4340764064345, 36.50204313415518], [146.41213311547565, 36.50310790094805], [146.39021658962102, 36.5044763307314], [146.36833350485668, 36.50614800666827], [146.34649052698222, 36.50812241954996], [146.32469430958037, 36.5103989679512], [146.30295149199, 36.512976958413276], [146.28126869728405, 36.515855605655325], [146.2596525302518, 36.519034032813515], [146.2381095753871, 36.52251127170814], [146.2166463948828, 36.52628626313855], [146.19526952663145, 36.530357857205786], [146.17398548223431, 36.53472481366285], [146.15280074501746, 36.5393858022925], [146.13172176805708, 36.54433940331245], [146.11075497221373, 36.549584107807846], [146.08990674417655, 36.555118318190885], [146.06918343451773, 36.56094034868748], [146.0485913557582, 36.56704842585074], [146.02813678044458, 36.5734406891012], [146.0078259392387, 36.58011519129353], [145.98766501901952, 36.58706989930972], [145.96766016099863, 36.59430269467833], [145.94781745884958, 36.60181137421983], [145.9281429568517, 36.60959365071769], [145.90864264804887, 36.6176471536151], [145.88932247242406, 36.62596942973707], [145.8701883150899, 36.63455794403766], [145.8512460044961, 36.64341008037222], [145.83250131065392, 36.65252314229428], [145.81395994337873, 36.66189435387688], [145.79562755055065, 36.6715208605582], [145.77750971639404, 36.681399730011066], [145.75961195977675, 36.691527953036115], [145.7419397325288, 36.70190244447852], [145.7244984177818, 36.71252004416768], [145.70729332832923, 36.72337751787988], [145.69032970500797, 36.73447155832344], [145.673612715102, 36.745798786146175], [145.6571474507684, 36.75735575096476], [145.64093892748622, 36.769138932415764], [145.62499208252862, 36.78114474122796], [145.6093117734591, 36.793369520315686], [145.59390277665165, 36.80580954589281], [145.578769785836, 36.818461028607025], [145.56391741066773, 36.831320114694144], [145.5493501753242, 36.84438288715197], [145.53507251712642, 36.85764536693348], [145.5210887851874, 36.871103514158854], [145.50740323908735, 36.88475322934607], [145.49402004757616, 36.89859035465965], [145.4809432873036, 36.91261067517719], [145.46817694157758, 36.92680992017324], [145.45572489915065, 36.941183764420224], [145.44359095303557, 36.95572782950594], [145.43177879934984, 36.97043768516727], [145.42029203618992, 36.98530885063968], [145.40913416253514, 37.00033679602212], [145.39830857718192, 37.015516943656834], [145.3878185777084, 37.0308446695238], [145.37766735947005, 37.04631530464924], [145.3678580146263, 37.06192413652782], [145.3583935311986, 37.07766641055816], [145.34927679216028, 37.09353733149108], [145.34051057455838, 37.10953206489031], [145.3320975486677, 37.12564573860513], [145.3240402771774, 37.14187344425442], [145.31634121441047, 37.15821023872184], [145.30900270557598, 37.17465114566154], [145.30202698605484, 37.191191157013996], [145.29541618071875, 37.207825234531526], [145.2891723032831, 37.22454831131297], [145.2832972556934, 37.241355293347155], [145.27779282754608, 37.25824106106454], [145.2726606955433, 37.275200470896685], [145.26790242298213, 37.29222835684308], [145.26351945927854, 37.30931953204471], [145.2595131395257, 37.32646879036404], [145.25588468408742, 37.34367090797087], [145.2526351982264, 37.360920644933515], [145.24976567176748, 37.37821274681501], [145.24727697879624, 37.3955419462736], [145.24516987739264, 37.41290296466727], [145.24344500940023, 37.430290513661625], [145.24210290023046, 37.44769929684081], [145.2411439587028, 37.465124011320825], [145.24056847692015, 37.48255934936485], [145.2403766301798, 37.5], [145.8701883150899, 37.5], [145.87028423846007, 37.508720325317576], [145.8705719793514, 37.51743799433959], [145.87105145011523, 37.526150351579595], [145.8717225047001, 37.53485474316919], [145.87258493869632, 37.543548517666366], [145.87363848939813, 37.5522290268632], [145.87488283588374, 37.560893626592495], [145.8763175991132, 37.56953967753324], [145.87794234204372, 37.57816454601457], [145.87975656976286, 37.58676560481798], [145.88175972963927, 37.595340233977645], [145.88395121149108, 37.60388582157846], [145.88633034777163, 37.61239976455166], [145.88889641377304, 37.62087946946773], [145.8916486278467, 37.62932235332642], [145.89458615164153, 37.637725844343514], [145.89770809035937, 37.64608738273424], [145.90101349302742, 37.654404421493], [145.904501352788, 37.66267442716923], [145.90817060720525, 37.670894880639075], [145.9120201385887, 37.679063277872785], [145.91604877433386, 37.687177130697435], [145.9202552872792, 37.69523396755484], [145.92463839608016, 37.70323133425446], [145.9291967655993, 37.71116679472092], [145.93392900731314, 37.71903793173609], [145.93883367973504, 37.72684234767538], [145.9439092888542, 37.7345776652381], [145.94915428859096, 37.74224152817158], [145.95456708126758, 37.74983160198894], [145.96014601809495, 37.75734557468016], [145.96588939967492, 37.764781157416365], [145.97179547651777, 37.77213608524703], [145.97786244957533, 37.779408117789885], [145.9840884707888, 37.78659503991338], [145.9904716436518, 37.793694662411404], [145.99701002378808, 37.80070482267018], [146.00370161954368, 37.80762338532697], [146.01054439259372, 37.81444824292058], [146.0175362585632, 37.82117731653326], [146.0246750876621, 37.82780855642402], [146.03195870533386, 37.83433994265293], [146.03938489291798, 37.84076948569649], [146.04695138832582, 37.84709522705359], [146.05465588672953, 37.85331523984215], [146.06249604126432, 37.85942762938602], [146.0704694637431, 37.865430533792114], [146.07857372538422, 37.87132212451762], [146.086806357551, 37.87710060692691], [146.09516485250398, 37.88276422083828], [146.10364666416461, 37.88831124106006], [146.11224920889092, 37.893739977916155], [146.1209698662644, 37.89904877776074], [146.12980597988837, 37.90423602348194], [146.13875485819702, 37.90930013499447], [146.14781377527532, 37.9142395697209], [146.15697997168937, 37.91905282306156], [146.16625065532696, 37.923738428852865], [146.17562300224805, 37.92829495981389], [146.18509415754494, 37.93272102798117], [146.19466123621203, 37.937015285131466], [146.20432132402445, 37.941176423192445], [146.21407147842586, 37.94520317464116], [146.2239087294248, 37.94909431289008], [146.2338300804993, 37.95284865266083], [146.24383250950976, 37.95646505034514], [146.25391296961934, 37.959942404353235], [146.2640683902223, 37.963279655449405], [146.2742956778791, 37.96647578707463], [146.28459171725888, 37.96952982565626], [146.29495337208826, 37.972440840904554], [146.30537748610686, 37.97520794609608], [146.31586088402852, 37.977830298343775], [146.32640037250874, 37.98030709885375], [146.33699274111717, 37.982637593168576], [146.34763476331574, 37.98482107139711], [146.3583231974414, 37.98685686843073], [146.36905478769356, 37.98874436414593], [146.3798262651259, 37.99048298359324], [146.390634348642, 37.992072197172334], [146.40147574599501, 37.99351152079336], [146.41234715479018, 37.9948005160244], [146.4232452634911, 37.99593879022502], [146.43416675242833, 37.996925996665865], [146.4451082948105, 37.9977618346343], [146.4560665577378, 37.998446049525974], [146.46703820321724, 37.998978432922414], [146.47801988917928, 37.999358822654465], [146.489008270496, 37.99958710285174], [146.5, 37.99966320397788], [146.5, 38.3327720066298]]]}}, {"type": "Feature", "id": "TC100132219WindRadii_64_2609220000", "properties": {"description": "Tropical Cyclone DUJUAN-26", "name": "Tropical Cyclone DUJUAN-26", "htmldescription": "Green Tropical Cylone DUJUAN-26 in Japan from: 15 Sep 2026 12:00:00 to:20 Sep 2026 00:00:00.", "link": "https://www.gdacs.org/report.aspx?eventtype=TC&eventid=1001322&episodeid=19", "featureIndex": "826", "iconeventlink": "https://www.gdacs.org/images/gdacs_icons/maps/Green/TC.png", "iconitemlink": "https://www.gdacs.org/images/gdacs_icons/maps/Green/TC.png", "alertlevel": "Green", "eventtype": "TC", "eventname": "DUJUAN-26", "polygonlabel": "22/09 00:00", "polygontype": "WindRadii_64_2609220000", "fromdate": "15 Sep 2026 12:00:00", "todate": "20 Sep 2026 00:00:00", "country": "Japan", "countrylist": "Japan", "iso3": "JPN", "severity": "129.6288", "latitude": "28.7", "longitude": "137.5", "imageoverview": "https://www.gdacs.org/contentdata/resources/imgtemp/gdacs/tc/1001322/clouds_1001322_19.png", "Class": "Poly_WindRadii_64_2609220000"}, "geometry": {"type": "Polygon", "coordinates": [[[146.5, 37.83310880265192], [146.50732781966934, 37.83305806856783], [146.5146534072138, 37.83290588176964], [146.5219745311885, 37.83265228861494], [146.52928896150812, 37.83229736635065], [146.53659447012632, 37.83184122308953], [146.54388883171444, 37.83128399777724], [146.55116982433927, 37.830625860150015], [146.55843523013988, 37.82986701068293], [146.56568283600333, 37.82900768052891], [146.57291043423865, 37.82804813144823], [146.5801158232494, 37.826988655728826], [146.5872968082043, 37.825829576097284], [146.59445120170574, 37.82457124562048], [146.60157682445617, 37.82321404759807], [146.6086715059219, 37.82175839544572], [146.6157330849942, 37.82020473256917], [146.62275941064763, 37.81855353222918], [146.62974834259543, 37.81680529739739], [146.63669775194114, 37.81496056060304], [146.64360552182742, 37.81301988377084], [146.6504695480806, 37.81098385804975], [146.6572877398518, 37.808853103632934], [146.66405802025378, 37.806628269568826], [146.67077832699349, 37.804310033563425], [146.67744661300046, 37.80189910177389], [146.68406084705015, 37.79939620859339], [146.69061901438278, 37.796802116427436], [146.69711911731704, 37.79411761546163], [146.70355917585866, 37.79134352342098], [146.70993722830337, 37.78848068532078], [146.71625133183463, 37.78552997320926], [146.72249956311535, 37.78249228590191], [146.72868001887375, 37.77936854870771], [146.73479081648313, 37.776159713147266], [146.7408300945353, 37.77286675666298], [146.74679601340776, 37.7694906823213], [146.75268675582373, 37.76603251850716], [146.75850052740606, 37.76249331861077], [146.7642355572236, 37.7588741607067], [146.76989009833068, 37.75517614722552], [146.77546242829933, 37.75140040461794], [146.78095084974387, 37.74754808301174], [146.78635369083793, 37.74362035586141], [146.7916693058238, 37.73961841959068], [146.79689607551364, 37.73554349322811], [146.80203240778278, 37.73139681803573], [146.80707673805466, 37.72717965713099], [146.81202752977742, 37.722893295101954], [146.81688327489192, 37.71853903761601], [146.82164249429118, 37.714118211022175], [146.82630373827087, 37.70963216194705], [146.83086558697087, 37.705082256884644], [146.83532665080796, 37.700469881780116], [146.8396855708988, 37.695796441607605], [146.84394101947413, 37.691063359942255], [146.8480917002831, 37.68627207852659], [146.85213634898815, 37.681424056831354], [146.85607373355006, 37.67652077161091], [146.85990265460336, 37.67156371645344], [146.86362194582162, 37.66655440132596], [146.8672304742727, 37.66149435211439], [146.87072714076388, 37.65638511015873], [146.87411088017666, 37.651228231783584], [146.87738066179122, 37.64602528782406], [146.88053548960048, 37.64077786314728], [146.88357440261325, 37.63548755616964], [146.8864964751472, 37.6301559783699], [146.88930081711078, 37.62478475379829], [146.8919865742742, 37.61937551858186], [146.89455292852983, 37.61392992042605], [146.89699909814135, 37.60844961811282], [146.8993243379817, 37.60293628099534], [146.90152793976043, 37.597391588489494], [146.90360923223898, 37.591817229562345], [146.90556758143552, 37.58621490221761], [146.90740239081796, 37.58058631297849], [146.90911310148556, 37.57493317636777], [146.91069919233928, 37.56925721438564], [146.91216018024048, 37.563560155985094], [146.9134956201581, 37.55784373654532], [146.9147051053042, 37.55210969734304], [146.91578826725788, 37.54635978502216], [146.9167447760775, 37.540595751061666], [146.91757434040125, 37.534819351242135], [146.9182767075358, 37.52903234511091], [146.91885166353325, 37.52323649544613], [146.91929903325652, 37.51743356771973], [146.9196186804324, 37.51162532955973], [146.91981050769328, 37.50581355021172], [146.91987445660672, 37.5], [147.33974891321347, 37.5], [147.33962101538657, 37.48837289957656], [147.3392373608648, 37.47674934088055], [147.33859806651301, 37.46513286456054], [147.33770332706652, 37.45352700910775], [147.33655341507156, 37.44193530977818], [147.33514868080252, 37.43036129751573], [147.33348955215502, 37.41880849787667], [147.33157653451573, 37.40728042995568], [147.3294102106084, 37.39578060531391], [147.3269912403162, 37.38431252690936], [147.32432036048098, 37.372879688029805], [147.3213983846786, 37.36148557122872], [147.31822620297115, 37.35013364726446], [147.31480478163593, 37.33882737404302], [147.31113516287107, 37.327570195564775], [147.30721846447793, 37.31636554087532], [147.30305587952083, 37.30521682302102], [147.29864867596345, 37.29412743800933], [147.29399819628267, 37.283100763774364], [147.2891058570597, 37.272140159147895], [147.2839731485484, 37.261248962836284], [147.27860163422153, 37.250430492403424], [147.27299295029442, 37.23968804326021], [147.26714880522647, 37.22902488766072], [147.26107097920092, 37.21844427370544], [147.25476132358247, 37.20794942435188], [147.2482217603533, 37.197543536432825], [147.24145428152772, 37.18722977968253], [147.2344609485454, 37.17701129577122], [147.22724389164324, 37.16689119734808], [147.21980530920672, 37.156872567093124], [147.21214746710012, 37.14695845677818], [147.20427269797628, 37.13715188633729], [147.19618340056624, 37.127455842946816], [147.18788203894826, 37.1178732801155], [147.1793711417976, 37.1084071167848], [147.17065330161589, 37.09906023643977], [147.16173117394177, 37.08983548623071], [147.15260747654173, 37.0807356761059], [147.14328498858237, 37.07176357795566], [147.13376654978387, 37.062921924767984], [147.12405505955485, 37.0542134097961], [147.11415347610935, 37.045640685738014], [147.10406481556558, 37.03720636392854], [147.0937921510273, 37.02891301354379], [147.08333861164758, 37.02076316081864], [147.07270738167585, 37.012759288277174], [147.06190169948772, 37.00490383397651], [147.05092485659867, 36.99719919076412], [147.03978019666135, 36.98964770554896], [147.02847111444717, 36.982251678586586], [147.0170010548121, 36.975013362778455], [147.00537351164746, 36.96793496298568], [146.99359202681552, 36.96101863535741], [146.98166018907065, 36.954266486674044], [146.96958163296625, 36.94768057370547], [146.9573600377475, 36.94126290258459], [146.94499912623073, 36.93501542819619], [146.93250266366928, 36.928940053581485], [146.91987445660672, 36.92303862935844], [146.9071183517173, 36.917312953158046], [146.8942382346341, 36.91176476907673], [146.88123802876552, 36.90639576714513], [146.86812169410027, 36.90120758281322], [146.8548932260009, 36.89620179645222], [146.841556653987, 36.89137993287314], [146.82811604050755, 36.886743460862355], [146.81457547970362, 36.88229379273413], [146.80093909616122, 36.878032283900495], [146.78721104365485, 36.87396023245832], [146.7733955038823, 36.870078878793926], [146.75949668519087, 36.86638940520523], [146.7455188212953, 36.86289293554163], [146.73146616998835, 36.85959053486167], [146.71734301184378, 36.85648320910856], [146.70315364891238, 36.85357190480386], [146.68890240341148, 36.850857508759034], [146.6745936164086, 36.848340847805424], [146.6602316464988, 36.84602268854234], [146.6458208684773, 36.84390373710355], [146.63136567200667, 36.841984638942186], [146.61687046027976, 36.84026597863413], [146.6023396486785, 36.83874827969998], [146.58777766342888, 36.83743200444551], [146.57318894025266, 36.83631755382093], [146.55857792301623, 36.8354052672987], [146.543949062377, 36.83469542277012], [146.52930681442763, 36.83418823646071], [146.51465563933866, 36.83388386286435], [146.5, 36.83378239469616], [146.5, 37.16689119734808], [146.49267218033066, 37.16694193143217], [146.4853465927862, 37.16709411823036], [146.4780254688115, 37.16734771138506], [146.47071103849188, 37.16770263364935], [146.46340552987368, 37.16815877691047], [146.45611116828556, 37.16871600222276], [146.44883017566073, 37.169374139849985], [146.44156476986012, 37.17013298931707], [146.43431716399667, 37.17099231947109], [146.42708956576135, 37.17195186855177], [146.4198841767506, 37.173011344271174], [146.4127031917957, 37.174170423902716], [146.40554879829426, 37.17542875437952], [146.39842317554383, 37.17678595240193], [146.3913284940781, 37.17824160455428], [146.3842669150058, 37.17979526743083], [146.37724058935237, 37.18144646777082], [146.37025165740457, 37.18319470260261], [146.36330224805886, 37.18503943939696], [146.35639447817258, 37.18698011622916], [146.3495304519194, 37.18901614195025], [146.3427122601482, 37.191146896367066], [146.33594197974622, 37.193371730431174], [146.32922167300651, 37.195689966436575], [146.32255338699954, 37.19810089822611], [146.31593915294985, 37.20060379140661], [146.30938098561722, 37.203197883572564], [146.30288088268296, 37.20588238453837], [146.29644082414134, 37.20865647657902], [146.29006277169663, 37.21151931467922], [146.28374866816537, 37.21447002679074], [146.27750043688465, 37.21750771409809], [146.27131998112625, 37.22063145129229], [146.26520918351687, 37.223840286852734], [146.2591699054647, 37.22713324333702], [146.25320398659224, 37.2305093176787], [146.24731324417627, 37.23396748149284], [146.24149947259394, 37.23750668138923], [146.2357644427764, 37.2411258392933], [146.23010990166932, 37.24482385277448], [146.22453757170067, 37.24859959538206], [146.21904915025613, 37.25245191698826], [146.21364630916207, 37.25637964413859], [146.2083306941762, 37.26038158040932], [146.20310392448636, 37.26445650677189], [146.19796759221722, 37.26860318196427], [146.19292326194534, 37.27282034286901], [146.18797247022258, 37.277106704898046], [146.18311672510808, 37.28146096238399], [146.17835750570882, 37.285881788977825], [146.17369626172913, 37.29036783805295], [146.16913441302913, 37.294917743115356], [146.16467334919204, 37.299530118219884], [146.1603144291012, 37.304203558392395], [146.15605898052587, 37.308936640057745], [146.1519082997169, 37.31372792147341], [146.14786365101185, 37.318575943168646], [146.14392626644994, 37.32347922838909], [146.14009734539664, 37.32843628354656], [146.13637805417838, 37.33344559867404], [146.1327695257273, 37.33850564788561], [146.12927285923612, 37.34361488984127], [146.12588911982334, 37.348771768216416], [146.12261933820878, 37.35397471217594], [146.11946451039952, 37.35922213685272], [146.11642559738675, 37.36451244383036], [146.1135035248528, 37.3698440216301], [146.11069918288922, 37.37521524620171], [146.1080134257258, 37.38062448141814], [146.10544707147017, 37.38607007957395], [146.10300090185865, 37.39155038188718], [146.1006756620183, 37.39706371900466], [146.09847206023957, 37.402608411510506], [146.09639076776102, 37.408182770437655], [146.09443241856448, 37.41378509778239], [146.09259760918204, 37.41941368702151], [146.09088689851444, 37.42506682363223], [146.08930080766072, 37.43074278561436], [146.08783981975952, 37.436439844014906], [146.0865043798419, 37.44215626345468], [146.0852948946958, 37.44789030265696], [146.08421173274212, 37.45364021497784], [146.0832552239225, 37.459404248938334], [146.08242565959875, 37.465180648757865], [146.0817232924642, 37.47096765488909], [146.08114833646675, 37.47676350455387], [146.08070096674348, 37.48256643228027], [146.0803813195676, 37.48837467044027], [146.08018949230672, 37.49418644978828], [146.08012554339328, 37.5], [146.5, 37.5], [146.5, 37.5], [146.5, 37.5], [146.5, 37.5], [146.5, 37.5], [146.5, 37.5], [146.5, 37.5], [146.5, 37.5], [146.5, 37.5], [146.5, 37.5], [146.5, 37.5], [146.5, 37.5], [146.5, 37.5], [146.5, 37.5], [146.5, 37.5], [146.5, 37.5], [146.5, 37.5], [146.5, 37.5], [146.5, 37.5], [146.5, 37.5], [146.5, 37.5], [146.5, 37.5], [146.5, 37.5], [146.5, 37.5], [146.5, 37.5], [146.5, 37.5], [146.5, 37.5], [146.5, 37.5], [146.5, 37.5], [146.5, 37.5], [146.5, 37.5], [146.5, 37.5], [146.5, 37.5], [146.5, 37.5], [146.5, 37.5], [146.5, 37.5], [146.5, 37.5], [146.5, 37.5], [146.5, 37.5], [146.5, 37.5], [146.5, 37.5], [146.5, 37.5], [146.5, 37.5], [146.5, 37.5], [146.5, 37.5], [146.5, 37.5], [146.5, 37.5], [146.5, 37.5], [146.5, 37.5], [146.5, 37.5], [146.5, 37.5], [146.5, 37.5], [146.5, 37.5], [146.5, 37.5], [146.5, 37.5], [146.5, 37.5], [146.5, 37.5], [146.5, 37.5], [146.5, 37.5], [146.5, 37.5], [146.5, 37.5], [146.5, 37.5], [146.5, 37.5], [146.5, 37.5], [146.5, 37.5], [146.5, 37.5], [146.5, 37.5], [146.5, 37.5], [146.5, 37.5], [146.5, 37.5], [146.5, 37.5], [146.5, 37.5], [146.5, 37.5], [146.5, 37.5], [146.5, 37.5], [146.5, 37.5], [146.5, 37.5], [146.5, 37.5], [146.5, 37.5], [146.5, 37.5], [146.5, 37.5], [146.5, 37.5], [146.5, 37.5], [146.5, 37.5], [146.5, 37.5], [146.5, 37.5], [146.5, 37.5], [146.5, 37.5], [146.5, 37.5], [146.5, 37.5], [146.5, 37.5], [146.5, 37.83310880265192]]]}}, {"type": "Feature", "id": "TC100132219Polygon_Point_22", "properties": {"description": "Tropical Cyclone DUJUAN-26", "name": "Tropical Cyclone DUJUAN-26", "htmldescription": "Green Tropical Cylone DUJUAN-26 in Japan from: 15 Sep 2026 12:00:00 to:20 Sep 2026 00:00:00.", "link": "https://www.gdacs.org/report.aspx?eventtype=TC&eventid=1001322&episodeid=19", "featureIndex": "827", "iconeventlink": "https://www.gdacs.org/images/gdacs_icons/maps/Green/TC.png", "iconitemlink": "https://www.gdacs.org/images/gdacs_icons/maps/Green/TC.png", "alertlevel": "Green", "eventtype": "TC", "eventname": "DUJUAN-26", "polygonlabel": "22/09 00:00 UTC", "polygontype": "Polygon_Point_22", "fromdate": "15 Sep 2026 12:00:00", "todate": "20 Sep 2026 00:00:00", "country": "Japan", "countrylist": "Japan", "iso3": "JPN", "severity": "129.6288", "latitude": "28.7", "longitude": "137.5", "imageoverview": "https://www.gdacs.org/contentdata/resources/imgtemp/gdacs/tc/1001322/clouds_1001322_19.png", "Class": "Poly_Polygon_Point_22"}, "geometry": {"type": "Polygon", "coordinates": [[[146.5, 37.47], [146.50147203022982, 37.470036136313844], [146.50294051420988, 37.47014445819983], [146.50440191423365, 37.470324704701056], [146.50585270966047, 37.4705764415879], [146.5072894053971, 37.470899062404165], [146.50870854031763, 37.47129178992803], [146.51010669560176, 37.47175367804451], [146.51148050297095, 37.47228361402466], [146.51282665280291, 37.4728803212063], [146.51414190210477, 37.47354236206955], [146.5154230823258, 37.474268141699994], [146.51666710699058, 37.475055911630925], [146.51787097913478, 37.47590377405558], [146.5190317985249, 37.476809686399115], [146.52014676864542, 37.47777146623935], [146.5212132034356, 37.4787867965644], [146.52222853376065, 37.47985323135459], [146.52319031360088, 37.48096820147509], [146.52409622594442, 37.48212902086522], [146.52494408836907, 37.48333289300941], [146.52573185830002, 37.484576917674204], [146.52645763793046, 37.48585809789522], [146.5271196787937, 37.48717334719709], [146.52771638597534, 37.488519497029046], [146.5282463219555, 37.48989330439823], [146.52870821007195, 37.491291459682365], [146.52910093759584, 37.492710594602904], [146.5294235584121, 37.49414729033952], [146.52967529529894, 37.49559808576634], [146.52985554180017, 37.49705948579011], [146.52996386368616, 37.49852796977018], [146.53, 37.5], [146.52996386368616, 37.50147203022982], [146.52985554180017, 37.50294051420989], [146.52967529529894, 37.50440191423366], [146.5294235584121, 37.50585270966048], [146.52910093759584, 37.507289405397096], [146.52870821007195, 37.508708540317635], [146.5282463219555, 37.51010669560177], [146.52771638597534, 37.511480502970954], [146.5271196787937, 37.51282665280291], [146.52645763793046, 37.51414190210478], [146.52573185830002, 37.515423082325796], [146.52494408836907, 37.51666710699059], [146.52409622594442, 37.51787097913478], [146.52319031360088, 37.51903179852491], [146.52222853376065, 37.52014676864541], [146.5212132034356, 37.5212132034356], [146.52014676864542, 37.52222853376065], [146.5190317985249, 37.523190313600885], [146.51787097913478, 37.52409622594442], [146.51666710699058, 37.524944088369075], [146.5154230823258, 37.525731858300006], [146.51414190210477, 37.52645763793045], [146.51282665280291, 37.5271196787937], [146.51148050297095, 37.52771638597534], [146.51010669560176, 37.52824632195549], [146.50870854031763, 37.52870821007197], [146.5072894053971, 37.529100937595835], [146.50585270966047, 37.5294235584121], [146.50440191423365, 37.529675295298944], [146.50294051420988, 37.52985554180017], [146.50147203022982, 37.529963863686156], [146.5, 37.53], [146.49852796977018, 37.529963863686156], [146.49705948579012, 37.52985554180017], [146.49559808576635, 37.529675295298944], [146.49414729033953, 37.5294235584121], [146.4927105946029, 37.529100937595835], [146.49129145968237, 37.52870821007197], [146.48989330439824, 37.52824632195549], [146.48851949702905, 37.52771638597534], [146.48717334719709, 37.5271196787937], [146.48585809789523, 37.52645763793045], [146.4845769176742, 37.525731858300006], [146.48333289300942, 37.524944088369075], [146.48212902086522, 37.52409622594442], [146.4809682014751, 37.523190313600885], [146.47985323135458, 37.52222853376065], [146.4787867965644, 37.5212132034356], [146.47777146623935, 37.52014676864541], [146.47680968639912, 37.51903179852491], [146.47590377405558, 37.51787097913478], [146.47505591163093, 37.51666710699059], [146.47426814169998, 37.515423082325796], [146.47354236206954, 37.51414190210478], [146.4728803212063, 37.51282665280291], [146.47228361402466, 37.511480502970954], [146.4717536780445, 37.51010669560177], [146.47129178992805, 37.508708540317635], [146.47089906240416, 37.507289405397096], [146.4705764415879, 37.50585270966048], [146.47032470470106, 37.50440191423366], [146.47014445819983, 37.50294051420989], [146.47003613631384, 37.50147203022982], [146.47, 37.5], [146.47003613631384, 37.49852796977018], [146.47014445819983, 37.49705948579011], [146.47032470470106, 37.49559808576634], [146.4705764415879, 37.49414729033952], [146.47089906240416, 37.492710594602904], [146.47129178992805, 37.491291459682365], [146.4717536780445, 37.48989330439823], [146.47228361402466, 37.488519497029046], [146.4728803212063, 37.48717334719709], [146.47354236206954, 37.48585809789522], [146.47426814169998, 37.484576917674204], [146.47505591163093, 37.48333289300941], [146.47590377405558, 37.48212902086522], [146.47680968639912, 37.48096820147509], [146.47777146623935, 37.47985323135459], [146.4787867965644, 37.4787867965644], [146.47985323135458, 37.47777146623935], [146.4809682014751, 37.476809686399115], [146.48212902086522, 37.47590377405558], [146.48333289300942, 37.475055911630925], [146.4845769176742, 37.474268141699994], [146.48585809789523, 37.47354236206955], [146.48717334719709, 37.4728803212063], [146.48851949702905, 37.47228361402466], [146.48989330439824, 37.47175367804451], [146.49129145968237, 37.47129178992803], [146.4927105946029, 37.470899062404165], [146.49414729033953, 37.4705764415879], [146.49559808576635, 37.470324704701056], [146.49705948579012, 37.47014445819983], [146.49852796977018, 37.470036136313844], [146.5, 37.47]]]}}, {"type": "Feature", "id": "TC100132219WindRadii_34_2609221200", "properties": {"description": "Tropical Cyclone DUJUAN-26", "name": "Tropical Cyclone DUJUAN-26", "htmldescription": "Green Tropical Cylone DUJUAN-26 in Japan from: 15 Sep 2026 12:00:00 to:20 Sep 2026 00:00:00.", "link": "https://www.gdacs.org/report.aspx?eventtype=TC&eventid=1001322&episodeid=19", "featureIndex": "828", "iconeventlink": "https://www.gdacs.org/images/gdacs_icons/maps/Green/TC.png", "iconitemlink": "https://www.gdacs.org/images/gdacs_icons/maps/Green/TC.png", "alertlevel": "Green", "eventtype": "TC", "eventname": "DUJUAN-26", "polygonlabel": "22/09 12:00", "polygontype": "WindRadii_34_2609221200", "fromdate": "15 Sep 2026 12:00:00", "todate": "20 Sep 2026 00:00:00", "country": "Japan", "countrylist": "Japan", "iso3": "JPN", "severity": "129.6288", "latitude": "28.7", "longitude": "137.5", "imageoverview": "https://www.gdacs.org/contentdata/resources/imgtemp/gdacs/tc/1001322/clouds_1001322_19.png", "Class": "Poly_WindRadii_34_2609221200"}, "geometry": {"type": "Polygon", "coordinates": [[[153.2, 41.73209841458556], [153.24167880421678, 41.73181937712305], [153.28334491266605, 41.73098234973304], [153.32498563344754, 41.72958758738217], [153.3665882823943, 41.72763551492857], [153.4081401869365, 41.72512672699243], [153.44962868996143, 41.722061987774836], [153.49104115366922, 41.71844223082506], [153.5323649634222, 41.71426855875613], [153.57358753158763, 41.709542242908995], [153.61469630137194, 41.704264722965235], [153.6556787506456, 41.698437606508556], [153.6965223957575, 41.69206266853507], [153.7372147953378, 41.68514185091266], [153.77774355408727, 41.6776772617894], [153.81809632655347, 41.669671174951446], [153.85826082089096, 41.66112602913042], [153.89822480260568, 41.652044427260506], [153.93797609828167, 41.64242913568562], [153.9775025992892, 41.63228308331671], [154.01679226547316, 41.62160936073961], [154.05583312882058, 41.61041121927364], [154.09461329710635, 41.59869206998114], [154.1331209575155, 41.58645548262853], [154.17134438024164, 41.57370518459885], [154.20927192205994, 41.5604450597564], [154.24689202987375, 41.546679147263646], [154.28419324423376, 41.5324116403509], [154.32116420282878, 41.51764688503898], [154.35779364394668, 41.50238937881537], [154.3940704099048, 41.48664376926429], [154.42998345044884, 41.470414852650926], [154.4655218261188, 41.45370757246049], [154.5006747115811, 41.43652701789238], [154.53543139892633, 41.41887842230995], [154.56978130093086, 41.400767161646385], [154.60371395428174, 41.38219875276712], [154.63721902276407, 41.36317885178938], [154.6702863004094, 41.343713252359244], [154.70290571460467, 41.323807883886886], [154.73506732916027, 41.30346880974036], [154.76676134733688, 41.28270222539867], [154.79797811482953, 41.2615144565646], [154.82870812270846, 41.239911957237766], [154.85894201031556, 41.21790130774873], [154.88867056811577, 41.19548921275457], [154.91788474050242, 41.17268249919652], [154.9465756285556, 41.14948811422045], [154.97473449275284, 41.12591312306074], [155.00235275563136, 41.10196470688805], [155.02942200440074, 41.07765016062195], [155.05593399350556, 41.05297689070877], [155.08188064713715, 41.027952412865545], [155.1072540616934, 41.00258434979064], [155.13204650818648, 40.97688042884181], [155.15625043459704, 40.950848479682385], [155.17985846817456, 40.92449643189625], [155.20286341768337, 40.89783231257244], [155.22525827559298, 40.87086424386], [155.24703622021272, 40.84360044049391], [155.2681906177697, 40.81604920729278], [155.2887150244295, 40.78821893662914], [155.30860318825904, 40.76011810587303], [155.32784905113093, 40.73175527480973], [155.34644675056887, 40.70313908303232], [155.36439062153354, 40.67427824731004], [155.38167519814795, 40.645181558933025], [155.39829521536262, 40.61585788103442], [155.41424561055936, 40.58631614589059], [155.42952152509324, 40.556565352200224], [155.4441183057727, 40.52661456234328], [155.45803150627697, 40.4964728996205], [155.47125688851037, 40.46614954547434], [155.4837904238934, 40.4356537366922], [155.49562829458972, 40.40499476259288], [155.50676689466925, 40.37418196219688], [155.5172028312065, 40.34322472138168], [155.52693292531416, 40.312132470022746], [155.53595421311124, 40.28091467912102], [155.5442639466261, 40.24958085791803], [155.55185959463344, 40.21814055099925], [155.55873884342526, 40.18660333538675], [155.56489959751576, 40.15497881762189], [155.57033998027958, 40.12327663083915], [155.5750583345234, 40.09150643183173], [155.5790532229908, 40.05967789811001], [155.5823234288001, 40.02780072495369], [155.58486795581487, 39.99588462245852], [155.58668602894758, 39.96393931257848], [155.58777709439553, 39.931974526164446], [155.5881408198096, 39.9], [157.32497050694388, 39.9], [157.32434225395593, 39.84477127298867], [157.32245768636403, 39.78955936918261], [157.3193173782257, 39.73438110666256], [157.31492228610927, 39.6792532932618], [157.3092737488023, 39.62419272144634], [157.30237348690406, 39.569216163199734], [157.2942236023011, 39.51434036491419], [157.28482657752724, 39.459582042289455], [157.27418527500728, 39.404957875241074], [157.26230293618502, 39.35048450281947], [157.249183180536, 39.29617851814158], [157.23483000446487, 39.24205646333642], [157.2192477800881, 39.188134824506164], [157.20244125390218, 39.13443002670436], [157.1844155453378, 39.08095842893267], [157.1651761452004, 39.02773631915775], [157.14472891399768, 38.97477990934983], [157.1230800801543, 38.922105330544326], [157.10023623811477, 38.86972862792822], [157.07620434633466, 38.81766575595251], [157.05099172516105, 38.76593257347234], [157.02460605460254, 38.714544838916254], [156.99705537199, 38.66351820548599], [156.96834806952828, 38.61286821638841], [156.93849289173974, 38.562610300100836], [156.90749893280082, 38.51275976567144], [156.8753756337716, 38.46333179805592], [156.84213277972017, 38.41434145349203], [156.80778049674188, 38.3658036549133], [156.77232924887497, 38.31773318740338], [156.7357898349129, 38.27014469369234], [156.69817338511515, 38.22305266969636], [156.65949135781673, 38.17647146010214], [156.61975553593788, 38.130415253997384], [156.57897802339488, 38.084898080548605], [156.53717124141303, 38.039933804727774], [156.49434792474315, 37.99553612308889], [156.45052111778236, 37.951718559595875], [156.40570417060056, 37.908494461503025], [156.35991073487403, 37.865876995289355], [156.31315475972693, 37.82387914264791], [156.2654504874822, 37.782513696531446], [156.2168124493233, 37.74179325725557], [156.16725546086784, 37.70173022866056], [156.11679461765453, 37.66233681433301], [156.06544529054506, 37.62362501388854], [156.0132231210419, 37.585606619316586], [155.96014401652377, 37.54829321138842], [155.90622414540007, 37.51169615612956], [155.85147993218592, 37.47582660135756], [155.79592805249897, 37.44069547328628], [155.7395854279799, 37.40631347319766], [155.68246922113795, 37.372691074181986], [155.624596830123, 37.339838517947705], [155.56598588342604, 37.3077658117017], [155.50665423450914, 37.27648272510099], [155.44661995636736, 37.24599878727679], [155.38590133602335, 37.21632328393188], [155.32451686895712, 37.187465254512034], [155.26248525347194, 37.15943348945259], [155.1998253849988, 37.132236527500716], [155.13655635034064, 37.10588265311449], [155.07269742185835, 37.08037989393935], [155.0082680516001, 37.05573601836279], [154.94328786537628, 37.03195853314804], [154.87777665678104, 37.00905468114744], [154.81175438116315, 36.98703143909617], [154.74524114954735, 36.96589551548712], [154.6782572225083, 36.94565334852736], [154.6108230039991, 36.92631110417703], [154.5429590351359, 36.90787467427114], [154.4746859879411, 36.89034967472484], [154.40602465904618, 36.87374144382275], [154.3369959633571, 36.85805504059291], [154.26762092768325, 36.84329524326567], [154.1979206843326, 36.82946654781831], [154.12791646467437, 36.8165731666054], [154.05762959267207, 36.80461902707577], [153.98708147838784, 36.79360777057613], [153.91629361146062, 36.78354275124187], [153.84528755456049, 36.77442703497537], [153.77408493682017, 36.76626339851212], [153.70270744724684, 36.759054328574884], [153.63117682811523, 36.75280202111618], [153.55951486834488, 36.74750838064944], [153.48774339686292, 36.743175019668826], [153.41588427595482, 36.73980325815807], [153.34395939460498, 36.73739412318839], [153.271990661829, 36.73594834860564], [153.2, 36.735466374806755], [153.2, 36.568911973480795], [153.12422035596947, 36.56941931432172], [153.04846379515263, 36.570941182303564], [152.97275339373172, 36.57347711385059], [152.8971122138285, 36.577026336493496], [152.82156329647907, 36.58158776910467], [152.74612965461552, 36.58716002222756], [152.67083426605595, 36.59374139849988], [152.59570006650506, 36.60132989317066], [152.52074994256787, 36.609923194710916], [152.44600672477827, 36.619518685517754], [152.37149318064436, 36.63011344271172], [152.29723200771357, 36.641704239027135], [152.22324582665854, 36.654287543795164], [152.14955717438673, 36.66785952401927], [152.07618849717548, 36.682416045542816], [152.0031621438346, 36.697952674308326], [151.93050035889874, 36.714464677708165], [151.85822527585145, 36.73194702602615], [151.78635891038323, 36.75039439396962], [151.71492315368513, 36.76980116229161], [151.64393976578071, 36.79016141950248], [151.5734303688975, 36.81146896367065], [151.50341644088087, 36.83371730431176], [151.43391930865153, 36.85689966436573], [151.36496014170916, 36.8810089822611], [151.29655994568407, 36.9060379140661], [151.22873955593857, 36.93197883572564], [151.16151963122036, 36.95882384538368], [151.09492064736966, 36.98656476579023], [151.02896289108216, 37.0151931467922], [150.96366645372933, 37.04470026790741], [150.89905122523854, 37.07507714098092], [150.83513688803433, 37.106314512922935], [150.771942911043, 37.13840286852736], [150.70948854376206, 37.17133243337021], [150.6477928103968, 37.20509317678706], [150.5868745040653, 37.23967481492841], [150.5267521810738, 37.27506681389227], [150.46744415526422, 37.31125839293293], [150.40896849243586, 37.3482385277448], [150.351343004842, 37.38599595382059], [150.29458524576444, 37.42451916988255], [150.23871250416641, 37.46379644138588], [150.18374179942623, 37.50381580409321], [150.12968987615312, 37.544565067718956], [150.07657319908648, 37.58603181964269], [150.0244079480807, 37.62820342869008], [149.9732100131766, 37.671067048980476], [149.92299498976112, 37.714609623839905], [149.8737781738168, 37.75881788977827], [149.82557455726257, 37.803678380529504], [149.778398823387, 37.84917743115355], [149.7322653423756, 37.895301182198835], [149.68718816693362, 37.942035583923975], [149.6431810280054, 37.989366400577474], [149.60025733059166, 38.037279214734085], [149.55843014966655, 38.08575943168647], [149.51771222619453, 38.1347922838909], [149.47811596324956, 38.18436283546561], [149.43965342223686, 38.23445598674039], [149.40233631921902, 38.285056478856106], [149.36617602134717, 38.33614889841266], [149.3311835433983, 38.38771768216412], [149.29736954442018, 38.43974712175941], [149.26474432448444, 38.4922213685272], [149.23331782154915, 38.54512443830359], [149.20309960843156, 38.59844021630104], [149.17409888989204, 38.652152462017106], [149.14632449983046, 38.70624481418141], [149.11978489859507, 38.76070079573948], [149.0944881704055, 38.81550381887181], [149.0704420208902, 38.87063719004666], [149.04765377473925, 38.926084115105084], [149.02613037347322, 38.98182770437658], [149.0058783733286, 39.03785097782386], [148.98690394326084, 39.09413687021512], [148.96921286306514, 39.15066823632228], [148.9528105216159, 39.207427856143596], [148.93770191522523, 39.26439844014903], [148.923891646121, 39.32156263454681], [148.91138392104494, 39.378903026569546], [148.9001825499713, 39.43640214977838], [148.8902909449462, 39.494042489383354], [148.88171211904833, 39.551806487578666], [148.87444868547124, 39.60967654889089], [148.86850285672708, 39.66763504553874], [148.8638764439729, 39.72566432280269], [148.8605708564589, 39.78374670440275], [148.858587101099, 39.84186449788282], [148.85792578216433, 39.9], [150.3776517584068, 39.9], [150.37808161571434, 39.937788076376165], [150.3793710566983, 39.97556464213821], [150.3815196885824, 40.013318190178246], [150.38452685687258, 40.05103722039981], [150.38839164555628, 40.08871024322092], [150.3931128773814, 40.12632578307387], [150.39868911421502, 40.163872381900816], [150.40511865748132, 40.20133860264405], [150.41239954867922, 40.23871303272979], [150.42052956997864, 40.275984287544574], [150.4295062448964, 40.31314101390313], [150.43932683905032, 40.350171893506655], [150.44998836099234, 40.38706564639052], [150.46148756311953, 40.42381103436017], [150.4738209426636, 40.46039686441449], [150.48698474275758, 40.49681199215522], [150.5009749535805, 40.533045325181696], [150.5157873135786, 40.56908582646967], [150.53141731076357, 40.60492251773332], [150.54786018408677, 40.640544482769336], [150.56511092488978, 40.67594087078208], [150.58316427842982, 40.71110089968888], [150.6020147454805, 40.74601385940432], [150.62165658400696, 40.78066911510267], [150.6420838109149, 40.81505611045732], [150.66329020387312, 40.84916437085638], [150.68526930320888, 40.88298350659331], [150.70801441387565, 40.91650321603177], [150.73151860749238, 40.94971328874353], [150.75577472445394, 40.98260360861874], [150.78077537611222, 41.01516415694735], [150.80651294702645, 41.04738501547091], [150.83297959728327, 41.079256369403794], [150.86016726488458, 41.110768510422844], [150.8880676682035, 41.14191183962464], [150.91667230850686, 41.172676870449415], [150.94597247254413, 41.20305423157075], [150.97595923520154, 41.23303466975019], [151.00662346222066, 41.26260905265582], [151.0379558129809, 41.291768371644125], [151.0699467433447, 41.32050374450406], [151.1025865085648, 41.34880641816269], [151.13586516625244, 41.37666777135144], [151.1697725794062, 41.404079317232245], [151.2042984194995, 41.43103270598267], [151.23943216962704, 41.45751972733942], [151.27516312770817, 41.483532313099175], [151.31148040974688, 41.50906253957634], [151.3483729531473, 41.53410263001661], [151.3858295200833, 41.55864495696588], [151.42383870092175, 41.58268204459359], [151.46238891769795, 41.606206570970016], [151.50146842764244, 41.62921137029653], [151.54106532675792, 41.65168943508841], [151.5811675534453, 41.67363391830936], [151.62176289217794, 41.69503813545722], [151.66283897722232, 41.71589556660009], [151.70438329640504, 41.7361998583624], [151.74638319492405, 41.75594482586018], [151.7888258792034, 41.77512445458507], [151.83169842079027, 41.79373290223635], [151.87498776029324, 41.81176450050061], [151.91868071136005, 41.82921375677834], [151.96276396469466, 41.84607535585703], [152.00722409211096, 41.86234416153028], [152.05204755062348, 41.878015218162275], [152.09722068657257, 41.89308375219735], [152.14272973978336, 41.907545173614075], [152.18856084775746, 41.92139507732338], [152.23470004989534, 41.934629244510454], [152.2811332917491, 41.94724364391974], [152.32784642930343, 41.959234433083004], [152.37482523328418, 41.970597959489695], [152.42205539349249, 41.98133076169959], [152.46952252316407, 41.991429570397166], [152.5172121633514, 42.00089130938747], [152.56510978732805, 42.00971309653314], [152.6132008050138, 42.017892244632364], [152.66147056741883, 42.02542626223738], [152.70990437110586, 42.03231285441346], [152.7584874626691, 42.038549923437905], [152.80720504322827, 42.04413556943907], [152.85604227293635, 42.04906809097508], [152.90498427550008, 42.053345985552085], [152.9540161427114, 42.05696795008196], [153.00312293898853, 42.059932881279224], [153.0522897059256, 42.06223987599711], [153.1015014668492, 42.06388823150268], [153.15074323138015, 42.064877445690875], [153.2, 42.06520721723748], [153.2, 41.73209841458556]]]}}, {"type": "Feature", "id": "TC100132219WindRadii_50_2609221200", "properties": {"description": "Tropical Cyclone DUJUAN-26", "name": "Tropical Cyclone DUJUAN-26", "htmldescription": "Green Tropical Cylone DUJUAN-26 in Japan from: 15 Sep 2026 12:00:00 to:20 Sep 2026 00:00:00.", "link": "https://www.gdacs.org/report.aspx?eventtype=TC&eventid=1001322&episodeid=19", "featureIndex": "829", "iconeventlink": "https://www.gdacs.org/images/gdacs_icons/maps/Green/TC.png", "iconitemlink": "https://www.gdacs.org/images/gdacs_icons/maps/Green/TC.png", "alertlevel": "Green", "eventtype": "TC", "eventname": "DUJUAN-26", "polygonlabel": "22/09 12:00", "polygontype": "WindRadii_50_2609221200", "fromdate": "15 Sep 2026 12:00:00", "todate": "20 Sep 2026 00:00:00", "country": "Japan", "countrylist": "Japan", "iso3": "JPN", "severity": "129.6288", "latitude": "28.7", "longitude": "137.5", "imageoverview": "https://www.gdacs.org/contentdata/resources/imgtemp/gdacs/tc/1001322/clouds_1001322_19.png", "Class": "Poly_WindRadii_50_2609221200"}, "geometry": {"type": "Polygon", "coordinates": [[[153.2, 40.39966320397788], [153.21136694660456, 40.39958710285174], [153.2227304307271, 40.39935882265446], [153.23408699094023, 40.39897843292241], [153.2454331679257, 40.39844604952597], [153.25676550552814, 40.397761834634295], [153.26808055180766, 40.396925996665864], [153.2793748600916, 40.39593879022502], [153.29064499002422, 40.3948005160244], [153.3018875086148, 40.39351152079336], [153.31309899128325, 40.39207219717233], [153.32427602290332, 40.39048298359324], [153.33541519884295, 40.38874436414593], [153.3465131260012, 40.386856868430726], [153.35756642384197, 40.384821071397106], [153.36857172542366, 40.382637593168575], [153.37952567842478, 40.38030709885375], [153.39042494616518, 40.377830298343774], [153.40126620862227, 40.375207946096076], [153.4120461634425, 40.37244084090455], [153.42276152694723, 40.36952982565626], [153.43340903513288, 40.36647578707463], [153.44398544466537, 40.3632796554494], [153.45448753386785, 40.359942404353234], [153.46491210370226, 40.356465050345136], [153.4752559787436, 40.35284865266083], [153.48551600814739, 40.34909431289008], [153.4956890666092, 40.345203174641156], [153.50577205531692, 40.341176423192444], [153.51576190289452, 40.337015285131464], [153.52565556633766, 40.332721027981165], [153.5354500319406, 40.32829495981389], [153.5451423162142, 40.32373842885286], [153.55472946679484, 40.31905282306156], [153.56420856334353, 40.3142395697209], [153.57357671843567, 40.309300134994466], [153.58283107844048, 40.30423602348194], [153.5919688243902, 40.29904877776074], [153.60098717283893, 40.293739977916154], [153.60988337671034, 40.28831124106006], [153.61865472613462, 40.28276422083828], [153.6272985492737, 40.27710060692691], [153.63581221313532, 40.27132212451762], [153.64419312437502, 40.26543053379211], [153.65243873008606, 40.25942762938602], [153.660546518577, 40.25331523984215], [153.66851402013702, 40.24709522705359], [153.6763388077879, 40.24076948569649], [153.6840184980235, 40.23433994265293], [153.69155075153583, 40.227808556424016], [153.69893327392748, 40.22117731653326], [153.7061638164106, 40.214448242920575], [153.71324017649195, 40.20762338532697], [153.72016019864364, 40.200704822670176], [153.72692177495995, 40.1936946624114], [153.73352284579917, 40.18659503991338], [153.73996140041123, 40.17940811778988], [153.74623547755002, 40.172136085247026], [153.7523431660708, 40.164781157416364], [153.75828260551256, 40.15734557468016], [153.76405198666447, 40.149831601988936], [153.76964955211713, 40.14224152817158], [153.7750735967979, 40.1345776652381], [153.78032246849025, 40.12684234767538], [153.78539456833695, 40.11903793173609], [153.79028835132732, 40.111166794720916], [153.79500232676762, 40.10323133425446], [153.79953505873524, 40.09523396755484], [153.80388516651618, 40.087177130697434], [153.80805132502542, 40.079063277872784], [153.81203226521072, 40.070894880639074], [153.81582677443916, 40.06267442716923], [153.81943369686647, 40.054404421493], [153.8228519337891, 40.046087382734235], [153.826080443979, 40.03772584434351], [153.82911824400068, 40.02932235332642], [153.83196440851086, 40.02087946946773], [153.83461807054022, 40.01239976455166], [153.8370784217576, 40.00388582157846], [153.8393447127162, 39.99534023397764], [153.84141625308183, 39.986765604817975], [153.84329241184324, 39.97816454601457], [153.84497261750428, 39.96953967753324], [153.84645635825805, 39.960893626592494], [153.84774318214272, 39.9522290268632], [153.8488326971793, 39.943548517666365], [153.84972457149092, 39.93485474316919], [153.85041853340405, 39.926150351579594], [153.85091437153116, 39.917437994339586], [153.85121193483513, 39.908720325317574], [153.85131113267533, 39.9], [154.71972597624247, 39.9], [154.71949451461532, 39.879652574258984], [154.71880020023937, 39.85931134654096], [154.71764324460946, 39.83898251298094], [154.7160240001455, 39.81867226593856], [154.71394296008506, 39.798386792111806], [154.71140075833307, 39.778132270652534], [154.70839816926883, 39.75791487128417], [154.70493610751004, 39.73774075242243], [154.70101562763426, 39.71761605929934], [154.69663792385762, 39.697546922091384], [154.69180432967116, 39.67753945405216], [154.6865163174344, 39.65759974965026], [154.6807754979272, 39.637733882712794], [154.67458361985868, 39.61794790457529], [154.66794256933497, 39.59824784223835], [154.66085436928435, 39.5786396965318], [154.65332117884125, 39.55912944028678], [154.6453452926884, 39.539723016516334], [154.63692914035806, 39.520426336605134], [154.62807528549172, 39.50124527850882], [154.6187864250593, 39.48218568496349], [154.60906538853777, 39.46325336170599], [154.59891513704895, 39.444454075705366], [154.58833876245777, 39.42579355340625], [154.57733948643042, 39.40727747898452], [154.56592065945293, 39.38891149261579], [154.5540857598106, 39.370701188757444], [154.54183839252846, 39.35265211444443], [154.52918228827332, 39.33476976759964], [154.5161213022171, 39.31705959535914], [154.50265941286264, 39.299526992412964], [154.4888007208319, 39.28217729936181], [154.47454944761668, 39.265015801090264], [154.4599099342929, 39.24804772515693], [154.4448866401981, 39.231278240202116], [154.42948414157323, 39.21471245437339], [154.41370713016852, 39.19835541376959], [154.39756041181454, 39.18221210090374], [154.38104890495808, 39.166287433185325], [154.3641776391641, 39.15058626142239], [154.3469517535836, 39.135113368343966], [154.32937649538817, 39.119873467143165], [154.31145721817174, 39.10487120004153], [154.29319938031972, 39.09011113687494], [154.2746085433464, 39.07559777370163], [154.2556903702008, 39.06133553143262], [154.23645062354174, 39.04732875448506], [154.21689516398243, 39.03358170945889], [154.19702994830527, 39.0200985838372], [154.17686102764745, 39.00688348471068], [154.15639454565752, 38.993940437526525], [154.13563673662415, 38.9812733848623], [154.11459392357713, 38.96888618522494], [154.0932725163611, 38.95678261187547], [154.07167900968327, 38.944966351679575], [154.04981998113493, 38.933441003984576], [154.02770208918795, 38.922210079523026], [154.0053320711665, 38.91127699934332], [153.9827167411947, 38.900645093767594], [153.95986298812124, 38.89031760137727], [153.9367777734206, 38.88029766802658], [153.91346812907287, 38.870588345884286], [153.8899411554215, 38.86119259250397], [153.86620401901055, 38.85211326992313], [153.8422639504018, 38.84335314379138], [153.81812824197195, 38.834914882528004], [153.7938042456917, 38.82680105650912], [153.76929937088585, 38.819014137284725], [153.74462108197673, 38.811556496825865], [153.7197768962102, 38.80443040680206], [153.69477438136585, 38.79763803788937], [153.66962115345197, 38.791181459109154], [153.64432487438543, 38.78506263719785], [153.61889324965787, 38.779283436007915], [153.59333402598855, 38.77384561593998], [153.56765498896462, 38.76875083340674], [153.5418639606695, 38.764000640328305], [153.51596879730025, 38.75959648365949], [153.48997738677446, 38.7555397049491], [153.46389764632758, 38.75183153993121], [153.43773752010122, 38.74847311814882], [153.41150497672322, 38.74546546260973], [153.38520800688042, 38.74280948947496], [153.35885462088456, 38.74050600777964], [153.33245284623231, 38.738555719186635], [153.30601072516, 38.73695921777272], [153.27953631219387, 38.73571698984771], [153.25303767169657, 38.734829413806246], [153.22652287541067, 38.734296760012604], [153.2, 38.734119190718275], [153.2, 39.067227993370196], [153.18105508899237, 39.06735482858043], [153.16211594878814, 39.06773529557589], [153.14318834843291, 39.06836927846265], [153.12427805345712, 39.06925658412337], [153.10539082411975, 39.07039694227617], [153.08653241365388, 39.07179000555689], [153.06770856651397, 39.073435349624965], [153.04892501662624, 39.07533247329266], [153.03018748564196, 39.077480798677726], [153.01150168119455, 39.07987967137944], [152.99287329516108, 39.08252836067793], [152.9743080019284, 39.085426059756784], [152.95581145666463, 39.08857188594879], [152.93738929359668, 39.09196488100482], [152.91904712429385, 39.0956040113857], [152.90079053595863, 39.09948816857708], [152.88262508972468, 39.10361616942704], [152.86455631896285, 39.107986756506534], [152.84658972759578, 39.112598598492404], [152.82873078842127, 39.117450290572904], [152.81098494144516, 39.12254035487562], [152.79335759222437, 39.12786724091766], [152.77585411022022, 39.13342932607794], [152.7584798271629, 39.13922491609143], [152.7412400354273, 39.145252245565274], [152.72413998642102, 39.15150947851652], [152.70718488898464, 39.157994708931405], [152.69037990780507, 39.164705961345916], [152.6737301618424, 39.171641191447556], [152.65724072277052, 39.17879828669805], [152.64091661343232, 39.18617506697685], [152.62476280630963, 39.19376928524523], [152.60878422200858, 39.201578628230735], [152.59298572776075, 39.209600717131835], [152.5773721359405, 39.21783310834255], [152.56194820259918, 39.226273294196766], [152.54671862601631, 39.2349187037321], [152.53168804526842, 39.243766703473064], [152.51686103881605, 39.25281459823323], [152.50224212310894, 39.2620596319362], [152.4878357512105, 39.27149898845515], [152.47364631144112, 39.28112979247064], [152.45967812604158, 39.29094911034647], [152.44593544985656, 39.3009539510233], [152.43242246903827, 39.31114126692974], [152.4191432997716, 39.32150795491067], [152.40610198702018, 39.33205085717252], [152.39330250329414, 39.34276676224512], [152.38074874744026, 39.35365240595998], [152.3684445434542, 39.364704472444565], [152.35639363931563, 39.37591959513237], [152.34459970584675, 39.387294357788385], [152.33306633559388, 39.398825295549706], [152.3217970417334, 39.41050889598099], [152.31079525700133, 39.42234160014437], [152.3000643326479, 39.43431980368352], [152.28960753741663, 39.44643985792162], [152.27942805654862, 39.45869807097272], [152.26952899081238, 39.471090708866406], [152.2599133555592, 39.4836139966851], [152.25058407980475, 39.49626411971403], [152.24154400533678, 39.50903722460316], [152.23279588584955, 39.52192942054103], [152.22434238610504, 39.53493678043985], [152.2161860811211, 39.548055342131796], [152.2083294553873, 39.561281109575894], [152.20077490210787, 39.57461005407526], [152.193524722473, 39.588038115504276], [152.1865811249576, 39.60156120354535], [152.17994622464875, 39.61517519893487], [152.17362204260135, 39.62887595471795], [152.16761050522254, 39.64265929751166], [152.1619134436848, 39.65652102877627], [152.1565325933683, 39.67045692609415], [152.15146959333214, 39.68446274445596], [152.1467259858152, 39.69853421755378], [152.14230321576628, 39.712667059080566], [152.13820263040398, 39.726856964035896], [152.1344254788063, 39.74109961003726], [152.13097291153025, 39.7553906586367], [152.1278459802612, 39.76972575664239], [152.1250456374928, 39.784100537444594], [152.12257273623655, 39.79851062234584], [152.12042802976208, 39.81295162189466], [152.1186121713678, 39.82741913722272], [152.11712571418175, 39.84190876138469], [152.11596911099323, 39.856416080700676], [152.1151427141147, 39.87093667610068], [152.11464677527474, 39.8854661244707], [152.11448144554106, 39.9], [152.76579257821643, 39.9], [152.76585871010988, 39.90581355021172], [152.76605708564588, 39.911625329559726], [152.76638764439727, 39.917433567719726], [152.7668502856727, 39.923236495446126], [152.7674448685471, 39.92903234511091], [152.76817121190481, 39.93481935124213], [152.7690290944946, 39.940595751061664], [152.77001825499713, 39.94635978502216], [152.7711383921045, 39.95210969734304], [152.7723891646121, 39.957843736545314], [152.77377019152252, 39.96356015598509], [152.77528105216157, 39.969257214385635], [152.7769212863065, 39.97493317636777], [152.77869039432608, 39.98058631297849], [152.78058783733286, 39.98621490221761], [152.78261303734732, 39.99181722956234], [152.78476537747392, 39.99739158848949], [152.78704420208902, 40.002936280995335], [152.78944881704055, 40.00844961811282], [152.7919784898595, 40.01392992042605], [152.79463244998303, 40.01937551858186], [152.7974098889892, 40.024784753798286], [152.80030996084315, 40.03015597836989], [152.8033317821549, 40.03548755616964], [152.80647443244843, 40.04077786314728], [152.809736954442, 40.04602528782406], [152.81311835433982, 40.05122823178358], [152.8166176021347, 40.05638511015873], [152.8202336319219, 40.06149435211439], [152.8239653422237, 40.06655440132596], [152.82781159632495, 40.07156371645344], [152.83177122261944, 40.07652077161091], [152.83584301496666, 40.08142405683135], [152.84002573305915, 40.08627207852659], [152.84431810280051, 40.091063359942254], [152.84871881669335, 40.095796441607604], [152.85322653423754, 40.100469881780114], [152.85783988233868, 40.10508225688464], [152.86255745572623, 40.10963216194705], [152.86737781738168, 40.11411821102217], [152.8722994989761, 40.11853903761601], [152.87732100131765, 40.12289329510195], [152.88244079480805, 40.12717965713099], [152.88765731990864, 40.13139681803573], [152.8929689876153, 40.135543493228106], [152.8983741799426, 40.139618419590676], [152.90387125041664, 40.14362035586141], [152.90945852457642, 40.14754808301174], [152.9151343004842, 40.15140040461794], [152.92089684924358, 40.15517614722552], [152.9267444155264, 40.1588741607067], [152.93267521810736, 40.16249331861077], [152.93868745040652, 40.16603251850716], [152.94477928103967, 40.169490682321296], [152.9509488543762, 40.17286675666298], [152.9571942911043, 40.176159713147264], [152.96351368880343, 40.17936854870771], [152.96990512252384, 40.18249228590191], [152.97636664537293, 40.185529973209256], [152.9828962891082, 40.188480685320776], [152.98949206473696, 40.191343523420976], [152.99615196312203, 40.19411761546163], [153.00287395559386, 40.196802116427435], [153.0096559945684, 40.19939620859339], [153.0164960141709, 40.20189910177389], [153.02339193086513, 40.204310033563424], [153.03034164408808, 40.206628269568824], [153.03734303688975, 40.20885310363293], [153.04439397657805, 40.21098385804975], [153.0514923153685, 40.21301988377084], [153.0586358910383, 40.21496056060304], [153.06582252758514, 40.216805297397386], [153.07305003588985, 40.21855353222918], [153.08031621438346, 40.220204732569165], [153.08761884971753, 40.22175839544572], [153.09495571743867, 40.22321404759807], [153.10232458266583, 40.22457124562048], [153.10972320077136, 40.22582957609728], [153.11714931806443, 40.226988655728825], [153.1246006724778, 40.228048131448226], [153.13207499425678, 40.22900768052891], [153.1395700066505, 40.22986701068293], [153.14708342660558, 40.23062586015001], [153.15461296546155, 40.23128399777724], [153.1621563296479, 40.23184122308953], [153.16971122138284, 40.23229736635065], [153.17727533937315, 40.232652288614936], [153.18484637951525, 40.23290588176964], [153.19242203559693, 40.23305806856783], [153.2, 40.23310880265192], [153.2, 40.39966320397788]]]}}, {"type": "Feature", "id": "TC100132219WindRadii_64_2609221200", "properties": {"description": "Tropical Cyclone DUJUAN-26", "name": "Tropical Cyclone DUJUAN-26", "htmldescription": "Green Tropical Cylone DUJUAN-26 in Japan from: 15 Sep 2026 12:00:00 to:20 Sep 2026 00:00:00.", "link": "https://www.gdacs.org/report.aspx?eventtype=TC&eventid=1001322&episodeid=19", "featureIndex": "830", "iconeventlink": "https://www.gdacs.org/images/gdacs_icons/maps/Green/TC.png", "iconitemlink": "https://www.gdacs.org/images/gdacs_icons/maps/Green/TC.png", "alertlevel": "Green", "eventtype": "TC", "eventname": "DUJUAN-26", "polygonlabel": "22/09 12:00", "polygontype": "WindRadii_64_2609221200", "fromdate": "15 Sep 2026 12:00:00", "todate": "20 Sep 2026 00:00:00", "country": "Japan", "countrylist": "Japan", "iso3": "JPN", "severity": "129.6288", "latitude": "28.7", "longitude": "137.5", "imageoverview": "https://www.gdacs.org/contentdata/resources/imgtemp/gdacs/tc/1001322/clouds_1001322_19.png", "Class": "Poly_WindRadii_64_2609221200"}, "geometry": {"type": "Polygon", "coordinates": [[[153.2, 39.9], [153.2, 39.9], [153.2, 39.9], [153.2, 39.9], [153.2, 39.9], [153.2, 39.9], [153.2, 39.9], [153.2, 39.9], [153.2, 39.9], [153.2, 39.9], [153.2, 39.9], [153.2, 39.9], [153.2, 39.9], [153.2, 39.9], [153.2, 39.9], [153.2, 39.9], [153.2, 39.9], [153.2, 39.9], [153.2, 39.9], [153.2, 39.9], [153.2, 39.9], [153.2, 39.9], [153.2, 39.9], [153.2, 39.9], [153.2, 39.9], [153.2, 39.9], [153.2, 39.9], [153.2, 39.9], [153.2, 39.9], [153.2, 39.9], [153.2, 39.9], [153.2, 39.9], [153.2, 39.9], [153.2, 39.9], [153.2, 39.9], [153.2, 39.9], [153.2, 39.9], [153.2, 39.9], [153.2, 39.9], [153.2, 39.9], [153.2, 39.9], [153.2, 39.9], [153.2, 39.9], [153.2, 39.9], [153.2, 39.9], [153.2, 39.9], [153.2, 39.9], [153.2, 39.9], [153.2, 39.9], [153.2, 39.9], [153.2, 39.9], [153.2, 39.9], [153.2, 39.9], [153.2, 39.9], [153.2, 39.9], [153.2, 39.9], [153.2, 39.9], [153.2, 39.9], [153.2, 39.9], [153.2, 39.9], [153.2, 39.9], [153.2, 39.9], [153.2, 39.9], [153.2, 39.9], [153.2, 39.9], [153.2, 39.9], [153.2, 39.9], [153.2, 39.9], [153.2, 39.9], [153.2, 39.9], [153.2, 39.9], [153.2, 39.9], [153.2, 39.9], [153.2, 39.9], [153.2, 39.9], [153.2, 39.9], [153.2, 39.9], [153.2, 39.9], [153.2, 39.9], [153.2, 39.9], [153.2, 39.9], [153.2, 39.9], [153.2, 39.9], [153.2, 39.9], [153.2, 39.9], [153.2, 39.9], [153.2, 39.9], [153.2, 39.9], [153.2, 39.9], [153.2, 39.9], [153.2, 39.9], [153.2, 39.9], [153.2, 39.9], [153.2, 39.9], [153.2, 39.9], [153.2, 39.9], [153.2, 39.9], [153.2, 39.9], [153.2, 39.9], [153.2, 39.9], [153.2, 39.9], [153.2, 39.9], [153.2, 39.9], [153.2, 39.9], [153.2, 39.9], [153.2, 39.9], [153.2, 39.9], [153.2, 39.9], [153.2, 39.9], [153.2, 39.9], [153.2, 39.9], [153.2, 39.9], [153.2, 39.9], [153.2, 39.9], [153.2, 39.9], [153.2, 39.9], [153.2, 39.9], [153.2, 39.9], [153.2, 39.9], [153.2, 39.9], [153.2, 39.9], [153.2, 39.9], [153.2, 39.9], [153.2, 39.9], [153.2, 39.9], [153.2, 39.9], [153.2, 39.9], [153.2, 39.9], [153.2, 39.9], [153.2, 39.9], [153.2, 39.9], [153.2, 39.9], [153.2, 39.9], [153.2, 39.9], [153.2, 39.9], [153.2, 39.9], [153.2, 39.9], [153.2, 39.9], [153.2, 39.9], [153.2, 39.9], [153.2, 39.9], [153.2, 39.9], [153.2, 39.9], [153.2, 39.9], [153.2, 39.9], [153.2, 39.9], [153.2, 39.9], [153.2, 39.9], [153.2, 39.9], [153.2, 39.9], [153.2, 39.9], [153.2, 39.9], [153.2, 39.9], [153.2, 39.9], [153.2, 39.9], [153.2, 39.9], [153.2, 39.9], [153.2, 39.9], [153.2, 39.9], [153.2, 39.9], [153.2, 39.9], [153.2, 39.9], [153.2, 39.9], [153.2, 39.9], [153.2, 39.9], [153.2, 39.9], [153.2, 39.9], [153.2, 39.9], [153.2, 39.9], [153.2, 39.9], [153.2, 39.9], [153.2, 39.9], [153.2, 39.9], [153.2, 39.9], [153.2, 39.9], [153.2, 39.9], [153.2, 39.9], [153.2, 39.9], [153.2, 39.9], [153.2, 39.9], [153.2, 39.9], [153.2, 39.9], [153.2, 39.9], [153.2, 39.9], [153.2, 39.9], [153.2, 39.9], [153.2, 39.9], [153.2, 39.9], [153.2, 39.9], [153.2, 39.9], [153.2, 39.9], [153.2, 39.9], [153.2, 39.9], [153.2, 39.9], [153.2, 39.9], [153.2, 39.9], [153.2, 39.9], [153.2, 39.9], [153.2, 39.9], [153.2, 39.9], [153.2, 39.9], [153.2, 39.9], [153.2, 39.9], [153.2, 39.9], [153.2, 39.9], [153.2, 39.9], [153.2, 39.9], [153.2, 39.9], [153.2, 39.9], [153.2, 39.9], [153.2, 39.9], [153.2, 39.9], [153.2, 39.9], [153.2, 39.9], [153.2, 39.9], [153.2, 39.9], [153.2, 39.9], [153.2, 39.9], [153.2, 39.9], [153.2, 39.9], [153.2, 39.9], [153.2, 39.9], [153.2, 39.9], [153.2, 39.9], [153.2, 39.9], [153.2, 39.9], [153.2, 39.9], [153.2, 39.9], [153.2, 39.9], [153.2, 39.9], [153.2, 39.9], [153.2, 39.9], [153.2, 39.9], [153.2, 39.9], [153.2, 39.9], [153.2, 39.9], [153.2, 39.9], [153.2, 39.9], [153.2, 39.9], [153.2, 39.9], [153.2, 39.9], [153.2, 39.9], [153.2, 39.9], [153.2, 39.9], [153.2, 39.9], [153.2, 39.9], [153.2, 39.9], [153.2, 39.9], [153.2, 39.9], [153.2, 39.9], [153.2, 39.9], [153.2, 39.9], [153.2, 39.9], [153.2, 39.9], [153.2, 39.9], [153.2, 39.9], [153.2, 39.9], [153.2, 39.9], [153.2, 39.9], [153.2, 39.9], [153.2, 39.9], [153.2, 39.9], [153.2, 39.9], [153.2, 39.9], [153.2, 39.9], [153.2, 39.9], [153.2, 39.9], [153.2, 39.9], [153.2, 39.9], [153.2, 39.9], [153.2, 39.9], [153.2, 39.9], [153.2, 39.9], [153.2, 39.9], [153.2, 39.9], [153.2, 39.9], [153.2, 39.9], [153.2, 39.9], [153.2, 39.9], [153.2, 39.9], [153.2, 39.9], [153.2, 39.9], [153.2, 39.9], [153.2, 39.9], [153.2, 39.9], [153.2, 39.9], [153.2, 39.9], [153.2, 39.9], [153.2, 39.9], [153.2, 39.9], [153.2, 39.9], [153.2, 39.9], [153.2, 39.9], [153.2, 39.9], [153.2, 39.9], [153.2, 39.9], [153.2, 39.9], [153.2, 39.9], [153.2, 39.9], [153.2, 39.9], [153.2, 39.9], [153.2, 39.9], [153.2, 39.9], [153.2, 39.9], [153.2, 39.9], [153.2, 39.9], [153.2, 39.9], [153.2, 39.9], [153.2, 39.9], [153.2, 39.9], [153.2, 39.9], [153.2, 39.9], [153.2, 39.9], [153.2, 39.9], [153.2, 39.9], [153.2, 39.9], [153.2, 39.9], [153.2, 39.9], [153.2, 39.9], [153.2, 39.9], [153.2, 39.9], [153.2, 39.9], [153.2, 39.9], [153.2, 39.9], [153.2, 39.9], [153.2, 39.9], [153.2, 39.9], [153.2, 39.9], [153.2, 39.9], [153.2, 39.9], [153.2, 39.9], [153.2, 39.9], [153.2, 39.9], [153.2, 39.9], [153.2, 39.9], [153.2, 39.9], [153.2, 39.9], [153.2, 39.9], [153.2, 39.9], [153.2, 39.9], [153.2, 39.9], [153.2, 39.9], [153.2, 39.9], [153.2, 39.9], [153.2, 39.9], [153.2, 39.9], [153.2, 39.9], [153.2, 39.9], [153.2, 39.9], [153.2, 39.9], [153.2, 39.9], [153.2, 39.9], [153.2, 39.9], [153.2, 39.9], [153.2, 39.9], [153.2, 39.9], [153.2, 39.9], [153.2, 39.9], [153.2, 39.9], [153.2, 39.9], [153.2, 39.9], [153.2, 39.9], [153.2, 39.9], [153.2, 39.9], [153.2, 39.9]]]}}, {"type": "Feature", "id": "TC100132219Polygon_Point_23", "properties": {"description": "Tropical Cyclone DUJUAN-26", "name": "Tropical Cyclone DUJUAN-26", "htmldescription": "Green Tropical Cylone DUJUAN-26 in Japan from: 15 Sep 2026 12:00:00 to:20 Sep 2026 00:00:00.", "link": "https://www.gdacs.org/report.aspx?eventtype=TC&eventid=1001322&episodeid=19", "featureIndex": "831", "iconeventlink": "https://www.gdacs.org/images/gdacs_icons/maps/Green/TC.png", "iconitemlink": "https://www.gdacs.org/images/gdacs_icons/maps/Green/TC.png", "alertlevel": "Green", "eventtype": "TC", "eventname": "DUJUAN-26", "polygonlabel": "22/09 12:00 UTC", "polygontype": "Polygon_Point_23", "fromdate": "15 Sep 2026 12:00:00", "todate": "20 Sep 2026 00:00:00", "country": "Japan", "countrylist": "Japan", "iso3": "JPN", "severity": "129.6288", "latitude": "28.7", "longitude": "137.5", "imageoverview": "https://www.gdacs.org/contentdata/resources/imgtemp/gdacs/tc/1001322/clouds_1001322_19.png", "Class": "Poly_Polygon_Point_23"}, "geometry": {"type": "Polygon", "coordinates": [[[153.2, 39.87], [153.2014720302298, 39.87003613631384], [153.20294051420987, 39.87014445819983], [153.20440191423364, 39.870324704701055], [153.20585270966046, 39.8705764415879], [153.2072894053971, 39.87089906240416], [153.20870854031762, 39.87129178992803], [153.21010669560175, 39.871753678044506], [153.21148050297094, 39.87228361402466], [153.2128266528029, 39.872880321206296], [153.21414190210476, 39.87354236206955], [153.2154230823258, 39.87426814169999], [153.21666710699057, 39.87505591163092], [153.21787097913477, 39.87590377405558], [153.2190317985249, 39.87680968639911], [153.2201467686454, 39.87777146623935], [153.22121320343558, 39.8787867965644], [153.22222853376064, 39.87985323135459], [153.22319031360087, 39.88096820147509], [153.2240962259444, 39.88212902086522], [153.22494408836906, 39.88333289300941], [153.2257318583, 39.8845769176742], [153.22645763793045, 39.885858097895216], [153.22711967879368, 39.88717334719709], [153.22771638597533, 39.888519497029044], [153.22824632195548, 39.88989330439823], [153.22870821007194, 39.891291459682364], [153.22910093759583, 39.8927105946029], [153.2294235584121, 39.89414729033952], [153.22967529529893, 39.89559808576634], [153.22985554180016, 39.89705948579011], [153.22996386368615, 39.89852796977018], [153.23, 39.9], [153.22996386368615, 39.90147203022982], [153.22985554180016, 39.90294051420989], [153.22967529529893, 39.90440191423366], [153.2294235584121, 39.90585270966048], [153.22910093759583, 39.907289405397094], [153.22870821007194, 39.90870854031763], [153.22824632195548, 39.91010669560177], [153.22771638597533, 39.91148050297095], [153.22711967879368, 39.912826652802906], [153.22645763793045, 39.91414190210478], [153.2257318583, 39.915423082325795], [153.22494408836906, 39.91666710699059], [153.2240962259444, 39.917870979134776], [153.22319031360087, 39.919031798524905], [153.22222853376064, 39.92014676864541], [153.22121320343558, 39.9212132034356], [153.2201467686454, 39.922228533760645], [153.2190317985249, 39.923190313600884], [153.21787097913477, 39.92409622594442], [153.21666710699057, 39.924944088369074], [153.2154230823258, 39.925731858300004], [153.21414190210476, 39.92645763793045], [153.2128266528029, 39.9271196787937], [153.21148050297094, 39.92771638597534], [153.21010669560175, 39.92824632195549], [153.20870854031762, 39.92870821007197], [153.2072894053971, 39.929100937595834], [153.20585270966046, 39.9294235584121], [153.20440191423364, 39.92967529529894], [153.20294051420987, 39.929855541800165], [153.2014720302298, 39.929963863686154], [153.2, 39.93], [153.19852796977017, 39.929963863686154], [153.1970594857901, 39.929855541800165], [153.19559808576633, 39.92967529529894], [153.19414729033952, 39.9294235584121], [153.1927105946029, 39.929100937595834], [153.19129145968236, 39.92870821007197], [153.18989330439823, 39.92824632195549], [153.18851949702903, 39.92771638597534], [153.18717334719707, 39.9271196787937], [153.18585809789522, 39.92645763793045], [153.18457691767418, 39.925731858300004], [153.1833328930094, 39.924944088369074], [153.1821290208652, 39.92409622594442], [153.18096820147508, 39.923190313600884], [153.17985323135457, 39.922228533760645], [153.1787867965644, 39.9212132034356], [153.17777146623934, 39.92014676864541], [153.1768096863991, 39.919031798524905], [153.17590377405557, 39.917870979134776], [153.17505591163092, 39.91666710699059], [153.17426814169997, 39.915423082325795], [153.17354236206953, 39.91414190210478], [153.1728803212063, 39.912826652802906], [153.17228361402465, 39.91148050297095], [153.1717536780445, 39.91010669560177], [153.17129178992803, 39.90870854031763], [153.17089906240415, 39.907289405397094], [153.17057644158788, 39.90585270966048], [153.17032470470104, 39.90440191423366], [153.17014445819981, 39.90294051420989], [153.17003613631383, 39.90147203022982], [153.17, 39.9], [153.17003613631383, 39.89852796977018], [153.17014445819981, 39.89705948579011], [153.17032470470104, 39.89559808576634], [153.17057644158788, 39.89414729033952], [153.17089906240415, 39.8927105946029], [153.17129178992803, 39.891291459682364], [153.1717536780445, 39.88989330439823], [153.17228361402465, 39.888519497029044], [153.1728803212063, 39.88717334719709], [153.17354236206953, 39.885858097895216], [153.17426814169997, 39.8845769176742], [153.17505591163092, 39.88333289300941], [153.17590377405557, 39.88212902086522], [153.1768096863991, 39.88096820147509], [153.17777146623934, 39.87985323135459], [153.1787867965644, 39.8787867965644], [153.17985323135457, 39.87777146623935], [153.18096820147508, 39.87680968639911], [153.1821290208652, 39.87590377405558], [153.1833328930094, 39.87505591163092], [153.18457691767418, 39.87426814169999], [153.18585809789522, 39.87354236206955], [153.18717334719707, 39.872880321206296], [153.18851949702903, 39.87228361402466], [153.18989330439823, 39.871753678044506], [153.19129145968236, 39.87129178992803], [153.1927105946029, 39.87089906240416], [153.19414729033952, 39.8705764415879], [153.19559808576633, 39.870324704701055], [153.1970594857901, 39.87014445819983], [153.19852796977017, 39.87003613631384], [153.2, 39.87]]]}}, {"type": "Feature", "id": "TC100132219WindRadii_34_2609230000", "properties": {"description": "Tropical Cyclone DUJUAN-26", "name": "Tropical Cyclone DUJUAN-26", "htmldescription": "Green Tropical Cylone DUJUAN-26 in Japan from: 15 Sep 2026 12:00:00 to:20 Sep 2026 00:00:00.", "link": "https://www.gdacs.org/report.aspx?eventtype=TC&eventid=1001322&episodeid=19", "featureIndex": "832", "iconeventlink": "https://www.gdacs.org/images/gdacs_icons/maps/Green/TC.png", "iconitemlink": "https://www.gdacs.org/images/gdacs_icons/maps/Green/TC.png", "alertlevel": "Green", "eventtype": "TC", "eventname": "DUJUAN-26", "polygonlabel": "23/09 00:00", "polygontype": "WindRadii_34_2609230000", "fromdate": "15 Sep 2026 12:00:00", "todate": "20 Sep 2026 00:00:00", "country": "Japan", "countrylist": "Japan", "iso3": "JPN", "severity": "129.6288", "latitude": "28.7", "longitude": "137.5", "imageoverview": "https://www.gdacs.org/contentdata/resources/imgtemp/gdacs/tc/1001322/clouds_1001322_19.png", "Class": "Poly_WindRadii_34_2609230000"}, "geometry": {"type": "Polygon", "coordinates": [[[161.0, 43.49898961193364], [161.03520306548043, 43.498761308555224], [161.0703954077661, 43.498076467963394], [161.10556630692867, 43.496935298767234], [161.14070504957147, 43.49533814857792], [161.17580093209313, 43.4932855039029], [161.21084326394785, 43.490777989997596], [161.24582137090187, 43.487816370675056], [161.28072459828502, 43.4844015480732], [161.31554231423607, 43.480534562380086], [161.3502639129415, 43.47621659151701], [161.38487881786594, 43.471448950779724], [161.41937648497407, 43.46623309243779], [161.4537464059423, 43.460570605292176], [161.4879781113597, 43.45446321419133], [161.52206117391725, 43.447912779505735], [161.5559852115839, 43.44092129656126], [161.58973989076918, 43.433490895031326], [161.62331492947075, 43.42562383828823], [161.65670010040665, 43.41732252271367], [161.68988523413034, 43.40858947696877], [161.72286022212867, 43.399427361223886], [161.75561501990083, 43.38983896634821], [161.7881396500181, 43.379827213059706], [161.82042420516314, 43.36939515103542], [161.85245885114762, 43.35854595798251], [161.8842338299081, 43.347282938670254], [161.91573946247823, 43.335609523923466], [161.94696615193712, 43.32352926957734], [161.97790438633265, 43.3110458553944], [162.00854474157893, 43.29816308394351], [162.03887788432695, 43.28488487944166], [162.06889457480756, 43.271215286558586], [162.09858566964607, 43.25715846918468], [162.12794212464735, 43.24271870916269], [162.15695499755086, 43.2279004049834], [162.18561545075445, 43.21270807044582], [162.2139147540064, 43.19714633328222], [162.24184428706485, 43.18121993374847], [162.26939554232342, 43.164933723180184], [162.2965601274029, 43.14829266251484], [162.32332976770752, 43.131301820780735], [162.3496963089455, 43.113966373552856], [162.375651719613, 43.09629160137635], [162.40118809344042, 43.07828288815806], [162.426297651801, 43.05994571952647], [162.45097274607997, 43.04128568116079], [162.4752058600046, 43.022308457089466], [162.49898961193364, 43.00301982795879], [162.52231675710584, 42.983425669272044], [162.5451801898468, 42.963531949599776], [162.56757294573347, 42.94334472876172], [162.58948820371543, 42.9228701559809], [162.6109192881928, 42.902114468010524], [162.63185967104968, 42.88108398723421], [162.6523029736426, 42.85978511974014], [162.6722429687435, 42.83822435336966], [162.69167358243675, 42.81640825574109], [162.71058889596918, 42.79434347224909], [162.72898314755304, 42.77203672404047], [162.74685073412113, 42.74949480596682], [162.7641862130335, 42.726724584514756], [162.7809843037353, 42.703732995714304], [162.79723988936541, 42.680527043026146], [162.81294801831496, 42.65711379520826], [162.8281039057357, 42.63350038416276], [162.84270293499753, 42.60969400276338], [162.8567406590947, 42.58570190266453], [162.87021280200045, 42.5615313920923], [162.88311525996954, 42.53718983361836], [162.8954441027883, 42.51268464191723], [162.90719557497178, 42.48802328150769], [162.9183660969077, 42.463213264479], [162.9289522659469, 42.43826214820271], [162.9389508574397, 42.41317753303054], [162.94835882571826, 42.38796705997926], [162.95717330502433, 42.3626384084032], [162.96539161038214, 42.337199293654976], [162.97301123841626, 42.31165746473538], [162.98002986811417, 42.286020701932934], [162.98644536153324, 42.26029681445394], [162.9922557644521, 42.2344936380437], [162.99745930696568, 42.20861903259973], [163.00205440402453, 42.18268087977749], [163.00603965591756, 42.1566870805896], [163.0094138486985, 42.1306455529991], [163.01217595455546, 42.10456422950757], [163.0143251321243, 42.078451054738785], [163.01586072674465, 42.05231398301876], [163.0167822706596, 42.026160975952735], [163.01708948315786, 42.0], [165.48242107368415, 42.0], [165.48173837924352, 41.94186449788282], [165.47969050387704, 41.88374670440275], [165.4762780713873, 41.825664322802695], [165.47150212123435, 41.767635045538746], [165.46536410821886, 41.70967654889089], [165.45786590203906, 41.65180648757867], [165.44900978672118, 41.594042489383355], [165.43879845992373, 41.536402149778375], [165.42723503211576, 41.47890302656955], [165.41432302562944, 41.42156263454681], [165.40006637358704, 41.36439844014903], [165.3844694187028, 41.3074278561436], [165.36753691196031, 41.250668236322284], [165.3492740111652, 41.19413687021512], [165.3296862793739, 41.13785097782386], [165.30877968319928, 41.08182770437658], [165.28656059099308, 41.026084115105085], [165.26303577090601, 40.97063719004666], [165.23821238882618, 40.91550381887181], [165.21209800619624, 40.86070079573948], [165.1847005777101, 40.80624481418141], [165.15602844888986, 40.75215246201711], [165.12609035354376, 40.698440216301044], [165.09489541110563, 40.64512443830359], [165.06245312385713, 40.5922213685272], [165.02877337403322, 40.53974712175941], [164.993866420812, 40.487717682164124], [164.95774289718955, 40.43614889841266], [164.9204138067411, 40.38505647885611], [164.8818905202692, 40.3344559867404], [164.84218477234012, 40.28436283546562], [164.80130865770928, 40.234792283890904], [164.7592746276372, 40.18575943168647], [164.71609548609666, 40.137279214734086], [164.67178438587243, 40.089366400577475], [164.62635482455488, 40.042035583923976], [164.57982064042847, 39.99530118219884], [164.5321960082565, 39.94917743115355], [164.48349543496326, 39.903678380529506], [164.43373375521514, 39.85881788977827], [164.38292612690188, 39.81460962383991], [164.3310880265192, 39.77106704898048], [164.2782352444547, 39.72820342869008], [164.22438388017773, 39.68603181964269], [164.16955033733555, 39.64456506771896], [164.1137513187565, 39.60381580409321], [164.05700382136217, 39.56379644138588], [163.99932513099, 39.52451916988255], [163.9407328171278, 39.48599595382059], [163.881244727562, 39.448238527744806], [163.82087898294094, 39.41125839293293], [163.7596539712552, 39.375066813892275], [163.69758834223646, 39.33967481492841], [163.63470100167655, 39.30509317678706], [163.5710111056686, 39.27133243337021], [163.5065380547719, 39.23840286852736], [163.44130148810237, 39.20631451292294], [163.3753212773501, 39.175077140980925], [163.30861752072656, 39.14470026790741], [163.24121053684206, 39.1151931467922], [163.173120858517, 39.08656476579023], [163.1043692265269, 39.05882384538368], [163.03497658328493, 39.03197883572564], [162.96496406646244, 39.0060379140661], [162.89435300255028, 38.9810089822611], [162.8231649003625, 38.95689966436573], [162.75142144448472, 38.93371730431176], [162.67914448866853, 38.91146896367066], [162.60635604917482, 38.89016141950248], [162.53307829806747, 38.86980116229161], [162.45933355645923, 38.85039439396962], [162.3851442877128, 38.83194702602615], [162.31053309059814, 38.814464677708166], [162.2355226924087, 38.79795267430833], [162.16013594203835, 38.78241604554282], [162.08439580302158, 38.76785952401927], [162.0083253465384, 38.754287543795165], [161.93194774438683, 38.741704239027136], [161.85528626192433, 38.73011344271172], [161.7783642509811, 38.719518685517755], [161.70120514274683, 38.70992319471092], [161.62383244063338, 38.70132989317066], [161.5462697131153, 38.69374139849988], [161.46854058655074, 38.68716002222756], [161.3906687379847, 38.681587769104674], [161.31267788793656, 38.6770263364935], [161.2345917931748, 38.673477113850595], [161.15643423948026, 38.670941182303565], [161.07822903440098, 38.66941931432172], [161.0, 38.668911973480796], [161.0, 38.335803170828875], [160.91394806215894, 38.3363612457539], [160.8279223365717, 38.338035300533924], [160.74194902750773, 38.34082482523566], [160.65605432326979, 38.34472897014285], [160.57026438821683, 38.34974654601514], [160.48460535479418, 38.35587602445032], [160.3991033155732, 38.36311553834987], [160.31378431530328, 38.37146288248773], [160.22867434297848, 38.38091551418201], [160.1437993239208, 38.39147055406953], [160.05918511188324, 38.40312478698289], [159.9748574811745, 38.415874662929845], [159.89084211880774, 38.42971629817468], [159.8071646166763, 38.4446454764212], [159.72385046375783, 38.4606576500971], [159.64092503835045, 38.47774794173915], [159.55841360034202, 38.49591114547898], [159.47634128351592, 38.51514172862876], [159.39473308789485, 38.53543383336659], [159.3136138721258, 38.55678127852077], [159.23300834590768, 38.57917756145273], [159.15294106246463, 38.602615860037716], [159.0734364110668, 38.62708903474294], [158.99451860960124, 38.6525896308023], [158.9162116971947, 38.67910988048721], [158.8385395268913, 38.706641705472705], [158.76152575838657, 38.735176719298195], [158.6851938508204, 38.76470622992205], [158.60956705563132, 38.79522124236925], [158.5346684094737, 38.826712461471416], [158.46052072720082, 38.85917029469815], [158.38714659491487, 38.892584855079015], [158.3145683630874, 38.926945964215236], [158.2428081397509, 38.962243155380094], [158.17188778376456, 38.998465676707234], [158.10182889815582, 39.03560249446576], [158.0326528235399, 39.07364229642125], [157.96438063161926, 39.1125734952815], [157.89703311876497, 39.152384232226225], [157.83063079968178, 39.19306238051928], [157.76519390115942, 39.23459554920265], [157.700742355911, 39.2769710868708], [157.6372957965016, 39.32017608552447], [157.57487354936785, 39.364197384502525], [157.51349462893089, 39.40902157449085], [157.45317773180452, 39.45463500160696], [157.39394123109986, 39.50102377155908], [157.33580317082888, 39.54817375387852], [157.27878126040795, 39.596070586223895], [157.22289286926335, 39.6446996787561], [157.16815502154043, 39.69404621858246], [157.11458439091786, 39.74409517426891], [157.06219729552868, 39.79483130041872], [157.01100969298963, 39.84623914231637], [156.96103717554033, 39.89830304063523], [156.91229496529365, 39.951007136207494], [156.86479790959905, 40.00433537485512], [156.8185604765198, 40.058271512279994], [156.7735967504259, 40.11279911901218], [156.7299204277039, 40.167901585414434], [156.6875448125848, 40.22356212674172], [156.6464828130915, 40.27976378825393], [156.6067469371068, 40.33648945038054], [156.56834928856344, 40.39372183393535], [156.53130156375715, 40.45144350537991], [156.49561504778382, 40.50963688213395], [156.46130061110188, 40.568284237931145], [156.42836870622114, 40.62736770821882], [156.3968293645189, 40.68686929559955], [156.36669219318412, 40.74677087531343], [156.3379663722912, 40.80705420075899], [156.31066065200338, 40.86770090905133], [156.2847833499076, 40.92869252661559], [156.26034234848078, 40.99001047481424], [156.2373450926887, 41.05163607560625], [156.2157985877183, 41.11355055723663], [156.19570939684363, 41.175735059954505], [156.1770836394269, 41.23817064175796], [156.15992698905427, 41.30083828416394], [156.1442446718076, 41.36371889800149], [156.13004146467264, 41.426793329226506], [156.1173216940839, 41.49004236475622], [156.1060892346067, 41.553446738321696], [156.09634750775703, 41.61698713633653], [156.08809948095924, 41.68064420377998], [156.08134766664222, 41.74439855009262], [156.07609412147397, 41.80823075508297], [156.07234044573528, 41.872121374843026], [156.0700877828321, 41.9360509476711], [156.06933681894742, 42.0], [158.3105473557895, 42.0], [158.31095697245388, 42.03488130127031], [158.31218569767378, 42.06975197735835], [158.31423315716762, 42.10460140631838], [158.31709872725938, 42.13941897267675], [158.32078153506868, 42.174194070665465], [158.32528045877658, 42.2089161074528], [158.3305941279673, 42.24357450636999], [158.33672092404578, 42.27815871013297], [158.34365898073054, 42.31265818405827], [158.35140618462233, 42.347062419271914], [158.3599601758478, 42.38136093591058], [158.3693183487783, 42.41554328631384], [158.3794778528238, 42.44959905820663], [158.39043559330088, 42.48351787787093], [158.40218823237566, 42.51728941330568], [158.41473219008043, 42.55090337737405], [158.42806364540414, 42.58434953093695], [158.44217853745639, 42.617617685972], [158.45707256670428, 42.650697708676915], [158.47274119628224, 42.68357952255631], [158.48917965337395, 42.71625311149115], [158.5063829306661, 42.748708522789734], [158.52434578787376, 42.78093587021937], [158.5430627533366, 42.812925337017845], [158.56252812568573, 42.84466717888368], [158.58273597558005, 42.87615172694435], [158.6036801475128, 42.907369390701525], [158.62535426168628, 42.9383106609524], [158.64775171595534, 42.96896611268634], [158.67086568783847, 42.99932640795576], [158.69468913659594, 43.02938229872063], [158.71921480537443, 43.059124629665455], [158.74443522341767, 43.088544340988115], [158.77034270834199, 43.117632471159546], [158.79692936847655, 43.14638015965351], [158.82418710526707, 43.17477864964562], [158.8521076157429, 43.2028192906807], [158.8806823950461, 43.23049354130787], [158.90990273902204, 43.2577929716823], [158.93975974687092, 43.284709266133035], [158.97024432385888, 43.311234225696055], [159.00134718408847, 43.33735977061171], [159.0330588533272, 43.36307794278595], [159.06536967189336, 43.38838090821438], [159.09826979759868, 43.41326095936863], [159.1317492087461, 43.437710517544076], [159.1657977071827, 43.46172213516847], [159.200404921406, 43.48528849807047], [159.23556030972333, 43.508402427707644], [159.2712531634628, 43.531056883353116], [159.30747261023544, 43.55324496424024], [159.34420761724687, 43.574959911664635], [159.38144699465812, 43.59619511104296], [159.4191793989941, 43.61694409392776], [159.45739333659884, 43.63720053997787], [159.49607716713686, 43.656958278883586], [159.53521910713857, 43.676211292246236], [159.57480723358992, 43.694953715411444], [159.61482948756407, 43.71317983925555], [159.65527367789474, 43.73088411192468], [159.69612748488981, 43.74806114052586], [159.73737846408386, 43.764705692769795], [159.77901405002905, 43.78081269856462], [159.82102156012255, 43.796377251560344], [159.86338819846983, 43.81139461064334], [159.9061010597825, 43.825860201380564], [159.94914713330917, 43.83976961741294], [159.99251330679888, 43.853118621797606], [160.0361863704951, 43.865903148298514], [160.08015302115953, 43.87811930262503], [160.12439986612446, 43.88976336361822], [160.16891342737233, 43.90083178438431], [160.21368014564112, 43.9113211933751], [160.25868638455478, 43.92122839541501], [160.303918434777, 43.93055037267431], [160.34936251818706, 43.939284285588435], [160.39500479207695, 43.947427473722904], [160.4408313533679, 43.95497745658372], [160.4868282428454, 43.96193193437297], [160.53298144941135, 43.96828878868935], [160.5792769143519, 43.97404608317345], [160.62570053561998, 43.979202064097606], [160.67223817213082, 43.983755160900074], [160.71887564806954, 43.98770398666346], [160.76559875720918, 43.99104733853719], [160.81239326723806, 43.9937841981039], [160.85924492409512, 43.99591373168964], [160.90613945631185, 43.99743529061786], [160.9530625793594, 43.998348411406965], [161.0, 43.99865281591152], [161.0, 43.49898961193364]]]}}, {"type": "Feature", "id": "TC100132219WindRadii_50_2609230000", "properties": {"description": "Tropical Cyclone DUJUAN-26", "name": "Tropical Cyclone DUJUAN-26", "htmldescription": "Green Tropical Cylone DUJUAN-26 in Japan from: 15 Sep 2026 12:00:00 to:20 Sep 2026 00:00:00.", "link": "https://www.gdacs.org/report.aspx?eventtype=TC&eventid=1001322&episodeid=19", "featureIndex": "833", "iconeventlink": "https://www.gdacs.org/images/gdacs_icons/maps/Green/TC.png", "iconitemlink": "https://www.gdacs.org/images/gdacs_icons/maps/Green/TC.png", "alertlevel": "Green", "eventtype": "TC", "eventname": "DUJUAN-26", "polygonlabel": "23/09 00:00", "polygontype": "WindRadii_50_2609230000", "fromdate": "15 Sep 2026 12:00:00", "todate": "20 Sep 2026 00:00:00", "country": "Japan", "countrylist": "Japan", "iso3": "JPN", "severity": "129.6288", "latitude": "28.7", "longitude": "137.5", "imageoverview": "https://www.gdacs.org/contentdata/resources/imgtemp/gdacs/tc/1001322/clouds_1001322_19.png", "Class": "Poly_WindRadii_50_2609230000"}, "geometry": {"type": "Polygon", "coordinates": [[[161.0, 42.0], [161.0, 42.0], [161.0, 42.0], [161.0, 42.0], [161.0, 42.0], [161.0, 42.0], [161.0, 42.0], [161.0, 42.0], [161.0, 42.0], [161.0, 42.0], [161.0, 42.0], [161.0, 42.0], [161.0, 42.0], [161.0, 42.0], [161.0, 42.0], [161.0, 42.0], [161.0, 42.0], [161.0, 42.0], [161.0, 42.0], [161.0, 42.0], [161.0, 42.0], [161.0, 42.0], [161.0, 42.0], [161.0, 42.0], [161.0, 42.0], [161.0, 42.0], [161.0, 42.0], [161.0, 42.0], [161.0, 42.0], [161.0, 42.0], [161.0, 42.0], [161.0, 42.0], [161.0, 42.0], [161.0, 42.0], [161.0, 42.0], [161.0, 42.0], [161.0, 42.0], [161.0, 42.0], [161.0, 42.0], [161.0, 42.0], [161.0, 42.0], [161.0, 42.0], [161.0, 42.0], [161.0, 42.0], [161.0, 42.0], [161.0, 42.0], [161.0, 42.0], [161.0, 42.0], [161.0, 42.0], [161.0, 42.0], [161.0, 42.0], [161.0, 42.0], [161.0, 42.0], [161.0, 42.0], [161.0, 42.0], [161.0, 42.0], [161.0, 42.0], [161.0, 42.0], [161.0, 42.0], [161.0, 42.0], [161.0, 42.0], [161.0, 42.0], [161.0, 42.0], [161.0, 42.0], [161.0, 42.0], [161.0, 42.0], [161.0, 42.0], [161.0, 42.0], [161.0, 42.0], [161.0, 42.0], [161.0, 42.0], [161.0, 42.0], [161.0, 42.0], [161.0, 42.0], [161.0, 42.0], [161.0, 42.0], [161.0, 42.0], [161.0, 42.0], [161.0, 42.0], [161.0, 42.0], [161.0, 42.0], [161.0, 42.0], [161.0, 42.0], [161.0, 42.0], [161.0, 42.0], [161.0, 42.0], [161.0, 42.0], [161.0, 42.0], [161.0, 42.0], [161.0, 42.0], [161.0, 42.0], [162.56884737578946, 42.0], [162.56860843273523, 41.979652574258985], [162.56789167635696, 41.959311346540964], [162.56669732498557, 41.93898251298094], [162.56502574243203, 41.91867226593856], [162.5628774378766, 41.89838679211181], [162.56025306571368, 41.878132270652536], [162.5571534253524, 41.85791487128417], [162.5535794609733, 41.837740752422434], [162.54953226124053, 41.81761605929934], [162.5450130589703, 41.797546922091385], [162.54002323075545, 41.77753945405216], [162.53456429654597, 41.75759974965026], [162.5286379191861, 41.737733882712796], [162.52224590390782, 41.71794790457529], [162.51539019778087, 41.69824784223835], [162.50807288911975, 41.6786396965318], [162.5002962068476, 41.659129440286776], [162.4920625198171, 41.639723016516335], [162.48337433608916, 41.620426336605135], [162.4742343021687, 41.60124527850882], [162.46464520219854, 41.58218568496349], [162.45460995711144, 41.56325336170599], [162.4441316237403, 41.54445407570537], [162.43321339388697, 41.52579355340625], [162.42185859334998, 41.50727747898452], [162.41007068091164, 41.48891149261579], [162.3978532472842, 41.470701188757445], [162.38521001401634, 41.45265211444443], [162.37214483235937, 41.43476976759964], [162.3586616820942, 41.41705959535914], [162.34476467031905, 41.399526992412966], [162.33045803019826, 41.382177299361814], [162.31574611967304, 41.365015801090266], [162.30063342013383, 41.34804772515693], [162.28512453505536, 41.33127824020212], [162.2692241885942, 41.31471245437339], [162.25293722414997, 41.29835541376959], [162.23626860288977, 41.28221210090374], [162.21922340223713, 41.266287433185326], [162.2018068143253, 41.25058626142239], [162.18402414441564, 41.23511336834397], [162.16588080928173, 41.21987346714317], [162.14738233555914, 41.20487120004153], [162.1285343580622, 41.19011113687495], [162.10934261806744, 41.17559777370163], [162.08981296156477, 41.16133553143262], [162.06995133747677, 41.14732875448506], [162.0497637958465, 41.133581709458895], [162.02925648599472, 41.120098583837205], [162.0084356546467, 41.10688348471068], [161.98730764402933, 41.09394043752653], [161.96587888993932, 41.0812733848623], [161.94415591978276, 41.06888618522494], [161.9221453505868, 41.05678261187547], [161.899853886984, 41.04496635167958], [161.87728831917016, 41.03344100398458], [161.8544555208358, 41.02221007952303], [161.83136244707254, 41.01127699934332], [161.8080161322543, 41.000645093767595], [161.78442368789473, 40.99031760137727], [161.76059230048094, 40.98029766802658], [161.73652922928443, 40.97058834588429], [161.71224180414973, 40.96119259250397], [161.68773742326186, 40.95211326992313], [161.6630235508926, 40.943353143791384], [161.6381077151269, 40.934914882528005], [161.61299750556964, 40.92680105650912], [161.587700571034, 40.91901413728473], [161.5622246172112, 40.91155649682587], [161.5365774043236, 40.904430406802064], [161.51076674476073, 40.89763803788937], [161.4848005006995, 40.891181459109156], [161.45868658170934, 40.885062637197855], [161.43243294234304, 40.87928343600792], [161.40604757971343, 40.873845615939985], [161.37953853105756, 40.86875083340674], [161.35291387128845, 40.86400064032831], [161.3261817105354, 40.859596483659494], [161.2993501916735, 40.8555397049491], [161.27242748784337, 40.85183153993121], [161.2454217999614, 40.848473118148824], [161.21834135422168, 40.84546546260973], [161.19119439959036, 40.84280948947496], [161.16398920529275, 40.840506007779645], [161.13673405829465, 40.83855571918664], [161.1094372607778, 40.83695921777272], [161.08210712761118, 40.83571698984771], [161.05475198381808, 40.83482941380625], [161.02738016204034, 40.834296760012606], [161.0, 40.834119190718276], [161.0, 41.33378239469616], [160.9843541931198, 41.33388386286435], [160.96871315210396, 41.33418823646071], [160.95308164136503, 41.33469542277012], [160.9374644224127, 41.3354052672987], [160.92186625240305, 41.33631755382093], [160.90629188268986, 41.33743200444551], [160.89074605737693, 41.33874827969998], [160.87523351187332, 41.34026597863413], [160.85975897145065, 41.341984638942186], [160.84432714980377, 41.34390373710355], [160.82894274761514, 41.34602268854234], [160.81361045112263, 41.348340847805424], [160.7983349306923, 41.350857508759034], [160.78312083939568, 41.35357190480386], [160.76797281159233, 41.35648320910856], [160.75289546151825, 41.35959053486167], [160.73789338188038, 41.36289293554163], [160.72297114245745, 41.36638940520523], [160.70813328870815, 41.370078878793926], [160.6933843403865, 41.37396023245832], [160.67872879016502, 41.378032283900495], [160.6641711022663, 41.38229379273413], [160.64971571110306, 41.386743460862355], [160.6353670199275, 41.39137993287314], [160.62112939948994, 41.39620179645222], [160.6070071867075, 41.40120758281322], [160.59300468334303, 41.40639576714513], [160.57912615469462, 41.41176476907673], [160.5653758282966, 41.417312953158046], [160.55175789263157, 41.42303862935844], [160.5382764958547, 41.428940053581485], [160.52493574452998, 41.43501542819619], [160.51173970237951, 41.44126290258459], [160.49869238904563, 41.44768057370547], [160.48579777886627, 41.454266486674044], [160.4730597996647, 41.46101863535741], [160.4604823315527, 41.46793496298568], [160.44806920574896, 41.475013362778455], [160.4358242034118, 41.482251678586586], [160.4237510544876, 41.48964770554896], [160.41185343657443, 41.49719919076412], [160.400134973802, 41.50490383397651], [160.38859923572755, 41.512759288277174], [160.3772497362487, 41.52076316081864], [160.3660899325329, 41.52891301354379], [160.35512322396445, 41.53720636392854], [160.34435295110907, 41.545640685738014], [160.33378239469616, 41.55421340979609], [160.32341477461964, 41.562921924767984], [160.31325324895698, 41.57176357795566], [160.30330091300735, 41.5807356761059], [160.2935607983487, 41.58983548623071], [160.2840358719143, 41.59906023643977], [160.27472903508902, 41.6084071167848], [160.2656431228255, 41.6178732801155], [160.25678090278066, 41.627455842946816], [160.24814507447255, 41.63715188633729], [160.23973826845815, 41.64695845677818], [160.23156304553197, 41.656872567093124], [160.22362189594617, 41.66689119734808], [160.21591723865177, 41.67701129577122], [160.20845142056208, 41.68722977968253], [160.2012267158376, 41.697543536432825], [160.19424532519335, 41.70794942435188], [160.1875093752286, 41.71844427370544], [160.18102091777888, 41.72902488766072], [160.17478192929124, 41.73968804326021], [160.16879431022204, 41.750430492403424], [160.163059884458, 41.761248962836284], [160.15758039876076, 41.772140159147895], [160.15235752223475, 41.783100763774364], [160.14739284581879, 41.79412743800933], [160.14268788180138, 41.80521682302102], [160.13824406336013, 41.81636554087532], [160.13406274412523, 41.827570195564775], [160.13014519776695, 41.83882737404302], [160.12649261760794, 41.85013364726446], [160.12310611625944, 41.86148557122872], [160.1199867252826, 41.872879688029805], [160.1171353948741, 41.88431252690936], [160.11455299357684, 41.89578060531391], [160.11224030801526, 41.90728042995568], [160.11019804265575, 41.91880849787667], [160.10842681959218, 41.93036129751573], [160.10692717835622, 41.94193530977818], [160.10569957575314, 41.953527009107745], [160.10474438572254, 41.96513286456054], [160.1040618992246, 41.97674934088055], [160.10365232415128, 41.98837289957656], [160.10351578526317, 42.0], [161.0, 42.0], [161.0, 42.0], [161.0, 42.0], [161.0, 42.0], [161.0, 42.0], [161.0, 42.0], [161.0, 42.0], [161.0, 42.0], [161.0, 42.0], [161.0, 42.0], [161.0, 42.0], [161.0, 42.0], [161.0, 42.0], [161.0, 42.0], [161.0, 42.0], [161.0, 42.0], [161.0, 42.0], [161.0, 42.0], [161.0, 42.0], [161.0, 42.0], [161.0, 42.0], [161.0, 42.0], [161.0, 42.0], [161.0, 42.0], [161.0, 42.0], [161.0, 42.0], [161.0, 42.0], [161.0, 42.0], [161.0, 42.0], [161.0, 42.0], [161.0, 42.0], [161.0, 42.0], [161.0, 42.0], [161.0, 42.0], [161.0, 42.0], [161.0, 42.0], [161.0, 42.0], [161.0, 42.0], [161.0, 42.0], [161.0, 42.0], [161.0, 42.0], [161.0, 42.0], [161.0, 42.0], [161.0, 42.0], [161.0, 42.0], [161.0, 42.0], [161.0, 42.0], [161.0, 42.0], [161.0, 42.0], [161.0, 42.0], [161.0, 42.0], [161.0, 42.0], [161.0, 42.0], [161.0, 42.0], [161.0, 42.0], [161.0, 42.0], [161.0, 42.0], [161.0, 42.0], [161.0, 42.0], [161.0, 42.0], [161.0, 42.0], [161.0, 42.0], [161.0, 42.0], [161.0, 42.0], [161.0, 42.0], [161.0, 42.0], [161.0, 42.0], [161.0, 42.0], [161.0, 42.0], [161.0, 42.0], [161.0, 42.0], [161.0, 42.0], [161.0, 42.0], [161.0, 42.0], [161.0, 42.0], [161.0, 42.0], [161.0, 42.0], [161.0, 42.0], [161.0, 42.0], [161.0, 42.0], [161.0, 42.0], [161.0, 42.0], [161.0, 42.0], [161.0, 42.0], [161.0, 42.0], [161.0, 42.0], [161.0, 42.0], [161.0, 42.0], [161.0, 42.0], [161.0, 42.0], [161.0, 42.0], [161.0, 42.0]]]}}, {"type": "Feature", "id": "TC100132219WindRadii_64_2609230000", "properties": {"description": "Tropical Cyclone DUJUAN-26", "name": "Tropical Cyclone DUJUAN-26", "htmldescription": "Green Tropical Cylone DUJUAN-26 in Japan from: 15 Sep 2026 12:00:00 to:20 Sep 2026 00:00:00.", "link": "https://www.gdacs.org/report.aspx?eventtype=TC&eventid=1001322&episodeid=19", "featureIndex": "834", "iconeventlink": "https://www.gdacs.org/images/gdacs_icons/maps/Green/TC.png", "iconitemlink": "https://www.gdacs.org/images/gdacs_icons/maps/Green/TC.png", "alertlevel": "Green", "eventtype": "TC", "eventname": "DUJUAN-26", "polygonlabel": "23/09 00:00", "polygontype": "WindRadii_64_2609230000", "fromdate": "15 Sep 2026 12:00:00", "todate": "20 Sep 2026 00:00:00", "country": "Japan", "countrylist": "Japan", "iso3": "JPN", "severity": "129.6288", "latitude": "28.7", "longitude": "137.5", "imageoverview": "https://www.gdacs.org/contentdata/resources/imgtemp/gdacs/tc/1001322/clouds_1001322_19.png", "Class": "Poly_WindRadii_64_2609230000"}, "geometry": {"type": "Polygon", "coordinates": [[[161.0, 42.0], [161.0, 42.0], [161.0, 42.0], [161.0, 42.0], [161.0, 42.0], [161.0, 42.0], [161.0, 42.0], [161.0, 42.0], [161.0, 42.0], [161.0, 42.0], [161.0, 42.0], [161.0, 42.0], [161.0, 42.0], [161.0, 42.0], [161.0, 42.0], [161.0, 42.0], [161.0, 42.0], [161.0, 42.0], [161.0, 42.0], [161.0, 42.0], [161.0, 42.0], [161.0, 42.0], [161.0, 42.0], [161.0, 42.0], [161.0, 42.0], [161.0, 42.0], [161.0, 42.0], [161.0, 42.0], [161.0, 42.0], [161.0, 42.0], [161.0, 42.0], [161.0, 42.0], [161.0, 42.0], [161.0, 42.0], [161.0, 42.0], [161.0, 42.0], [161.0, 42.0], [161.0, 42.0], [161.0, 42.0], [161.0, 42.0], [161.0, 42.0], [161.0, 42.0], [161.0, 42.0], [161.0, 42.0], [161.0, 42.0], [161.0, 42.0], [161.0, 42.0], [161.0, 42.0], [161.0, 42.0], [161.0, 42.0], [161.0, 42.0], [161.0, 42.0], [161.0, 42.0], [161.0, 42.0], [161.0, 42.0], [161.0, 42.0], [161.0, 42.0], [161.0, 42.0], [161.0, 42.0], [161.0, 42.0], [161.0, 42.0], [161.0, 42.0], [161.0, 42.0], [161.0, 42.0], [161.0, 42.0], [161.0, 42.0], [161.0, 42.0], [161.0, 42.0], [161.0, 42.0], [161.0, 42.0], [161.0, 42.0], [161.0, 42.0], [161.0, 42.0], [161.0, 42.0], [161.0, 42.0], [161.0, 42.0], [161.0, 42.0], [161.0, 42.0], [161.0, 42.0], [161.0, 42.0], [161.0, 42.0], [161.0, 42.0], [161.0, 42.0], [161.0, 42.0], [161.0, 42.0], [161.0, 42.0], [161.0, 42.0], [161.0, 42.0], [161.0, 42.0], [161.0, 42.0], [161.0, 42.0], [161.0, 42.0], [161.0, 42.0], [161.0, 42.0], [161.0, 42.0], [161.0, 42.0], [161.0, 42.0], [161.0, 42.0], [161.0, 42.0], [161.0, 42.0], [161.0, 42.0], [161.0, 42.0], [161.0, 42.0], [161.0, 42.0], [161.0, 42.0], [161.0, 42.0], [161.0, 42.0], [161.0, 42.0], [161.0, 42.0], [161.0, 42.0], [161.0, 42.0], [161.0, 42.0], [161.0, 42.0], [161.0, 42.0], [161.0, 42.0], [161.0, 42.0], [161.0, 42.0], [161.0, 42.0], [161.0, 42.0], [161.0, 42.0], [161.0, 42.0], [161.0, 42.0], [161.0, 42.0], [161.0, 42.0], [161.0, 42.0], [161.0, 42.0], [161.0, 42.0], [161.0, 42.0], [161.0, 42.0], [161.0, 42.0], [161.0, 42.0], [161.0, 42.0], [161.0, 42.0], [161.0, 42.0], [161.0, 42.0], [161.0, 42.0], [161.0, 42.0], [161.0, 42.0], [161.0, 42.0], [161.0, 42.0], [161.0, 42.0], [161.0, 42.0], [161.0, 42.0], [161.0, 42.0], [161.0, 42.0], [161.0, 42.0], [161.0, 42.0], [161.0, 42.0], [161.0, 42.0], [161.0, 42.0], [161.0, 42.0], [161.0, 42.0], [161.0, 42.0], [161.0, 42.0], [161.0, 42.0], [161.0, 42.0], [161.0, 42.0], [161.0, 42.0], [161.0, 42.0], [161.0, 42.0], [161.0, 42.0], [161.0, 42.0], [161.0, 42.0], [161.0, 42.0], [161.0, 42.0], [161.0, 42.0], [161.0, 42.0], [161.0, 42.0], [161.0, 42.0], [161.0, 42.0], [161.0, 42.0], [161.0, 42.0], [161.0, 42.0], [161.0, 42.0], [161.0, 42.0], [161.0, 42.0], [161.0, 42.0], [161.0, 42.0], [161.0, 42.0], [161.0, 42.0], [161.0, 42.0], [161.0, 42.0], [161.0, 42.0], [161.0, 42.0], [161.0, 42.0], [161.0, 42.0], [161.0, 42.0], [161.0, 42.0], [161.0, 42.0], [161.0, 42.0], [161.0, 42.0], [161.0, 42.0], [161.0, 42.0], [161.0, 42.0], [161.0, 42.0], [161.0, 42.0], [161.0, 42.0], [161.0, 42.0], [161.0, 42.0], [161.0, 42.0], [161.0, 42.0], [161.0, 42.0], [161.0, 42.0], [161.0, 42.0], [161.0, 42.0], [161.0, 42.0], [161.0, 42.0], [161.0, 42.0], [161.0, 42.0], [161.0, 42.0], [161.0, 42.0], [161.0, 42.0], [161.0, 42.0], [161.0, 42.0], [161.0, 42.0], [161.0, 42.0], [161.0, 42.0], [161.0, 42.0], [161.0, 42.0], [161.0, 42.0], [161.0, 42.0], [161.0, 42.0], [161.0, 42.0], [161.0, 42.0], [161.0, 42.0], [161.0, 42.0], [161.0, 42.0], [161.0, 42.0], [161.0, 42.0], [161.0, 42.0], [161.0, 42.0], [161.0, 42.0], [161.0, 42.0], [161.0, 42.0], [161.0, 42.0], [161.0, 42.0], [161.0, 42.0], [161.0, 42.0], [161.0, 42.0], [161.0, 42.0], [161.0, 42.0], [161.0, 42.0], [161.0, 42.0], [161.0, 42.0], [161.0, 42.0], [161.0, 42.0], [161.0, 42.0], [161.0, 42.0], [161.0, 42.0], [161.0, 42.0], [161.0, 42.0], [161.0, 42.0], [161.0, 42.0], [161.0, 42.0], [161.0, 42.0], [161.0, 42.0], [161.0, 42.0], [161.0, 42.0], [161.0, 42.0], [161.0, 42.0], [161.0, 42.0], [161.0, 42.0], [161.0, 42.0], [161.0, 42.0], [161.0, 42.0], [161.0, 42.0], [161.0, 42.0], [161.0, 42.0], [161.0, 42.0], [161.0, 42.0], [161.0, 42.0], [161.0, 42.0], [161.0, 42.0], [161.0, 42.0], [161.0, 42.0], [161.0, 42.0], [161.0, 42.0], [161.0, 42.0], [161.0, 42.0], [161.0, 42.0], [161.0, 42.0], [161.0, 42.0], [161.0, 42.0], [161.0, 42.0], [161.0, 42.0], [161.0, 42.0], [161.0, 42.0], [161.0, 42.0], [161.0, 42.0], [161.0, 42.0], [161.0, 42.0], [161.0, 42.0], [161.0, 42.0], [161.0, 42.0], [161.0, 42.0], [161.0, 42.0], [161.0, 42.0], [161.0, 42.0], [161.0, 42.0], [161.0, 42.0], [161.0, 42.0], [161.0, 42.0], [161.0, 42.0], [161.0, 42.0], [161.0, 42.0], [161.0, 42.0], [161.0, 42.0], [161.0, 42.0], [161.0, 42.0], [161.0, 42.0], [161.0, 42.0], [161.0, 42.0], [161.0, 42.0], [161.0, 42.0], [161.0, 42.0], [161.0, 42.0], [161.0, 42.0], [161.0, 42.0], [161.0, 42.0], [161.0, 42.0], [161.0, 42.0], [161.0, 42.0], [161.0, 42.0], [161.0, 42.0], [161.0, 42.0], [161.0, 42.0], [161.0, 42.0], [161.0, 42.0], [161.0, 42.0], [161.0, 42.0], [161.0, 42.0], [161.0, 42.0], [161.0, 42.0], [161.0, 42.0], [161.0, 42.0], [161.0, 42.0], [161.0, 42.0], [161.0, 42.0], [161.0, 42.0], [161.0, 42.0], [161.0, 42.0], [161.0, 42.0], [161.0, 42.0], [161.0, 42.0], [161.0, 42.0], [161.0, 42.0], [161.0, 42.0], [161.0, 42.0], [161.0, 42.0], [161.0, 42.0], [161.0, 42.0], [161.0, 42.0], [161.0, 42.0], [161.0, 42.0], [161.0, 42.0], [161.0, 42.0], [161.0, 42.0], [161.0, 42.0], [161.0, 42.0], [161.0, 42.0], [161.0, 42.0], [161.0, 42.0], [161.0, 42.0], [161.0, 42.0], [161.0, 42.0]]]}}, {"type": "Feature", "id": "TC100132219Polygon_Point_24", "properties": {"description": "Tropical Cyclone DUJUAN-26", "name": "Tropical Cyclone DUJUAN-26", "htmldescription": "Green Tropical Cylone DUJUAN-26 in Japan from: 15 Sep 2026 12:00:00 to:20 Sep 2026 00:00:00.", "link": "https://www.gdacs.org/report.aspx?eventtype=TC&eventid=1001322&episodeid=19", "featureIndex": "835", "iconeventlink": "https://www.gdacs.org/images/gdacs_icons/maps/Green/TC.png", "iconitemlink": "https://www.gdacs.org/images/gdacs_icons/maps/Green/TC.png", "alertlevel": "Green", "eventtype": "TC", "eventname": "DUJUAN-26", "polygonlabel": "23/09 00:00 UTC", "polygontype": "Polygon_Point_24", "fromdate": "15 Sep 2026 12:00:00", "todate": "20 Sep 2026 00:00:00", "country": "Japan", "countrylist": "Japan", "iso3": "JPN", "severity": "129.6288", "latitude": "28.7", "longitude": "137.5", "imageoverview": "https://www.gdacs.org/contentdata/resources/imgtemp/gdacs/tc/1001322/clouds_1001322_19.png", "Class": "Poly_Polygon_Point_24"}, "geometry": {"type": "Polygon", "coordinates": [[[161.0, 41.97], [161.00147203022982, 41.970036136313844], [161.00294051420988, 41.97014445819983], [161.00440191423365, 41.970324704701056], [161.00585270966047, 41.9705764415879], [161.0072894053971, 41.970899062404165], [161.00870854031763, 41.97129178992803], [161.01010669560176, 41.97175367804451], [161.01148050297095, 41.97228361402466], [161.01282665280291, 41.9728803212063], [161.01414190210477, 41.97354236206955], [161.0154230823258, 41.974268141699994], [161.01666710699058, 41.975055911630925], [161.01787097913478, 41.97590377405558], [161.0190317985249, 41.976809686399115], [161.02014676864542, 41.97777146623935], [161.0212132034356, 41.9787867965644], [161.02222853376065, 41.97985323135459], [161.02319031360088, 41.98096820147509], [161.02409622594442, 41.98212902086522], [161.02494408836907, 41.98333289300941], [161.02573185830002, 41.984576917674204], [161.02645763793046, 41.98585809789522], [161.0271196787937, 41.98717334719709], [161.02771638597534, 41.988519497029046], [161.0282463219555, 41.98989330439823], [161.02870821007195, 41.991291459682365], [161.02910093759584, 41.992710594602904], [161.0294235584121, 41.99414729033952], [161.02967529529894, 41.99559808576634], [161.02985554180017, 41.99705948579011], [161.02996386368616, 41.99852796977018], [161.03, 42.0], [161.02996386368616, 42.00147203022982], [161.02985554180017, 42.00294051420989], [161.02967529529894, 42.00440191423366], [161.0294235584121, 42.00585270966048], [161.02910093759584, 42.007289405397096], [161.02870821007195, 42.008708540317635], [161.0282463219555, 42.01010669560177], [161.02771638597534, 42.011480502970954], [161.0271196787937, 42.01282665280291], [161.02645763793046, 42.01414190210478], [161.02573185830002, 42.015423082325796], [161.02494408836907, 42.01666710699059], [161.02409622594442, 42.01787097913478], [161.02319031360088, 42.01903179852491], [161.02222853376065, 42.02014676864541], [161.0212132034356, 42.0212132034356], [161.02014676864542, 42.02222853376065], [161.0190317985249, 42.023190313600885], [161.01787097913478, 42.02409622594442], [161.01666710699058, 42.024944088369075], [161.0154230823258, 42.025731858300006], [161.01414190210477, 42.02645763793045], [161.01282665280291, 42.0271196787937], [161.01148050297095, 42.02771638597534], [161.01010669560176, 42.02824632195549], [161.00870854031763, 42.02870821007197], [161.0072894053971, 42.029100937595835], [161.00585270966047, 42.0294235584121], [161.00440191423365, 42.029675295298944], [161.00294051420988, 42.02985554180017], [161.00147203022982, 42.029963863686156], [161.0, 42.03], [160.99852796977018, 42.029963863686156], [160.99705948579012, 42.02985554180017], [160.99559808576635, 42.029675295298944], [160.99414729033953, 42.0294235584121], [160.9927105946029, 42.029100937595835], [160.99129145968237, 42.02870821007197], [160.98989330439824, 42.02824632195549], [160.98851949702905, 42.02771638597534], [160.98717334719709, 42.0271196787937], [160.98585809789523, 42.02645763793045], [160.9845769176742, 42.025731858300006], [160.98333289300942, 42.024944088369075], [160.98212902086522, 42.02409622594442], [160.9809682014751, 42.023190313600885], [160.97985323135458, 42.02222853376065], [160.9787867965644, 42.0212132034356], [160.97777146623935, 42.02014676864541], [160.97680968639912, 42.01903179852491], [160.97590377405558, 42.01787097913478], [160.97505591163093, 42.01666710699059], [160.97426814169998, 42.015423082325796], [160.97354236206954, 42.01414190210478], [160.9728803212063, 42.01282665280291], [160.97228361402466, 42.011480502970954], [160.9717536780445, 42.01010669560177], [160.97129178992805, 42.008708540317635], [160.97089906240416, 42.007289405397096], [160.9705764415879, 42.00585270966048], [160.97032470470106, 42.00440191423366], [160.97014445819983, 42.00294051420989], [160.97003613631384, 42.00147203022982], [160.97, 42.0], [160.97003613631384, 41.99852796977018], [160.97014445819983, 41.99705948579011], [160.97032470470106, 41.99559808576634], [160.9705764415879, 41.99414729033952], [160.97089906240416, 41.992710594602904], [160.97129178992805, 41.991291459682365], [160.9717536780445, 41.98989330439823], [160.97228361402466, 41.988519497029046], [160.9728803212063, 41.98717334719709], [160.97354236206954, 41.98585809789522], [160.97426814169998, 41.984576917674204], [160.97505591163093, 41.98333289300941], [160.97590377405558, 41.98212902086522], [160.97680968639912, 41.98096820147509], [160.97777146623935, 41.97985323135459], [160.9787867965644, 41.9787867965644], [160.97985323135458, 41.97777146623935], [160.9809682014751, 41.976809686399115], [160.98212902086522, 41.97590377405558], [160.98333289300942, 41.975055911630925], [160.9845769176742, 41.974268141699994], [160.98585809789523, 41.97354236206955], [160.98717334719709, 41.9728803212063], [160.98851949702905, 41.97228361402466], [160.98989330439824, 41.97175367804451], [160.99129145968237, 41.97129178992803], [160.9927105946029, 41.970899062404165], [160.99414729033953, 41.9705764415879], [160.99559808576635, 41.970324704701056], [160.99705948579012, 41.97014445819983], [160.99852796977018, 41.970036136313844], [161.0, 41.97]]]}}, {"type": "Feature", "id": "TC100132219Line_0", "properties": {"description": "Tropical Cyclone DUJUAN-26", "name": "Tropical Cyclone DUJUAN-26", "htmldescription": "Green Tropical Cylone DUJUAN-26 in Japan from: 15 Sep 2026 12:00:00 to:20 Sep 2026 00:00:00.", "link": "https://www.gdacs.org/report.aspx?eventtype=TC&eventid=1001322&episodeid=19", "featureIndex": "836", "iconeventlink": "https://www.gdacs.org/images/gdacs_icons/maps/Green/TC.png", "iconitemlink": "https://www.gdacs.org/images/gdacs_icons/maps/Green/TC.png", "alertlevel": "Green", "eventtype": "TC", "eventname": "DUJUAN-26", "polygonlabel": "HU", "polygontype": "Line_0", "fromdate": "15 Sep 2026 12:00:00", "todate": "20 Sep 2026 00:00:00", "country": "Japan", "countrylist": "Japan", "iso3": "JPN", "severity": "129.6288", "latitude": "28.7", "longitude": "137.5", "imageoverview": "https://www.gdacs.org/contentdata/resources/imgtemp/gdacs/tc/1001322/clouds_1001322_19.png", "Class": "Line_Line_0"}, "geometry": {"type": "LineString", "coordinates": [[137.5, 30.2], [138.5, 32.3]]}}, {"type": "Feature", "id": "TC100132219Line_1", "properties": {"description": "Tropical Cyclone DUJUAN-26", "name": "Tropical Cyclone DUJUAN-26", "htmldescription": "Green Tropical Cylone DUJUAN-26 in Japan from: 15 Sep 2026 12:00:00 to:20 Sep 2026 00:00:00.", "link": "https://www.gdacs.org/report.aspx?eventtype=TC&eventid=1001322&episodeid=19", "featureIndex": "837", "iconeventlink": "https://www.gdacs.org/images/gdacs_icons/maps/Green/TC.png", "iconitemlink": "https://www.gdacs.org/images/gdacs_icons/maps/Green/TC.png", "alertlevel": "Green", "eventtype": "TC", "eventname": "DUJUAN-26", "polygonlabel": "HU", "polygontype": "Line_1", "fromdate": "15 Sep 2026 12:00:00", "todate": "20 Sep 2026 00:00:00", "country": "Japan", "countrylist": "Japan", "iso3": "JPN", "severity": "129.6288", "latitude": "28.7", "longitude": "137.5", "imageoverview": "https://www.gdacs.org/contentdata/resources/imgtemp/gdacs/tc/1001322/clouds_1001322_19.png", "Class": "Line_Line_1"}, "geometry": {"type": "LineString", "coordinates": [[138.2, 27.8], [137.7, 28.5]]}}, {"type": "Feature", "id": "TC100132219Line_2", "properties": {"description": "Tropical Cyclone DUJUAN-26", "name": "Tropical Cyclone DUJUAN-26", "htmldescription": "Green Tropical Cylone DUJUAN-26 in Japan from: 15 Sep 2026 12:00:00 to:20 Sep 2026 00:00:00.", "link": "https://www.gdacs.org/report.aspx?eventtype=TC&eventid=1001322&episodeid=19", "featureIndex": "838", "iconeventlink": "https://www.gdacs.org/images/gdacs_icons/maps/Green/TC.png", "iconitemlink": "https://www.gdacs.org/images/gdacs_icons/maps/Green/TC.png", "alertlevel": "Green", "eventtype": "TC", "eventname": "DUJUAN-26", "polygonlabel": "HU", "polygontype": "Line_2", "fromdate": "15 Sep 2026 12:00:00", "todate": "20 Sep 2026 00:00:00", "country": "Japan", "countrylist": "Japan", "iso3": "JPN", "severity": "129.6288", "latitude": "28.7", "longitude": "137.5", "imageoverview": "https://www.gdacs.org/contentdata/resources/imgtemp/gdacs/tc/1001322/clouds_1001322_19.png", "Class": "Line_Line_2"}, "geometry": {"type": "LineString", "coordinates": [[138.5, 32.3], [141.5, 34.8]]}}, {"type": "Feature", "id": "TC100132219Line_3", "properties": {"description": "Tropical Cyclone DUJUAN-26", "name": "Tropical Cyclone DUJUAN-26", "htmldescription": "Green Tropical Cylone DUJUAN-26 in Japan from: 15 Sep 2026 12:00:00 to:20 Sep 2026 00:00:00.", "link": "https://www.gdacs.org/report.aspx?eventtype=TC&eventid=1001322&episodeid=19", "featureIndex": "839", "iconeventlink": "https://www.gdacs.org/images/gdacs_icons/maps/Green/TC.png", "iconitemlink": "https://www.gdacs.org/images/gdacs_icons/maps/Green/TC.png", "alertlevel": "Green", "eventtype": "TC", "eventname": "DUJUAN-26", "polygonlabel": "HU", "polygontype": "Line_3", "fromdate": "15 Sep 2026 12:00:00", "todate": "20 Sep 2026 00:00:00", "country": "Japan", "countrylist": "Japan", "iso3": "JPN", "severity": "129.6288", "latitude": "28.7", "longitude": "137.5", "imageoverview": "https://www.gdacs.org/contentdata/resources/imgtemp/gdacs/tc/1001322/clouds_1001322_19.png", "Class": "Line_Line_3"}, "geometry": {"type": "LineString", "coordinates": [[139.1, 27.0], [138.2, 27.8]]}}, {"type": "Feature", "id": "TC100132219Line_4", "properties": {"description": "Tropical Cyclone DUJUAN-26", "name": "Tropical Cyclone DUJUAN-26", "htmldescription": "Green Tropical Cylone DUJUAN-26 in Japan from: 15 Sep 2026 12:00:00 to:20 Sep 2026 00:00:00.", "link": "https://www.gdacs.org/report.aspx?eventtype=TC&eventid=1001322&episodeid=19", "featureIndex": "840", "iconeventlink": "https://www.gdacs.org/images/gdacs_icons/maps/Green/TC.png", "iconitemlink": "https://www.gdacs.org/images/gdacs_icons/maps/Green/TC.png", "alertlevel": "Green", "eventtype": "TC", "eventname": "DUJUAN-26", "polygonlabel": "HU", "polygontype": "Line_4", "fromdate": "15 Sep 2026 12:00:00", "todate": "20 Sep 2026 00:00:00", "country": "Japan", "countrylist": "Japan", "iso3": "JPN", "severity": "129.6288", "latitude": "28.7", "longitude": "137.5", "imageoverview": "https://www.gdacs.org/contentdata/resources/imgtemp/gdacs/tc/1001322/clouds_1001322_19.png", "Class": "Line_Line_4"}, "geometry": {"type": "LineString", "coordinates": [[139.7, 26.2], [139.1, 27.0]]}}, {"type": "Feature", "id": "TC100132219Line_5", "properties": {"description": "Tropical Cyclone DUJUAN-26", "name": "Tropical Cyclone DUJUAN-26", "htmldescription": "Green Tropical Cylone DUJUAN-26 in Japan from: 15 Sep 2026 12:00:00 to:20 Sep 2026 00:00:00.", "link": "https://www.gdacs.org/report.aspx?eventtype=TC&eventid=1001322&episodeid=19", "featureIndex": "841", "iconeventlink": "https://www.gdacs.org/images/gdacs_icons/maps/Green/TC.png", "iconitemlink": "https://www.gdacs.org/images/gdacs_icons/maps/Green/TC.png", "alertlevel": "Green", "eventtype": "TC", "eventname": "DUJUAN-26", "polygonlabel": "HU", "polygontype": "Line_5", "fromdate": "15 Sep 2026 12:00:00", "todate": "20 Sep 2026 00:00:00", "country": "Japan", "countrylist": "Japan", "iso3": "JPN", "severity": "129.6288", "latitude": "28.7", "longitude": "137.5", "imageoverview": "https://www.gdacs.org/contentdata/resources/imgtemp/gdacs/tc/1001322/clouds_1001322_19.png", "Class": "Line_Line_5"}, "geometry": {"type": "LineString", "coordinates": [[140.7, 26.2], [139.7, 26.2]]}}, {"type": "Feature", "id": "TC100132219Line_6", "properties": {"description": "Tropical Cyclone DUJUAN-26", "name": "Tropical Cyclone DUJUAN-26", "htmldescription": "Green Tropical Cylone DUJUAN-26 in Japan from: 15 Sep 2026 12:00:00 to:20 Sep 2026 00:00:00.", "link": "https://www.gdacs.org/report.aspx?eventtype=TC&eventid=1001322&episodeid=19", "featureIndex": "842", "iconeventlink": "https://www.gdacs.org/images/gdacs_icons/maps/Green/TC.png", "iconitemlink": "https://www.gdacs.org/images/gdacs_icons/maps/Green/TC.png", "alertlevel": "Green", "eventtype": "TC", "eventname": "DUJUAN-26", "polygonlabel": "HU", "polygontype": "Line_6", "fromdate": "15 Sep 2026 12:00:00", "todate": "20 Sep 2026 00:00:00", "country": "Japan", "countrylist": "Japan", "iso3": "JPN", "severity": "129.6288", "latitude": "28.7", "longitude": "137.5", "imageoverview": "https://www.gdacs.org/contentdata/resources/imgtemp/gdacs/tc/1001322/clouds_1001322_19.png", "Class": "Line_Line_6"}, "geometry": {"type": "LineString", "coordinates": [[141.5, 34.8], [146.5, 37.5]]}}, {"type": "Feature", "id": "TC100132219Line_7", "properties": {"description": "Tropical Cyclone DUJUAN-26", "name": "Tropical Cyclone DUJUAN-26", "htmldescription": "Green Tropical Cylone DUJUAN-26 in Japan from: 15 Sep 2026 12:00:00 to:20 Sep 2026 00:00:00.", "link": "https://www.gdacs.org/report.aspx?eventtype=TC&eventid=1001322&episodeid=19", "featureIndex": "843", "iconeventlink": "https://www.gdacs.org/images/gdacs_icons/maps/Green/TC.png", "iconitemlink": "https://www.gdacs.org/images/gdacs_icons/maps/Green/TC.png", "alertlevel": "Green", "eventtype": "TC", "eventname": "DUJUAN-26", "polygonlabel": "HU", "polygontype": "Line_7", "fromdate": "15 Sep 2026 12:00:00", "todate": "20 Sep 2026 00:00:00", "country": "Japan", "countrylist": "Japan", "iso3": "JPN", "severity": "129.6288", "latitude": "28.7", "longitude": "137.5", "imageoverview": "https://www.gdacs.org/contentdata/resources/imgtemp/gdacs/tc/1001322/clouds_1001322_19.png", "Class": "Line_Line_7"}, "geometry": {"type": "LineString", "coordinates": [[141.7, 25.4], [140.7, 26.2]]}}, {"type": "Feature", "id": "TC100132219Line_8", "properties": {"description": "Tropical Cyclone DUJUAN-26", "name": "Tropical Cyclone DUJUAN-26", "htmldescription": "Green Tropical Cylone DUJUAN-26 in Japan from: 15 Sep 2026 12:00:00 to:20 Sep 2026 00:00:00.", "link": "https://www.gdacs.org/report.aspx?eventtype=TC&eventid=1001322&episodeid=19", "featureIndex": "844", "iconeventlink": "https://www.gdacs.org/images/gdacs_icons/maps/Green/TC.png", "iconitemlink": "https://www.gdacs.org/images/gdacs_icons/maps/Green/TC.png", "alertlevel": "Green", "eventtype": "TC", "eventname": "DUJUAN-26", "polygonlabel": "HU", "polygontype": "Line_8", "fromdate": "15 Sep 2026 12:00:00", "todate": "20 Sep 2026 00:00:00", "country": "Japan", "countrylist": "Japan", "iso3": "JPN", "severity": "129.6288", "latitude": "28.7", "longitude": "137.5", "imageoverview": "https://www.gdacs.org/contentdata/resources/imgtemp/gdacs/tc/1001322/clouds_1001322_19.png", "Class": "Line_Line_8"}, "geometry": {"type": "LineString", "coordinates": [[148.6, 23.8], [146.0, 25.2]]}}, {"type": "Feature", "id": "TC100132219Line_9", "properties": {"description": "Tropical Cyclone DUJUAN-26", "name": "Tropical Cyclone DUJUAN-26", "htmldescription": "Green Tropical Cylone DUJUAN-26 in Japan from: 15 Sep 2026 12:00:00 to:20 Sep 2026 00:00:00.", "link": "https://www.gdacs.org/report.aspx?eventtype=TC&eventid=1001322&episodeid=19", "featureIndex": "845", "iconeventlink": "https://www.gdacs.org/images/gdacs_icons/maps/Green/TC.png", "iconitemlink": "https://www.gdacs.org/images/gdacs_icons/maps/Green/TC.png", "alertlevel": "Green", "eventtype": "TC", "eventname": "DUJUAN-26", "polygonlabel": "TD", "polygontype": "Line_9", "fromdate": "15 Sep 2026 12:00:00", "todate": "20 Sep 2026 00:00:00", "country": "Japan", "countrylist": "Japan", "iso3": "JPN", "severity": "129.6288", "latitude": "28.7", "longitude": "137.5", "imageoverview": "https://www.gdacs.org/contentdata/resources/imgtemp/gdacs/tc/1001322/clouds_1001322_19.png", "Class": "Line_Line_9"}, "geometry": {"type": "LineString", "coordinates": [[148.7, 15.0], [148.9, 15.4]]}}, {"type": "Feature", "id": "TC100132219Line_10", "properties": {"description": "Tropical Cyclone DUJUAN-26", "name": "Tropical Cyclone DUJUAN-26", "htmldescription": "Green Tropical Cylone DUJUAN-26 in Japan from: 15 Sep 2026 12:00:00 to:20 Sep 2026 00:00:00.", "link": "https://www.gdacs.org/report.aspx?eventtype=TC&eventid=1001322&episodeid=19", "featureIndex": "846", "iconeventlink": "https://www.gdacs.org/images/gdacs_icons/maps/Green/TC.png", "iconitemlink": "https://www.gdacs.org/images/gdacs_icons/maps/Green/TC.png", "alertlevel": "Green", "eventtype": "TC", "eventname": "DUJUAN-26", "polygonlabel": "TD", "polygontype": "Line_10", "fromdate": "15 Sep 2026 12:00:00", "todate": "20 Sep 2026 00:00:00", "country": "Japan", "countrylist": "Japan", "iso3": "JPN", "severity": "129.6288", "latitude": "28.7", "longitude": "137.5", "imageoverview": "https://www.gdacs.org/contentdata/resources/imgtemp/gdacs/tc/1001322/clouds_1001322_19.png", "Class": "Line_Line_10"}, "geometry": {"type": "LineString", "coordinates": [[148.8, 14.8], [148.7, 15.0]]}}, {"type": "Feature", "id": "TC100132219Line_11", "properties": {"description": "Tropical Cyclone DUJUAN-26", "name": "Tropical Cyclone DUJUAN-26", "htmldescription": "Green Tropical Cylone DUJUAN-26 in Japan from: 15 Sep 2026 12:00:00 to:20 Sep 2026 00:00:00.", "link": "https://www.gdacs.org/report.aspx?eventtype=TC&eventid=1001322&episodeid=19", "featureIndex": "847", "iconeventlink": "https://www.gdacs.org/images/gdacs_icons/maps/Green/TC.png", "iconitemlink": "https://www.gdacs.org/images/gdacs_icons/maps/Green/TC.png", "alertlevel": "Green", "eventtype": "TC", "eventname": "DUJUAN-26", "polygonlabel": "TD", "polygontype": "Line_11", "fromdate": "15 Sep 2026 12:00:00", "todate": "20 Sep 2026 00:00:00", "country": "Japan", "countrylist": "Japan", "iso3": "JPN", "severity": "129.6288", "latitude": "28.7", "longitude": "137.5", "imageoverview": "https://www.gdacs.org/contentdata/resources/imgtemp/gdacs/tc/1001322/clouds_1001322_19.png", "Class": "Line_Line_11"}, "geometry": {"type": "LineString", "coordinates": [[148.9, 14.9], [148.8, 14.8]]}}, {"type": "Feature", "id": "TC100132219Line_12", "properties": {"description": "Tropical Cyclone DUJUAN-26", "name": "Tropical Cyclone DUJUAN-26", "htmldescription": "Green Tropical Cylone DUJUAN-26 in Japan from: 15 Sep 2026 12:00:00 to:20 Sep 2026 00:00:00.", "link": "https://www.gdacs.org/report.aspx?eventtype=TC&eventid=1001322&episodeid=19", "featureIndex": "848", "iconeventlink": "https://www.gdacs.org/images/gdacs_icons/maps/Green/TC.png", "iconitemlink": "https://www.gdacs.org/images/gdacs_icons/maps/Green/TC.png", "alertlevel": "Green", "eventtype": "TC", "eventname": "DUJUAN-26", "polygonlabel": "TS", "polygontype": "Line_12", "fromdate": "15 Sep 2026 12:00:00", "todate": "20 Sep 2026 00:00:00", "country": "Japan", "countrylist": "Japan", "iso3": "JPN", "severity": "129.6288", "latitude": "28.7", "longitude": "137.5", "imageoverview": "https://www.gdacs.org/contentdata/resources/imgtemp/gdacs/tc/1001322/clouds_1001322_19.png", "Class": "Line_Line_12"}, "geometry": {"type": "LineString", "coordinates": [[137.5, 28.7], [137.5, 30.2]]}}, {"type": "Feature", "id": "TC100132219Line_13", "properties": {"description": "Tropical Cyclone DUJUAN-26", "name": "Tropical Cyclone DUJUAN-26", "htmldescription": "Green Tropical Cylone DUJUAN-26 in Japan from: 15 Sep 2026 12:00:00 to:20 Sep 2026 00:00:00.", "link": "https://www.gdacs.org/report.aspx?eventtype=TC&eventid=1001322&episodeid=19", "featureIndex": "849", "iconeventlink": "https://www.gdacs.org/images/gdacs_icons/maps/Green/TC.png", "iconitemlink": "https://www.gdacs.org/images/gdacs_icons/maps/Green/TC.png", "alertlevel": "Green", "eventtype": "TC", "eventname": "DUJUAN-26", "polygonlabel": "TS", "polygontype": "Line_13", "fromdate": "15 Sep 2026 12:00:00", "todate": "20 Sep 2026 00:00:00", "country": "Japan", "countrylist": "Japan", "iso3": "JPN", "severity": "129.6288", "latitude": "28.7", "longitude": "137.5", "imageoverview": "https://www.gdacs.org/contentdata/resources/imgtemp/gdacs/tc/1001322/clouds_1001322_19.png", "Class": "Line_Line_13"}, "geometry": {"type": "LineString", "coordinates": [[137.7, 28.5], [137.5, 28.7]]}}, {"type": "Feature", "id": "TC100132219Line_14", "properties": {"description": "Tropical Cyclone DUJUAN-26", "name": "Tropical Cyclone DUJUAN-26", "htmldescription": "Green Tropical Cylone DUJUAN-26 in Japan from: 15 Sep 2026 12:00:00 to:20 Sep 2026 00:00:00.", "link": "https://www.gdacs.org/report.aspx?eventtype=TC&eventid=1001322&episodeid=19", "featureIndex": "850", "iconeventlink": "https://www.gdacs.org/images/gdacs_icons/maps/Green/TC.png", "iconitemlink": "https://www.gdacs.org/images/gdacs_icons/maps/Green/TC.png", "alertlevel": "Green", "eventtype": "TC", "eventname": "DUJUAN-26", "polygonlabel": "TS", "polygontype": "Line_14", "fromdate": "15 Sep 2026 12:00:00", "todate": "20 Sep 2026 00:00:00", "country": "Japan", "countrylist": "Japan", "iso3": "JPN", "severity": "129.6288", "latitude": "28.7", "longitude": "137.5", "imageoverview": "https://www.gdacs.org/contentdata/resources/imgtemp/gdacs/tc/1001322/clouds_1001322_19.png", "Class": "Line_Line_14"}, "geometry": {"type": "LineString", "coordinates": [[142.9, 25.9], [141.7, 25.4]]}}, {"type": "Feature", "id": "TC100132219Line_15", "properties": {"description": "Tropical Cyclone DUJUAN-26", "name": "Tropical Cyclone DUJUAN-26", "htmldescription": "Green Tropical Cylone DUJUAN-26 in Japan from: 15 Sep 2026 12:00:00 to:20 Sep 2026 00:00:00.", "link": "https://www.gdacs.org/report.aspx?eventtype=TC&eventid=1001322&episodeid=19", "featureIndex": "851", "iconeventlink": "https://www.gdacs.org/images/gdacs_icons/maps/Green/TC.png", "iconitemlink": "https://www.gdacs.org/images/gdacs_icons/maps/Green/TC.png", "alertlevel": "Green", "eventtype": "TC", "eventname": "DUJUAN-26", "polygonlabel": "TS", "polygontype": "Line_15", "fromdate": "15 Sep 2026 12:00:00", "todate": "20 Sep 2026 00:00:00", "country": "Japan", "countrylist": "Japan", "iso3": "JPN", "severity": "129.6288", "latitude": "28.7", "longitude": "137.5", "imageoverview": "https://www.gdacs.org/contentdata/resources/imgtemp/gdacs/tc/1001322/clouds_1001322_19.png", "Class": "Line_Line_15"}, "geometry": {"type": "LineString", "coordinates": [[144.5, 25.1], [142.9, 25.9]]}}, {"type": "Feature", "id": "TC100132219Line_16", "properties": {"description": "Tropical Cyclone DUJUAN-26", "name": "Tropical Cyclone DUJUAN-26", "htmldescription": "Green Tropical Cylone DUJUAN-26 in Japan from: 15 Sep 2026 12:00:00 to:20 Sep 2026 00:00:00.", "link": "https://www.gdacs.org/report.aspx?eventtype=TC&eventid=1001322&episodeid=19", "featureIndex": "852", "iconeventlink": "https://www.gdacs.org/images/gdacs_icons/maps/Green/TC.png", "iconitemlink": "https://www.gdacs.org/images/gdacs_icons/maps/Green/TC.png", "alertlevel": "Green", "eventtype": "TC", "eventname": "DUJUAN-26", "polygonlabel": "TS", "polygontype": "Line_16", "fromdate": "15 Sep 2026 12:00:00", "todate": "20 Sep 2026 00:00:00", "country": "Japan", "countrylist": "Japan", "iso3": "JPN", "severity": "129.6288", "latitude": "28.7", "longitude": "137.5", "imageoverview": "https://www.gdacs.org/contentdata/resources/imgtemp/gdacs/tc/1001322/clouds_1001322_19.png", "Class": "Line_Line_16"}, "geometry": {"type": "LineString", "coordinates": [[146.0, 25.2], [144.5, 25.1]]}}, {"type": "Feature", "id": "TC100132219Line_17", "properties": {"description": "Tropical Cyclone DUJUAN-26", "name": "Tropical Cyclone DUJUAN-26", "htmldescription": "Green Tropical Cylone DUJUAN-26 in Japan from: 15 Sep 2026 12:00:00 to:20 Sep 2026 00:00:00.", "link": "https://www.gdacs.org/report.aspx?eventtype=TC&eventid=1001322&episodeid=19", "featureIndex": "853", "iconeventlink": "https://www.gdacs.org/images/gdacs_icons/maps/Green/TC.png", "iconitemlink": "https://www.gdacs.org/images/gdacs_icons/maps/Green/TC.png", "alertlevel": "Green", "eventtype": "TC", "eventname": "DUJUAN-26", "polygonlabel": "TS", "polygontype": "Line_17", "fromdate": "15 Sep 2026 12:00:00", "todate": "20 Sep 2026 00:00:00", "country": "Japan", "countrylist": "Japan", "iso3": "JPN", "severity": "129.6288", "latitude": "28.7", "longitude": "137.5", "imageoverview": "https://www.gdacs.org/contentdata/resources/imgtemp/gdacs/tc/1001322/clouds_1001322_19.png", "Class": "Line_Line_17"}, "geometry": {"type": "LineString", "coordinates": [[146.5, 37.5], [153.2, 39.9]]}}, {"type": "Feature", "id": "TC100132219Line_18", "properties": {"description": "Tropical Cyclone DUJUAN-26", "name": "Tropical Cyclone DUJUAN-26", "htmldescription": "Green Tropical Cylone DUJUAN-26 in Japan from: 15 Sep 2026 12:00:00 to:20 Sep 2026 00:00:00.", "link": "https://www.gdacs.org/report.aspx?eventtype=TC&eventid=1001322&episodeid=19", "featureIndex": "854", "iconeventlink": "https://www.gdacs.org/images/gdacs_icons/maps/Green/TC.png", "iconitemlink": "https://www.gdacs.org/images/gdacs_icons/maps/Green/TC.png", "alertlevel": "Green", "eventtype": "TC", "eventname": "DUJUAN-26", "polygonlabel": "TS", "polygontype": "Line_18", "fromdate": "15 Sep 2026 12:00:00", "todate": "20 Sep 2026 00:00:00", "country": "Japan", "countrylist": "Japan", "iso3": "JPN", "severity": "129.6288", "latitude": "28.7", "longitude": "137.5", "imageoverview": "https://www.gdacs.org/contentdata/resources/imgtemp/gdacs/tc/1001322/clouds_1001322_19.png", "Class": "Line_Line_18"}, "geometry": {"type": "LineString", "coordinates": [[148.9, 15.4], [149.5, 16.5]]}}, {"type": "Feature", "id": "TC100132219Line_19", "properties": {"description": "Tropical Cyclone DUJUAN-26", "name": "Tropical Cyclone DUJUAN-26", "htmldescription": "Green Tropical Cylone DUJUAN-26 in Japan from: 15 Sep 2026 12:00:00 to:20 Sep 2026 00:00:00.", "link": "https://www.gdacs.org/report.aspx?eventtype=TC&eventid=1001322&episodeid=19", "featureIndex": "855", "iconeventlink": "https://www.gdacs.org/images/gdacs_icons/maps/Green/TC.png", "iconitemlink": "https://www.gdacs.org/images/gdacs_icons/maps/Green/TC.png", "alertlevel": "Green", "eventtype": "TC", "eventname": "DUJUAN-26", "polygonlabel": "TS", "polygontype": "Line_19", "fromdate": "15 Sep 2026 12:00:00", "todate": "20 Sep 2026 00:00:00", "country": "Japan", "countrylist": "Japan", "iso3": "JPN", "severity": "129.6288", "latitude": "28.7", "longitude": "137.5", "imageoverview": "https://www.gdacs.org/contentdata/resources/imgtemp/gdacs/tc/1001322/clouds_1001322_19.png", "Class": "Line_Line_19"}, "geometry": {"type": "LineString", "coordinates": [[149.5, 16.5], [149.7, 17.6]]}}, {"type": "Feature", "id": "TC100132219Line_20", "properties": {"description": "Tropical Cyclone DUJUAN-26", "name": "Tropical Cyclone DUJUAN-26", "htmldescription": "Green Tropical Cylone DUJUAN-26 in Japan from: 15 Sep 2026 12:00:00 to:20 Sep 2026 00:00:00.", "link": "https://www.gdacs.org/report.aspx?eventtype=TC&eventid=1001322&episodeid=19", "featureIndex": "856", "iconeventlink": "https://www.gdacs.org/images/gdacs_icons/maps/Green/TC.png", "iconitemlink": "https://www.gdacs.org/images/gdacs_icons/maps/Green/TC.png", "alertlevel": "Green", "eventtype": "TC", "eventname": "DUJUAN-26", "polygonlabel": "TS", "polygontype": "Line_20", "fromdate": "15 Sep 2026 12:00:00", "todate": "20 Sep 2026 00:00:00", "country": "Japan", "countrylist": "Japan", "iso3": "JPN", "severity": "129.6288", "latitude": "28.7", "longitude": "137.5", "imageoverview": "https://www.gdacs.org/contentdata/resources/imgtemp/gdacs/tc/1001322/clouds_1001322_19.png", "Class": "Line_Line_20"}, "geometry": {"type": "LineString", "coordinates": [[149.7, 17.6], [150.4, 19.0]]}}, {"type": "Feature", "id": "TC100132219Line_21", "properties": {"description": "Tropical Cyclone DUJUAN-26", "name": "Tropical Cyclone DUJUAN-26", "htmldescription": "Green Tropical Cylone DUJUAN-26 in Japan from: 15 Sep 2026 12:00:00 to:20 Sep 2026 00:00:00.", "link": "https://www.gdacs.org/report.aspx?eventtype=TC&eventid=1001322&episodeid=19", "featureIndex": "857", "iconeventlink": "https://www.gdacs.org/images/gdacs_icons/maps/Green/TC.png", "iconitemlink": "https://www.gdacs.org/images/gdacs_icons/maps/Green/TC.png", "alertlevel": "Green", "eventtype": "TC", "eventname": "DUJUAN-26", "polygonlabel": "TS", "polygontype": "Line_21", "fromdate": "15 Sep 2026 12:00:00", "todate": "20 Sep 2026 00:00:00", "country": "Japan", "countrylist": "Japan", "iso3": "JPN", "severity": "129.6288", "latitude": "28.7", "longitude": "137.5", "imageoverview": "https://www.gdacs.org/contentdata/resources/imgtemp/gdacs/tc/1001322/clouds_1001322_19.png", "Class": "Line_Line_21"}, "geometry": {"type": "LineString", "coordinates": [[150.4, 19.0], [150.4, 21.9]]}}, {"type": "Feature", "id": "TC100132219Line_22", "properties": {"description": "Tropical Cyclone DUJUAN-26", "name": "Tropical Cyclone DUJUAN-26", "htmldescription": "Green Tropical Cylone DUJUAN-26 in Japan from: 15 Sep 2026 12:00:00 to:20 Sep 2026 00:00:00.", "link": "https://www.gdacs.org/report.aspx?eventtype=TC&eventid=1001322&episodeid=19", "featureIndex": "858", "iconeventlink": "https://www.gdacs.org/images/gdacs_icons/maps/Green/TC.png", "iconitemlink": "https://www.gdacs.org/images/gdacs_icons/maps/Green/TC.png", "alertlevel": "Green", "eventtype": "TC", "eventname": "DUJUAN-26", "polygonlabel": "TS", "polygontype": "Line_22", "fromdate": "15 Sep 2026 12:00:00", "todate": "20 Sep 2026 00:00:00", "country": "Japan", "countrylist": "Japan", "iso3": "JPN", "severity": "129.6288", "latitude": "28.7", "longitude": "137.5", "imageoverview": "https://www.gdacs.org/contentdata/resources/imgtemp/gdacs/tc/1001322/clouds_1001322_19.png", "Class": "Line_Line_22"}, "geometry": {"type": "LineString", "coordinates": [[150.4, 21.9], [148.6, 23.8]]}}, {"type": "Feature", "id": "TC100132219Line_23", "properties": {"description": "Tropical Cyclone DUJUAN-26", "name": "Tropical Cyclone DUJUAN-26", "htmldescription": "Green Tropical Cylone DUJUAN-26 in Japan from: 15 Sep 2026 12:00:00 to:20 Sep 2026 00:00:00.", "link": "https://www.gdacs.org/report.aspx?eventtype=TC&eventid=1001322&episodeid=19", "featureIndex": "859", "iconeventlink": "https://www.gdacs.org/images/gdacs_icons/maps/Green/TC.png", "iconitemlink": "https://www.gdacs.org/images/gdacs_icons/maps/Green/TC.png", "alertlevel": "Green", "eventtype": "TC", "eventname": "DUJUAN-26", "polygonlabel": "TS", "polygontype": "Line_23", "fromdate": "15 Sep 2026 12:00:00", "todate": "20 Sep 2026 00:00:00", "country": "Japan", "countrylist": "Japan", "iso3": "JPN", "severity": "129.6288", "latitude": "28.7", "longitude": "137.5", "imageoverview": "https://www.gdacs.org/contentdata/resources/imgtemp/gdacs/tc/1001322/clouds_1001322_19.png", "Class": "Line_Line_23"}, "geometry": {"type": "LineString", "coordinates": [[153.2, 39.9], [161.0, 42.0]]}}, {"type": "Feature", "id": "TC100132219Cones", "properties": {"description": "Tropical Cyclone DUJUAN-26", "name": "Tropical Cyclone DUJUAN-26", "htmldescription": "Green Tropical Cylone DUJUAN-26 in Japan from: 15 Sep 2026 12:00:00 to:20 Sep 2026 00:00:00.", "link": "https://www.gdacs.org/report.aspx?eventtype=TC&eventid=1001322&episodeid=19", "featureIndex": "860", "iconeventlink": "https://www.gdacs.org/images/gdacs_icons/maps/Green/TC.png", "iconitemlink": "https://www.gdacs.org/images/gdacs_icons/maps/Green/TC.png", "alertlevel": "Green", "eventtype": "TC", "eventname": "DUJUAN-26", "polygonlabel": "Uncertainty Cones", "polygontype": "Cones", "fromdate": "15 Sep 2026 12:00:00", "todate": "20 Sep 2026 00:00:00", "country": "Japan", "countrylist": "Japan", "iso3": "JPN", "severity": "129.6288", "latitude": "28.7", "longitude": "137.5", "imageoverview": "https://www.gdacs.org/contentdata/resources/imgtemp/gdacs/tc/1001322/clouds_1001322_19.png", "Class": "Poly_Cones"}, "geometry": {"type": "Polygon", "coordinates": [[[137.5, 28.450000000000003], [137.509946887459, 28.450152293245203], [137.519881656168, 28.450608987435004], [137.529792202142, 28.451369526157904], [137.539666450906, 28.4524329828146], [137.54949237221, 28.4537980617469], [137.559257994682, 28.455463099816505], [137.568951420416, 28.457426068431005], [137.578560839465, 28.4596845760154], [137.588074544233, 28.4622358709262], [137.597480943735, 28.465076844803505], [137.606768577723, 28.4682040363583], [137.615926130646, 28.4716136355894], [137.624942445435, 28.475301488425202], [137.633806537101, 28.4792631017853], [137.642507606112, 28.483493649053905], [137.651035051557, 28.4879879759609], [137.659378484057, 28.492740606861204], [137.667527738424, 28.4977457514063], [137.675472886048, 28.5029973115983], [137.68320424699, 28.508488889220303], [137.690712401777, 28.514213793630702], [137.69798820288, 28.5201650499153], [137.705022785855, 28.526335407385304], [137.711807580147, 28.5327173484103], [137.718334319529, 28.539303097578404], [137.724595052174, 28.546084631168604], [137.730582150345, 28.5530536869269], [137.736288319683, 28.560201774132302], [137.741706608102, 28.567520183941703], [137.746830414251, 28.575000000000003], [137.751653495561, 28.582632109303503], [137.756169975852, 28.590407213302704], [137.760374352486, 28.598315839231], [137.76426150308, 28.606348351646005], [137.767826691739, 28.6144949641686], [137.771065574829, 28.6227457514063], [137.773974206271, 28.631090661045803], [137.776549042345, 28.639519526100102], [137.77878694601, 28.6480220772956], [137.780685190725, 28.656587955583305], [137.782241463771, 28.665206724760004], [137.78345386907, 28.673867884183103], [137.96885711636457, 30.073483883224366], [139.10133827655775, 31.903878279101285], [142.08312788789146, 34.15359896034548], [147.0607299080541, 36.560296902561454], [161.675622776596, 40.620531232686304], [161.73999368667, 40.63889410149601], [161.803463028423, 40.658915268180714], [161.865953474241, 40.68057034003281], [161.92738888914, 40.70383293368311], [161.987694423531, 40.728674707244416], [162.04679660441, 40.755065394842404], [162.104623424872, 40.78297284348921], [162.161104431846, 40.81236305225761], [162.216170811924, 40.84320021370531], [162.269755475205, 40.875446757501315], [162.321793137029, 40.90906339619921], [162.372220397523, 40.944009173102906], [162.420975818837, 40.98024151216621], [162.468, 41.017716269865204], [162.513235649291, 41.05638778898021], [162.55662765404, 41.09620895422191], [162.598123147772, 41.137131249634606], [162.637671574621, 41.17910481770491], [162.67522475092, 41.22207852010571], [162.710736923908, 41.266000000000005], [162.744164827474, 41.310815745830304], [162.775467734865, 41.356471156513614], [162.804607508311, 41.40291060796471], [162.831548645487, 41.450077520865406], [162.856258322767, 41.49791442959791], [162.878706435215, 41.54636305225761], [162.898865633265, 41.595364361660614], [162.916711356038, 41.644858657259704], [162.93222186127, 41.694785637879505], [162.945378251801, 41.74508447518492], [162.956164498594, 41.79569388779061], [162.96456746027, 41.84655221592311], [162.970576899113, 41.897597496543604], [162.97418549355, 41.948767538840706], [162.975388847062, 42.00000000000001], [162.97418549355, 42.0512324611593], [162.970576899113, 42.10240250345641], [162.96456746027, 42.1534477840769], [162.956164498594, 42.2043061122094], [162.945378251801, 42.2549155248151], [162.93222186127, 42.3052143621205], [162.916711356038, 42.35514134274031], [162.898865633265, 42.4046356383394], [162.878706435215, 42.4536369477424], [162.856258322767, 42.5020855704021], [162.831548645487, 42.5499224791346], [162.804607508311, 42.5970893920353], [162.775467734865, 42.6435288434864], [162.744164827474, 42.68918425416971], [162.710736923908, 42.734], [162.67522475092, 42.7779214798943], [162.637671574621, 42.8208951822951], [162.598123147772, 42.862868750365394], [162.55662765404, 42.9037910457781], [162.513235649291, 42.94361221101979], [162.468, 42.982283730134796], [162.420975818837, 43.01975848783379], [162.372220397523, 43.0559908268971], [162.321793137029, 43.090936603800806], [162.269755475205, 43.1245532424987], [162.216170811924, 43.1567997862947], [162.161104431846, 43.1876369477424], [162.104623424872, 43.2170271565108], [162.04679660441, 43.2449346051576], [161.987694423531, 43.2713252927556], [161.92738888914, 43.29616706631689], [161.865953474241, 43.3194296599672], [161.803463028423, 43.3410847318193], [161.73999368667, 43.361105898504], [161.675622776596, 43.379468767313696], [161.610428724241, 43.396150965921294], [161.544490958515, 43.4111321696375], [161.477889814428, 43.4243941261732], [161.410706435215, 43.43592067787719], [161.343022673476, 43.4456977814219], [161.274920991448, 43.45371352491261], [161.206484360539, 43.4599581424006], [161.137796160245, 43.464424025781405], [161.068940076554, 43.46710573406399], [161.0, 43.468], [160.931059923446, 43.46710573406399], [160.86220383975504, 43.464424025781405], [160.79351563946102, 43.4599581424006], [160.72507900855203, 43.45371352491261], [160.65697732652401, 43.4456977814219], [160.589293564785, 43.43592067787719], [160.522110185572, 43.4243941261732], [160.455509041485, 43.4111321696375], [160.389571275759, 43.396150965921294], [160.324377223404, 43.379468767313696], [160.26000631333002, 43.361105898504], [160.196536971577, 43.3410847318193], [145.969888550811, 38.4446060032025], [145.928658401295, 38.4293530438733], [145.888124343508, 38.4129678110161], [145.848335761957, 38.3954702675131], [145.809341132898, 38.3768817314257], [145.771187965281, 38.3572248500219], [145.733922742863, 38.33652357218371], [145.697590867579, 38.3148031192294], [140.927353522839, 35.4472135955], [140.900195269286, 35.4304086028854], [140.873767785404, 35.4128355544952], [140.848103269013, 35.3945158603819], [140.823232988371, 35.3754718402709], [140.799187244084, 35.3557266963672], [140.775995332189, 35.3353044850871], [137.942594234313, 32.7242288044315], [137.925418068285, 32.7075273445413], [137.908941941833, 32.6903293753565], [137.893185928579, 32.6726558499534], [137.878169224799, 32.6545283008005], [137.863910126033, 32.6359688135238], [137.850426004796, 32.617], [137.837733289413, 32.5976449708063], [137.825847444002, 32.5779273070643], [137.814782949636, 32.5578710317101], [137.804553286696, 32.5375005802257], [137.795170918451, 32.5168407708685], [137.786647275871, 32.4959167744337], [137.778992743702, 32.474754083588], [137.036205236691, 30.3149407773757], [137.031846448673, 30.3008814304651], [137.028058033644, 30.286699175071], [137.024844607204, 30.2724112900871], [137.022210084418, 30.2580351831003], [137.020157675046, 30.2435883691826], [137.018689879633, 30.2290884495513], [137.017808486462, 30.2145530901249], [137.017514569374, 30.200000000000003], [137.017808486462, 30.185446909875104], [137.018689879633, 30.170911550448704], [137.020157675046, 30.156411630817402], [137.21654613093, 28.673867884183103], [137.217758536229, 28.665206724760004], [137.219314809275, 28.656587955583305], [137.22121305399, 28.6480220772956], [137.223450957655, 28.639519526100102], [137.226025793729, 28.631090661045803], [137.228934425171, 28.6227457514063], [137.232173308261, 28.6144949641686], [137.23573849692, 28.606348351646005], [137.239625647514, 28.598315839231], [137.243830024148, 28.590407213302704], [137.248346504439, 28.582632109303503], [137.253169585749, 28.575000000000003], [137.258293391898, 28.567520183941703], [137.263711680317, 28.560201774132302], [137.269417849655, 28.5530536869269], [137.275404947826, 28.546084631168604], [137.281665680471, 28.539303097578404], [137.288192419853, 28.5327173484103], [137.294977214145, 28.526335407385304], [137.30201179712, 28.5201650499153], [137.309287598223, 28.514213793630702], [137.31679575301, 28.508488889220303], [137.324527113952, 28.5029973115983], [137.332472261576, 28.4977457514063], [137.340621515943, 28.492740606861204], [137.348964948443, 28.4879879759609], [137.357492393888, 28.483493649053905], [137.366193462899, 28.4792631017853], [137.375057554565, 28.475301488425202], [137.384073869354, 28.4716136355894], [137.393231422277, 28.4682040363583], [137.402519056265, 28.465076844803505], [137.411925455767, 28.4622358709262], [137.421439160535, 28.4596845760154], [137.431048579584, 28.457426068431005], [137.440742005318, 28.455463099816505], [137.45050762779, 28.4537980617469], [137.460333549094, 28.4524329828146], [137.470207797858, 28.451369526157904], [137.480118343832, 28.450608987435004], [137.490053112541, 28.450152293245203], [137.5, 28.450000000000003]]]}}, {"type": "Feature", "id": "TC10013233Centroid", "properties": {"description": "Tropical Cyclone SIX-26", "name": "Tropical Cyclone SIX-26", "htmldescription": "Green Tropical Cylone SIX-26 in off-shore from: 19 Sep 2026 15:00:00 to:20 Sep 2026 03:00:00.", "link": "https://www.gdacs.org/report.aspx?eventtype=TC&eventid=1001323&episodeid=3", "featureIndex": "861", "iconeventlink": "https://www.gdacs.org/images/gdacs_icons/maps/Green/TC.png", "iconitemlink": "https://www.gdacs.org/images/gdacs_icons/maps/Green/TC.png", "alertlevel": "Green", "alertscore": "1", "alertlevelepisode": "Green", "alertscoreepisode": "1", "eventtype": "TC", "eventid": "1001323", "episodeid": "3", "eventname": "SIX-26", "fromdate": "19 Sep 2026 15:00:00", "todate": "20 Sep 2026 03:00:00", "country": "", "countrylist": "", "iso3": "", "severity": "83.3328", "latitude": "33.3", "longitude": "-33.2", "imageoverview": "https://www.gdacs.org/contentdata/resources/imgtemp/gdacs/tc/1001323/clouds_1001323_3.png", "polygonlabel": "Centroid", "Class": "Point_Centroid"}, "geometry": {"type": "Point", "coordinates": [-33.2, 33.3]}}, {"type": "Feature", "id": "TC10013233Green", "properties": {"description": "Tropical Cyclone SIX-26", "name": "Tropical Cyclone SIX-26", "htmldescription": "Green Tropical Cylone SIX-26 in off-shore from: 19 Sep 2026 15:00:00 to:20 Sep 2026 03:00:00.", "link": "https://www.gdacs.org/report.aspx?eventtype=TC&eventid=1001323&episodeid=3", "featureIndex": "862", "iconeventlink": "https://www.gdacs.org/images/gdacs_icons/maps/Green/TC.png", "iconitemlink": "https://www.gdacs.org/images/gdacs_icons/maps/Green/TC.png", "alertlevel": "Green", "eventtype": "TC", "eventname": "SIX-26", "polygonlabel": "60 km/h", "polygontype": "Green", "fromdate": "19 Sep 2026 15:00:00", "todate": "20 Sep 2026 03:00:00", "country": "", "countrylist": "", "iso3": "", "severity": "83.3328", "latitude": "33.3", "longitude": "-33.2", "imageoverview": "https://www.gdacs.org/contentdata/resources/imgtemp/gdacs/tc/1001323/clouds_1001323_3.png", "Class": "Poly_Green"}, "geometry": {"type": "Polygon", "coordinates": [[[-33.9, 31.172000000000004], [-33.8824627072482, 31.172260726035805], [-33.8649467809862, 31.173042586488805], [-33.847473561672, 31.174344628782404], [-33.8300643377319, 31.176165266578604], [-33.8127403196234, 31.178502281710802], [-33.7955226139942, 31.181352826885902], [-33.7784321979663, 31.184713429153902], [-33.7614898935791, 31.188579994138404], [-33.7447163424208, 31.192947811025704], [-33.7281319804796, 31.197811558303602], [-33.7117570132459, 31.203165310245403], [-33.695611391095, 31.209002544129003], [-33.6797147849804, 31.215316148184005], [-33.6640865624679, 31.222098430256402], [-33.6487457641394, 31.229341127180305], [-33.6337110803946, 31.2370354148451], [-33.6190008286796, 31.245171918946404], [-33.6046329311703, 31.253740726407504], [-33.5906248929365, 31.262731397456303], [-33.5769937806151, 31.272132978345102], [-33.5637562016167, 31.2819340146957], [-33.5509282838923, 31.292122565455102], [-33.5385256562836, 31.302686217443604], [-33.5265634294818, 31.313612100478405], [-33.5150561776178, 31.324886903054203], [-32.4448397931705, 32.378606195156706], [-32.4317880825097, 32.392169262337205], [-32.4193068159479, 32.4061073738538], [-32.4074111999857, 32.4204035482646], [-32.3961157275989, 32.4350403678834], [-32.3854341605805, 32.45], [-32.3753795127747, 32.4652642186071], [-32.365964034221, 32.480814426605505], [-31.8604567620746, 33.3808144266055], [-31.8516015362606, 33.3966316784621], [-31.8434144495005, 33.412696703292], [-31.8359054764981, 33.4289899283372], [-31.8290837657806, 33.4454915028125], [-31.8229576285515, 33.46218132209151], [-31.8175345285655, 33.47903905220021], [-31.8128210730345, 33.496044154591104], [-31.808823004578098, 33.5131759111665], [-31.8055451942267, 33.53041344952], [-31.8029916354874, 33.54773576836621], [-31.801165439478197, 33.565121763127905], [-31.8000688311376, 33.5825502516487], [-31.7997031465139, 33.6], [-31.8000688311376, 33.6174497483513], [-31.801165439478197, 33.6348782368721], [-31.8029916354874, 33.6522642316338], [-31.8055451942267, 33.66958655048], [-31.808823004578098, 33.6868240888335], [-31.8128210730345, 33.7039558454089], [-31.8175345285655, 33.7209609477998], [-31.8229576285515, 33.7378186779085], [-31.8290837657806, 33.7545084971875], [-31.8359054764981, 33.7710100716628], [-31.8434144495005, 33.787303296708], [-31.8516015362606, 33.8033683215379], [-31.8604567620746, 33.8191855733945], [-31.8699693382137, 33.8347357813929], [-31.8801276750692, 33.85], [-31.8909193962724, 33.8649596321166], [-31.902331353773498, 33.8795964517354], [-31.9143496438599, 33.8938926261462], [-32.1750416771865, 34.1957324890134], [-32.1834792660334, 34.2050152712834], [-32.1923024866383, 34.2140482740256], [-32.2015005892661, 34.2228204919175], [-32.2110623674455, 34.2313212373628], [-32.2209761716228, 34.2395401535128], [-32.2312299233546, 34.247467226884], [-32.241811130024, 34.2550927995586], [-32.2527069000605, 34.262407580951], [-32.2639039586467, 34.2694026591269], [-32.2753886638915, 34.2760695116608], [-32.2871470234506, 34.2824000160201], [-32.2991647115741, 34.2883864594602], [-32.3114270865603, 34.294021548422], [-32.323919208594, 34.2992984174176], [-32.336625857949, 34.304210637395], [-32.3495315535301, 34.3087522235707], [-32.3626205717354, 34.3129176427217], [-32.3758769656124, 34.3167018199263], [-32.3892845842871, 34.3201001447475], [-32.4028270926414, 34.3231084768499], [-32.416487991215, 34.3257231510444], [-32.4302506363073, 34.3279409817531], [-32.4440982602551, 34.3297592668909], [-32.4580139918618, 34.3311757911576], [-32.4719808769521, 34.3321888287365], [-32.4859818990277, 34.3327971453974], [-32.5, 34.333], [-32.514018100972294, 34.3327971453974], [-32.5280191230479, 34.3321888287365], [-32.5419860081382, 34.3311757911576], [-32.5559017397449, 34.3297592668909], [-32.5697493636927, 34.3279409817531], [-32.583512008785, 34.3257231510444], [-32.5971729073586, 34.3231084768499], [-32.6107154157129, 34.3201001447475], [-32.6241230343876, 34.3167018199263], [-32.6373794282646, 34.3129176427217], [-32.6504684464699, 34.3087522235707], [-32.66337414205099, 34.304210637395], [-32.676080791406, 34.2992984174176], [-33.175668255278296, 34.0992984174176], [-33.1881311097718, 34.094021548422], [-33.2003647554874, 34.0883864594602], [-33.2123542876123, 34.0824000160201], [-33.2240850987484, 34.0760695116608], [-33.23554289670939, 34.0694026591269], [-33.24671372193329, 34.062407580951], [-33.2575839644904, 34.0550927995586], [-33.2681403806645, 34.047467226884], [-33.2783701090886, 34.0395401535128], [-33.2882606864145, 34.0313212373628], [-33.297800062497, 34.0228204919175], [-33.3069766150761, 34.0140482740256], [-33.3157791639357, 34.0050152712834], [-33.3241969845262, 33.9957324890134], [-33.3322198210298, 33.9862112368558], [-33.3398378988559, 33.9764631149897], [-33.3470419365503, 33.9665], [-33.353823157102795, 33.9563340304077], [-33.3601732986406, 33.9459775918808], [-33.3660846244944, 33.9354433021442], [-33.3715499326243, 33.9247439956075], [-33.3765625643942, 33.9138927077274], [-33.3811164126844, 33.9029026591269], [-33.3852059293322, 33.8917872394871], [-33.3888261318916, 33.8805599912347], [-33.3919726097033, 33.8692345930423], [-33.3946415292688, 33.8578248431631], [-33.39682963892079, 33.8463446426197], [-33.3985342727847, 33.8348079782681], [-33.39975335402669, 33.8232289057568], [-33.4004853973841, 33.8116215324019], [-33.4007295109749, 33.8], [-33.4004853973841, 33.7883784675981], [-33.39975335402669, 33.7767710942432], [-33.3985342727847, 33.7651920217319], [-33.39682963892079, 33.7536553573803], [-33.3946415292688, 33.7421751568369], [-33.3919726097033, 33.7307654069577], [-33.3888261318916, 33.7194400087653], [-33.3852059293322, 33.7082127605129], [-33.3811164126844, 33.6970973408731], [-33.3765625643942, 33.6861072922726], [-33.3715499326243, 33.6752560043925], [-33.3660846244944, 33.6645566978558], [-33.3601732986406, 33.6540224081192], [-33.353823157102795, 33.6436659695923], [-33.3470419365503, 33.6335], [-33.3398378988559, 33.6235368850103], [-33.3322198210298, 33.6137887631442], [-33.3241969845262, 33.6042675109866], [-33.3157791639358, 33.5949847287166], [-33.3069766150761, 33.5859517259744], [-33.297800062497, 33.5771795080825], [-33.2882606864145, 33.5686787626371], [-33.2783701090886, 33.5604598464872], [-33.2681403806645, 33.552532773116], [-33.2575839644904, 33.5449072004414], [-33.24671372193329, 33.537592419049], [-33.23554289670939, 33.5305973408731], [-33.2240850987484, 33.5239304883392], [-33.2123542876123, 33.5175999839799], [-33.2003647554874, 33.5116135405398], [-33.1881311097718, 33.505978451578], [-33.175668255278296, 33.5007015825824], [-33.1629913760753, 33.495789362605], [-33.1501159169875, 33.4912477764293], [-33.1370575647784, 33.4870823572783], [-33.12417121167957, 33.48339517348145], [-33.41847260268953, 32.94765488573842], [-34.316598403584095, 31.8393345626855], [-34.3261513527456, 31.8268054450918], [-34.33518510212739, 31.814], [-34.3436886454974, 31.8009338288724], [-34.35165162259789, 31.7876228508257], [-34.35906433176779, 31.7740832832364], [-34.3659177417629, 31.760331621982], [-34.3722035027588, 31.7463846213434], [-34.37791395652399, 31.7322592735925], [-34.383042145750096, 31.7179727882897], [-34.387581822528595, 31.7035425713167], [-34.3915274559625, 31.68898620367], [-34.3948742389053, 31.6743214200414], [-34.39761809381759, 31.6595660872109], [-34.399755677734795, 31.6447381822786], [-34.4012843863401, 31.6298557707625], [-34.4022023571375, 31.6149369845887], [-34.40250847172119, 31.6], [-34.4022023571375, 31.585063015411304], [-34.4012843863401, 31.570144229237503], [-34.399755677734795, 31.555261817721405], [-34.39761809381759, 31.5404339127891], [-34.3948742389053, 31.525678579958605], [-34.3915274559625, 31.511013796330005], [-34.387581822528595, 31.4964574286833], [-34.383042145750096, 31.482027211710303], [-34.37791395652399, 31.467740726407502], [-34.3722035027588, 31.453615378656604], [-34.3659177417629, 31.439668378018002], [-34.35906433176779, 31.425916716763602], [-34.35165162259789, 31.412377149174304], [-34.3436886454974, 31.399066171127604], [-34.33518510212739, 31.386000000000003], [-34.3261513527456, 31.373194554908203], [-34.316598403584095, 31.360665437314502], [-34.306537893439796, 31.348427912018803], [-34.2959820794948, 31.336496888560603], [-34.284943822382196, 31.324886903054203], [-34.2734365705182, 31.313612100478405], [-34.261474343716394, 31.302686217443604], [-34.2490717161077, 31.292122565455102], [-34.23624379838329, 31.2819340146957], [-34.22300621938489, 31.272132978345102], [-34.209375107063494, 31.262731397456303], [-34.1953670688297, 31.253740726407504], [-34.1809991713204, 31.245171918946404], [-34.1662889196054, 31.2370354148451], [-34.15125423586059, 31.229341127180305], [-34.1359134375321, 31.222098430256402], [-34.12028521501959, 31.215316148184005], [-34.104388608905, 31.209002544129003], [-34.088242986754096, 31.203165310245403], [-34.071868019520394, 31.197811558303602], [-34.055283657579196, 31.192947811025704], [-34.0385101064209, 31.188579994138404], [-34.021567802033694, 31.184713429153902], [-34.004477386005796, 31.181352826885902], [-33.987259680376596, 31.178502281710802], [-33.96993566226809, 31.176165266578604], [-33.952526438328, 31.174344628782404], [-33.9350532190138, 31.173042586488805], [-33.9175372927518, 31.172260726035805], [-33.9, 31.172000000000004]]]}}, {"type": "Feature", "id": "TC10013233Polygon_Point_0", "properties": {"description": "Tropical Cyclone SIX-26", "name": "Tropical Cyclone SIX-26", "htmldescription": "Green Tropical Cylone SIX-26 in off-shore from: 19 Sep 2026 15:00:00 to:20 Sep 2026 03:00:00.", "link": "https://www.gdacs.org/report.aspx?eventtype=TC&eventid=1001323&episodeid=3", "featureIndex": "863", "iconeventlink": "https://www.gdacs.org/images/gdacs_icons/maps/Green/TC.png", "iconitemlink": "https://www.gdacs.org/images/gdacs_icons/maps/Green/TC.png", "alertlevel": "Green", "eventtype": "TC", "eventname": "SIX-26", "polygonlabel": "19/09 15:00 UTC", "polygontype": "Polygon_Point_0", "fromdate": "19 Sep 2026 15:00:00", "todate": "20 Sep 2026 03:00:00", "country": "", "countrylist": "", "iso3": "", "severity": "83.3328", "latitude": "33.3", "longitude": "-33.2", "imageoverview": "https://www.gdacs.org/contentdata/resources/imgtemp/gdacs/tc/1001323/clouds_1001323_3.png", "Class": "Poly_Polygon_Point_0"}, "geometry": {"type": "Polygon", "coordinates": [[[-33.6, 32.57], [-33.59852796977018, 32.570036136313846], [-33.59705948579011, 32.570144458199835], [-33.59559808576634, 32.57032470470106], [-33.59414729033952, 32.5705764415879], [-33.592710594602906, 32.570899062404166], [-33.59129145968237, 32.57129178992803], [-33.58989330439823, 32.57175367804451], [-33.58851949702905, 32.57228361402466], [-33.587173347197094, 32.5728803212063], [-33.58585809789522, 32.57354236206955], [-33.584576917674205, 32.574268141699996], [-33.58333289300941, 32.575055911630926], [-33.582129020865224, 32.57590377405558], [-33.580968201475095, 32.576809686399116], [-33.57985323135459, 32.577771466239355], [-33.5787867965644, 32.5787867965644], [-33.577771466239355, 32.57985323135459], [-33.576809686399116, 32.580968201475095], [-33.57590377405558, 32.582129020865224], [-33.575055911630926, 32.58333289300941], [-33.574268141699996, 32.584576917674205], [-33.57354236206955, 32.58585809789522], [-33.5728803212063, 32.587173347197094], [-33.57228361402466, 32.58851949702905], [-33.57175367804451, 32.58989330439823], [-33.57129178992803, 32.59129145968237], [-33.570899062404166, 32.592710594602906], [-33.5705764415879, 32.59414729033952], [-33.57032470470106, 32.59559808576634], [-33.570144458199835, 32.59705948579011], [-33.570036136313846, 32.59852796977018], [-33.57, 32.6], [-33.570036136313846, 32.60147203022982], [-33.570144458199835, 32.60294051420989], [-33.57032470470106, 32.60440191423366], [-33.5705764415879, 32.60585270966048], [-33.570899062404166, 32.6072894053971], [-33.57129178992803, 32.608708540317636], [-33.57175367804451, 32.61010669560177], [-33.57228361402466, 32.611480502970956], [-33.5728803212063, 32.61282665280291], [-33.57354236206955, 32.614141902104784], [-33.574268141699996, 32.6154230823258], [-33.575055911630926, 32.61666710699059], [-33.57590377405558, 32.61787097913478], [-33.576809686399116, 32.61903179852491], [-33.577771466239355, 32.62014676864541], [-33.5787867965644, 32.6212132034356], [-33.57985323135459, 32.62222853376065], [-33.580968201475095, 32.62319031360089], [-33.582129020865224, 32.62409622594442], [-33.58333289300941, 32.62494408836908], [-33.584576917674205, 32.62573185830001], [-33.58585809789522, 32.62645763793045], [-33.587173347197094, 32.627119678793704], [-33.58851949702905, 32.62771638597534], [-33.58989330439823, 32.628246321955494], [-33.59129145968237, 32.62870821007197], [-33.592710594602906, 32.62910093759584], [-33.59414729033952, 32.6294235584121], [-33.59559808576634, 32.629675295298945], [-33.59705948579011, 32.62985554180017], [-33.59852796977018, 32.62996386368616], [-33.6, 32.63], [-33.60147203022982, 32.62996386368616], [-33.60294051420989, 32.62985554180017], [-33.60440191423366, 32.629675295298945], [-33.60585270966048, 32.6294235584121], [-33.6072894053971, 32.62910093759584], [-33.608708540317636, 32.62870821007197], [-33.61010669560177, 32.628246321955494], [-33.611480502970956, 32.62771638597534], [-33.61282665280291, 32.627119678793704], [-33.614141902104784, 32.62645763793045], [-33.6154230823258, 32.62573185830001], [-33.61666710699059, 32.62494408836908], [-33.61787097913478, 32.62409622594442], [-33.61903179852491, 32.62319031360089], [-33.62014676864541, 32.62222853376065], [-33.6212132034356, 32.6212132034356], [-33.62222853376065, 32.62014676864541], [-33.62319031360089, 32.61903179852491], [-33.62409622594442, 32.61787097913478], [-33.62494408836908, 32.61666710699059], [-33.62573185830001, 32.6154230823258], [-33.62645763793045, 32.614141902104784], [-33.627119678793704, 32.61282665280291], [-33.62771638597534, 32.611480502970956], [-33.628246321955494, 32.61010669560177], [-33.62870821007197, 32.608708540317636], [-33.62910093759584, 32.6072894053971], [-33.6294235584121, 32.60585270966048], [-33.629675295298945, 32.60440191423366], [-33.62985554180017, 32.60294051420989], [-33.62996386368616, 32.60147203022982], [-33.63, 32.6], [-33.62996386368616, 32.59852796977018], [-33.62985554180017, 32.59705948579011], [-33.629675295298945, 32.59559808576634], [-33.6294235584121, 32.59414729033952], [-33.62910093759584, 32.592710594602906], [-33.62870821007197, 32.59129145968237], [-33.628246321955494, 32.58989330439823], [-33.62771638597534, 32.58851949702905], [-33.627119678793704, 32.587173347197094], [-33.62645763793045, 32.58585809789522], [-33.62573185830001, 32.584576917674205], [-33.62494408836908, 32.58333289300941], [-33.62409622594442, 32.582129020865224], [-33.62319031360089, 32.580968201475095], [-33.62222853376065, 32.57985323135459], [-33.6212132034356, 32.5787867965644], [-33.62014676864541, 32.577771466239355], [-33.61903179852491, 32.576809686399116], [-33.61787097913478, 32.57590377405558], [-33.61666710699059, 32.575055911630926], [-33.6154230823258, 32.574268141699996], [-33.614141902104784, 32.57354236206955], [-33.61282665280291, 32.5728803212063], [-33.611480502970956, 32.57228361402466], [-33.61010669560177, 32.57175367804451], [-33.608708540317636, 32.57129178992803], [-33.6072894053971, 32.570899062404166], [-33.60585270966048, 32.5705764415879], [-33.60440191423366, 32.57032470470106], [-33.60294051420989, 32.570144458199835], [-33.60147203022982, 32.570036136313846], [-33.6, 32.57]]]}}, {"type": "Feature", "id": "TC10013233Polygon_Point_1", "properties": {"description": "Tropical Cyclone SIX-26", "name": "Tropical Cyclone SIX-26", "htmldescription": "Green Tropical Cylone SIX-26 in off-shore from: 19 Sep 2026 15:00:00 to:20 Sep 2026 03:00:00.", "link": "https://www.gdacs.org/report.aspx?eventtype=TC&eventid=1001323&episodeid=3", "featureIndex": "864", "iconeventlink": "https://www.gdacs.org/images/gdacs_icons/maps/Green/TC.png", "iconitemlink": "https://www.gdacs.org/images/gdacs_icons/maps/Green/TC.png", "alertlevel": "Green", "eventtype": "TC", "eventname": "SIX-26", "polygonlabel": "19/09 21:00 UTC", "polygontype": "Polygon_Point_1", "fromdate": "19 Sep 2026 15:00:00", "todate": "20 Sep 2026 03:00:00", "country": "", "countrylist": "", "iso3": "", "severity": "83.3328", "latitude": "33.3", "longitude": "-33.2", "imageoverview": "https://www.gdacs.org/contentdata/resources/imgtemp/gdacs/tc/1001323/clouds_1001323_3.png", "Class": "Poly_Polygon_Point_1"}, "geometry": {"type": "Polygon", "coordinates": [[[-33.4, 32.87], [-33.39852796977018, 32.87003613631384], [-33.39705948579011, 32.87014445819983], [-33.39559808576634, 32.870324704701055], [-33.39414729033952, 32.8705764415879], [-33.3927105946029, 32.87089906240416], [-33.391291459682364, 32.87129178992803], [-33.38989330439823, 32.871753678044506], [-33.388519497029044, 32.87228361402466], [-33.38717334719709, 32.872880321206296], [-33.385858097895216, 32.87354236206955], [-33.3845769176742, 32.87426814169999], [-33.38333289300941, 32.87505591163092], [-33.38212902086522, 32.87590377405558], [-33.38096820147509, 32.87680968639911], [-33.37985323135459, 32.87777146623935], [-33.3787867965644, 32.8787867965644], [-33.37777146623935, 32.87985323135459], [-33.37680968639911, 32.88096820147509], [-33.37590377405558, 32.88212902086522], [-33.37505591163092, 32.88333289300941], [-33.37426814169999, 32.8845769176742], [-33.37354236206955, 32.885858097895216], [-33.372880321206296, 32.88717334719709], [-33.37228361402466, 32.888519497029044], [-33.371753678044506, 32.88989330439823], [-33.37129178992803, 32.891291459682364], [-33.37089906240416, 32.8927105946029], [-33.3705764415879, 32.89414729033952], [-33.370324704701055, 32.89559808576634], [-33.37014445819983, 32.89705948579011], [-33.37003613631384, 32.89852796977018], [-33.37, 32.9], [-33.37003613631384, 32.90147203022982], [-33.37014445819983, 32.90294051420989], [-33.370324704701055, 32.90440191423366], [-33.3705764415879, 32.90585270966048], [-33.37089906240416, 32.907289405397094], [-33.37129178992803, 32.90870854031763], [-33.371753678044506, 32.91010669560177], [-33.37228361402466, 32.91148050297095], [-33.372880321206296, 32.912826652802906], [-33.37354236206955, 32.91414190210478], [-33.37426814169999, 32.915423082325795], [-33.37505591163092, 32.91666710699059], [-33.37590377405558, 32.917870979134776], [-33.37680968639911, 32.919031798524905], [-33.37777146623935, 32.92014676864541], [-33.3787867965644, 32.9212132034356], [-33.37985323135459, 32.922228533760645], [-33.38096820147509, 32.923190313600884], [-33.38212902086522, 32.92409622594442], [-33.38333289300941, 32.924944088369074], [-33.3845769176742, 32.925731858300004], [-33.385858097895216, 32.92645763793045], [-33.38717334719709, 32.9271196787937], [-33.388519497029044, 32.92771638597534], [-33.38989330439823, 32.92824632195549], [-33.391291459682364, 32.92870821007197], [-33.3927105946029, 32.929100937595834], [-33.39414729033952, 32.9294235584121], [-33.39559808576634, 32.92967529529894], [-33.39705948579011, 32.929855541800165], [-33.39852796977018, 32.929963863686154], [-33.4, 32.93], [-33.40147203022982, 32.929963863686154], [-33.40294051420989, 32.929855541800165], [-33.40440191423366, 32.92967529529894], [-33.40585270966048, 32.9294235584121], [-33.407289405397094, 32.929100937595834], [-33.40870854031763, 32.92870821007197], [-33.41010669560177, 32.92824632195549], [-33.41148050297095, 32.92771638597534], [-33.412826652802906, 32.9271196787937], [-33.41414190210478, 32.92645763793045], [-33.415423082325795, 32.925731858300004], [-33.41666710699059, 32.924944088369074], [-33.417870979134776, 32.92409622594442], [-33.419031798524905, 32.923190313600884], [-33.42014676864541, 32.922228533760645], [-33.4212132034356, 32.9212132034356], [-33.422228533760645, 32.92014676864541], [-33.423190313600884, 32.919031798524905], [-33.42409622594442, 32.917870979134776], [-33.424944088369074, 32.91666710699059], [-33.425731858300004, 32.915423082325795], [-33.42645763793045, 32.91414190210478], [-33.4271196787937, 32.912826652802906], [-33.42771638597534, 32.91148050297095], [-33.42824632195549, 32.91010669560177], [-33.42870821007197, 32.90870854031763], [-33.429100937595834, 32.907289405397094], [-33.4294235584121, 32.90585270966048], [-33.42967529529894, 32.90440191423366], [-33.429855541800165, 32.90294051420989], [-33.429963863686154, 32.90147203022982], [-33.43, 32.9], [-33.429963863686154, 32.89852796977018], [-33.429855541800165, 32.89705948579011], [-33.42967529529894, 32.89559808576634], [-33.4294235584121, 32.89414729033952], [-33.429100937595834, 32.8927105946029], [-33.42870821007197, 32.891291459682364], [-33.42824632195549, 32.88989330439823], [-33.42771638597534, 32.888519497029044], [-33.4271196787937, 32.88717334719709], [-33.42645763793045, 32.885858097895216], [-33.425731858300004, 32.8845769176742], [-33.424944088369074, 32.88333289300941], [-33.42409622594442, 32.88212902086522], [-33.423190313600884, 32.88096820147509], [-33.422228533760645, 32.87985323135459], [-33.4212132034356, 32.8787867965644], [-33.42014676864541, 32.87777146623935], [-33.419031798524905, 32.87680968639911], [-33.417870979134776, 32.87590377405558], [-33.41666710699059, 32.87505591163092], [-33.415423082325795, 32.87426814169999], [-33.41414190210478, 32.87354236206955], [-33.412826652802906, 32.872880321206296], [-33.41148050297095, 32.87228361402466], [-33.41010669560177, 32.871753678044506], [-33.40870854031763, 32.87129178992803], [-33.407289405397094, 32.87089906240416], [-33.40585270966048, 32.8705764415879], [-33.40440191423366, 32.870324704701055], [-33.40294051420989, 32.87014445819983], [-33.40147203022982, 32.87003613631384], [-33.4, 32.87]]]}}, {"type": "Feature", "id": "TC10013233WindRadii_34_2609200300", "properties": {"description": "Tropical Cyclone SIX-26", "name": "Tropical Cyclone SIX-26", "htmldescription": "Green Tropical Cylone SIX-26 in off-shore from: 19 Sep 2026 15:00:00 to:20 Sep 2026 03:00:00.", "link": "https://www.gdacs.org/report.aspx?eventtype=TC&eventid=1001323&episodeid=3", "featureIndex": "865", "iconeventlink": "https://www.gdacs.org/images/gdacs_icons/maps/Green/TC.png", "iconitemlink": "https://www.gdacs.org/images/gdacs_icons/maps/Green/TC.png", "alertlevel": "Green", "eventtype": "TC", "eventname": "SIX-26", "polygonlabel": "20/09 03:00", "polygontype": "WindRadii_34_2609200300", "fromdate": "19 Sep 2026 15:00:00", "todate": "20 Sep 2026 03:00:00", "country": "", "countrylist": "", "iso3": "", "severity": "83.3328", "latitude": "33.3", "longitude": "-33.2", "imageoverview": "https://www.gdacs.org/contentdata/resources/imgtemp/gdacs/tc/1001323/clouds_1001323_3.png", "Class": "Poly_WindRadii_34_2609200300"}, "geometry": {"type": "Polygon", "coordinates": [[[-33.2, 33.3], [-33.2, 33.3], [-33.2, 33.3], [-33.2, 33.3], [-33.2, 33.3], [-33.2, 33.3], [-33.2, 33.3], [-33.2, 33.3], [-33.2, 33.3], [-33.2, 33.3], [-33.2, 33.3], [-33.2, 33.3], [-33.2, 33.3], [-33.2, 33.3], [-33.2, 33.3], [-33.2, 33.3], [-33.2, 33.3], [-33.2, 33.3], [-33.2, 33.3], [-33.2, 33.3], [-33.2, 33.3], [-33.2, 33.3], [-33.2, 33.3], [-33.2, 33.3], [-33.2, 33.3], [-33.2, 33.3], [-33.2, 33.3], [-33.2, 33.3], [-33.2, 33.3], [-33.2, 33.3], [-33.2, 33.3], [-33.2, 33.3], [-33.2, 33.3], [-33.2, 33.3], [-33.2, 33.3], [-33.2, 33.3], [-33.2, 33.3], [-33.2, 33.3], [-33.2, 33.3], [-33.2, 33.3], [-33.2, 33.3], [-33.2, 33.3], [-33.2, 33.3], [-33.2, 33.3], [-33.2, 33.3], [-33.2, 33.3], [-33.2, 33.3], [-33.2, 33.3], [-33.2, 33.3], [-33.2, 33.3], [-33.2, 33.3], [-33.2, 33.3], [-33.2, 33.3], [-33.2, 33.3], [-33.2, 33.3], [-33.2, 33.3], [-33.2, 33.3], [-33.2, 33.3], [-33.2, 33.3], [-33.2, 33.3], [-33.2, 33.3], [-33.2, 33.3], [-33.2, 33.3], [-33.2, 33.3], [-33.2, 33.3], [-33.2, 33.3], [-33.2, 33.3], [-33.2, 33.3], [-33.2, 33.3], [-33.2, 33.3], [-33.2, 33.3], [-33.2, 33.3], [-33.2, 33.3], [-33.2, 33.3], [-33.2, 33.3], [-33.2, 33.3], [-33.2, 33.3], [-33.2, 33.3], [-33.2, 33.3], [-33.2, 33.3], [-33.2, 33.3], [-33.2, 33.3], [-33.2, 33.3], [-33.2, 33.3], [-33.2, 33.3], [-33.2, 33.3], [-33.2, 33.3], [-33.2, 33.3], [-33.2, 33.3], [-33.2, 33.3], [-33.2, 33.3], [-33.2, 33.3], [-33.2, 33.3], [-33.2, 33.3], [-33.2, 33.3], [-33.2, 33.3], [-33.2, 33.3], [-33.2, 33.3], [-33.2, 33.3], [-33.2, 33.3], [-33.2, 33.3], [-33.2, 33.3], [-33.2, 33.3], [-33.2, 33.3], [-33.2, 33.3], [-33.2, 33.3], [-33.2, 33.3], [-33.2, 33.3], [-33.2, 33.3], [-33.2, 33.3], [-33.2, 33.3], [-33.2, 33.3], [-33.2, 33.3], [-33.2, 33.3], [-33.2, 33.3], [-33.2, 33.3], [-33.2, 33.3], [-33.2, 33.3], [-33.2, 33.3], [-33.2, 33.3], [-33.2, 33.3], [-33.2, 33.3], [-33.2, 33.3], [-33.2, 33.3], [-33.2, 33.3], [-33.2, 33.3], [-33.2, 33.3], [-33.2, 33.3], [-33.2, 33.3], [-33.2, 33.3], [-33.2, 33.3], [-33.2, 33.3], [-33.2, 33.3], [-33.2, 33.3], [-33.2, 33.3], [-33.2, 33.3], [-33.2, 33.3], [-33.2, 33.3], [-33.2, 33.3], [-33.2, 33.3], [-33.2, 33.3], [-33.2, 33.3], [-33.2, 33.3], [-33.2, 33.3], [-33.2, 33.3], [-33.2, 33.3], [-33.2, 33.3], [-33.2, 33.3], [-33.2, 33.3], [-33.2, 33.3], [-33.2, 33.3], [-33.2, 33.3], [-33.2, 33.3], [-33.2, 33.3], [-33.2, 33.3], [-33.2, 33.3], [-33.2, 33.3], [-33.2, 33.3], [-33.2, 33.3], [-33.2, 33.3], [-33.2, 33.3], [-33.2, 33.3], [-33.2, 33.3], [-33.2, 33.3], [-33.2, 33.3], [-33.2, 33.3], [-33.2, 33.3], [-33.2, 33.3], [-33.2, 33.3], [-33.2, 33.3], [-33.2, 33.3], [-33.2, 33.3], [-33.2, 33.3], [-33.2, 33.3], [-33.2, 33.3], [-33.2, 33.3], [-33.2, 33.3], [-33.2, 33.3], [-33.2, 33.3], [-33.2, 33.3], [-33.2, 33.3], [-33.2, 33.3], [-33.2, 33.3], [-33.2, 33.3], [-33.2, 33.3], [-33.2, 33.3], [-33.2, 33.3], [-33.2, 33.3], [-33.2, 33.3], [-33.2, 33.3], [-33.2, 33.3], [-33.2, 33.3], [-33.2, 33.3], [-33.2, 33.3], [-33.2, 33.3], [-33.2, 33.3], [-33.2, 33.3], [-33.2, 33.3], [-33.2, 33.3], [-33.2, 33.3], [-33.2, 33.3], [-33.2, 33.3], [-33.2, 33.3], [-33.2, 33.3], [-33.2, 33.3], [-33.2, 33.3], [-33.2, 33.3], [-33.2, 33.3], [-33.2, 33.3], [-33.2, 33.3], [-33.2, 33.3], [-33.2, 33.3], [-33.2, 33.3], [-33.2, 33.3], [-33.2, 33.3], [-33.2, 33.3], [-33.2, 33.3], [-33.2, 33.3], [-33.2, 33.3], [-33.2, 33.3], [-33.2, 33.3], [-33.2, 33.3], [-33.2, 33.3], [-33.2, 33.3], [-33.2, 33.3], [-33.2, 33.3], [-33.2, 33.3], [-33.2, 33.3], [-33.2, 33.3], [-33.2, 33.3], [-33.2, 33.3], [-33.2, 33.3], [-33.2, 33.3], [-33.2, 33.3], [-33.2, 33.3], [-33.2, 33.3], [-33.2, 33.3], [-33.2, 33.3], [-33.2, 33.3], [-33.2, 33.3], [-33.2, 33.3], [-33.2, 33.3], [-33.2, 33.3], [-33.2, 33.3], [-33.2, 33.3], [-33.2, 33.3], [-33.2, 33.3], [-33.2, 33.3], [-33.2, 33.3], [-33.2, 33.3], [-33.2, 33.3], [-33.2, 33.3], [-33.2, 33.3], [-33.2, 33.3], [-33.2, 33.3], [-33.2, 33.3], [-33.2, 33.3], [-33.2, 33.3], [-33.2, 33.3], [-33.2, 33.3], [-33.2, 33.3], [-33.2, 33.3], [-33.2, 33.3], [-33.2, 33.3], [-33.2, 33.3], [-33.2, 33.3], [-33.2, 33.3], [-33.2, 33.3], [-33.2, 33.3], [-33.2, 33.3], [-33.2, 33.3], [-33.2, 33.3], [-33.2, 33.3], [-33.2, 33.3], [-33.2, 33.3], [-33.2, 33.3], [-33.2, 33.3], [-33.2, 33.3], [-33.2, 33.3], [-33.2, 33.3], [-33.2, 33.3], [-33.2, 33.3], [-33.2, 33.3], [-33.2, 33.3], [-33.2, 33.3], [-33.2, 33.3], [-33.2, 33.3], [-33.2, 33.3], [-33.2, 33.3], [-33.2, 33.3], [-33.2, 33.3], [-33.2, 33.3], [-33.2, 33.3], [-33.2, 33.3], [-33.2, 33.3], [-33.2, 33.3], [-33.2, 33.3], [-33.2, 33.3], [-33.2, 33.3], [-33.2, 33.3], [-33.2, 33.3], [-33.2, 33.3], [-33.2, 33.3], [-33.2, 33.3], [-33.2, 33.3], [-33.2, 33.3], [-33.2, 33.3], [-33.2, 33.3], [-33.2, 33.3], [-33.2, 33.3], [-33.2, 33.3], [-33.2, 33.3], [-33.2, 33.3], [-33.2, 33.3], [-33.2, 33.3], [-33.2, 33.3], [-33.2, 33.3], [-33.2, 33.3], [-33.2, 33.3], [-33.2, 33.3], [-33.2, 33.3], [-33.2, 33.3], [-33.2, 33.3], [-33.2, 33.3], [-33.2, 33.3], [-33.2, 33.3], [-33.2, 33.3], [-33.2, 33.3], [-33.2, 33.3], [-33.2, 33.3], [-33.2, 33.3], [-33.2, 33.3], [-33.2, 33.3], [-33.2, 33.3], [-33.2, 33.3], [-33.2, 33.3], [-33.2, 33.3], [-33.2, 33.3], [-33.2, 33.3], [-33.2, 33.3], [-33.2, 33.3], [-33.2, 33.3], [-33.2, 33.3], [-33.2, 33.3], [-33.2, 33.3], [-33.2, 33.3], [-33.2, 33.3], [-33.2, 33.3], [-33.2, 33.3], [-33.2, 33.3], [-33.2, 33.3], [-33.2, 33.3], [-33.2, 33.3], [-33.2, 33.3], [-33.2, 33.3], [-33.2, 33.3], [-33.2, 33.3], [-33.2, 33.3], [-33.2, 33.3], [-33.2, 33.3], [-33.2, 33.3], [-33.2, 33.3], [-33.2, 33.3], [-33.2, 33.3], [-33.2, 33.3]]]}}, {"type": "Feature", "id": "TC10013233WindRadii_50_2609200300", "properties": {"description": "Tropical Cyclone SIX-26", "name": "Tropical Cyclone SIX-26", "htmldescription": "Green Tropical Cylone SIX-26 in off-shore from: 19 Sep 2026 15:00:00 to:20 Sep 2026 03:00:00.", "link": "https://www.gdacs.org/report.aspx?eventtype=TC&eventid=1001323&episodeid=3", "featureIndex": "866", "iconeventlink": "https://www.gdacs.org/images/gdacs_icons/maps/Green/TC.png", "iconitemlink": "https://www.gdacs.org/images/gdacs_icons/maps/Green/TC.png", "alertlevel": "Green", "eventtype": "TC", "eventname": "SIX-26", "polygonlabel": "20/09 03:00", "polygontype": "WindRadii_50_2609200300", "fromdate": "19 Sep 2026 15:00:00", "todate": "20 Sep 2026 03:00:00", "country": "", "countrylist": "", "iso3": "", "severity": "83.3328", "latitude": "33.3", "longitude": "-33.2", "imageoverview": "https://www.gdacs.org/contentdata/resources/imgtemp/gdacs/tc/1001323/clouds_1001323_3.png", "Class": "Poly_WindRadii_50_2609200300"}, "geometry": {"type": "Polygon", "coordinates": [[[-33.2, 33.3], [-33.2, 33.3], [-33.2, 33.3], [-33.2, 33.3], [-33.2, 33.3], [-33.2, 33.3], [-33.2, 33.3], [-33.2, 33.3], [-33.2, 33.3], [-33.2, 33.3], [-33.2, 33.3], [-33.2, 33.3], [-33.2, 33.3], [-33.2, 33.3], [-33.2, 33.3], [-33.2, 33.3], [-33.2, 33.3], [-33.2, 33.3], [-33.2, 33.3], [-33.2, 33.3], [-33.2, 33.3], [-33.2, 33.3], [-33.2, 33.3], [-33.2, 33.3], [-33.2, 33.3], [-33.2, 33.3], [-33.2, 33.3], [-33.2, 33.3], [-33.2, 33.3], [-33.2, 33.3], [-33.2, 33.3], [-33.2, 33.3], [-33.2, 33.3], [-33.2, 33.3], [-33.2, 33.3], [-33.2, 33.3], [-33.2, 33.3], [-33.2, 33.3], [-33.2, 33.3], [-33.2, 33.3], [-33.2, 33.3], [-33.2, 33.3], [-33.2, 33.3], [-33.2, 33.3], [-33.2, 33.3], [-33.2, 33.3], [-33.2, 33.3], [-33.2, 33.3], [-33.2, 33.3], [-33.2, 33.3], [-33.2, 33.3], [-33.2, 33.3], [-33.2, 33.3], [-33.2, 33.3], [-33.2, 33.3], [-33.2, 33.3], [-33.2, 33.3], [-33.2, 33.3], [-33.2, 33.3], [-33.2, 33.3], [-33.2, 33.3], [-33.2, 33.3], [-33.2, 33.3], [-33.2, 33.3], [-33.2, 33.3], [-33.2, 33.3], [-33.2, 33.3], [-33.2, 33.3], [-33.2, 33.3], [-33.2, 33.3], [-33.2, 33.3], [-33.2, 33.3], [-33.2, 33.3], [-33.2, 33.3], [-33.2, 33.3], [-33.2, 33.3], [-33.2, 33.3], [-33.2, 33.3], [-33.2, 33.3], [-33.2, 33.3], [-33.2, 33.3], [-33.2, 33.3], [-33.2, 33.3], [-33.2, 33.3], [-33.2, 33.3], [-33.2, 33.3], [-33.2, 33.3], [-33.2, 33.3], [-33.2, 33.3], [-33.2, 33.3], [-33.2, 33.3], [-33.2, 33.3], [-33.2, 33.3], [-33.2, 33.3], [-33.2, 33.3], [-33.2, 33.3], [-33.2, 33.3], [-33.2, 33.3], [-33.2, 33.3], [-33.2, 33.3], [-33.2, 33.3], [-33.2, 33.3], [-33.2, 33.3], [-33.2, 33.3], [-33.2, 33.3], [-33.2, 33.3], [-33.2, 33.3], [-33.2, 33.3], [-33.2, 33.3], [-33.2, 33.3], [-33.2, 33.3], [-33.2, 33.3], [-33.2, 33.3], [-33.2, 33.3], [-33.2, 33.3], [-33.2, 33.3], [-33.2, 33.3], [-33.2, 33.3], [-33.2, 33.3], [-33.2, 33.3], [-33.2, 33.3], [-33.2, 33.3], [-33.2, 33.3], [-33.2, 33.3], [-33.2, 33.3], [-33.2, 33.3], [-33.2, 33.3], [-33.2, 33.3], [-33.2, 33.3], [-33.2, 33.3], [-33.2, 33.3], [-33.2, 33.3], [-33.2, 33.3], [-33.2, 33.3], [-33.2, 33.3], [-33.2, 33.3], [-33.2, 33.3], [-33.2, 33.3], [-33.2, 33.3], [-33.2, 33.3], [-33.2, 33.3], [-33.2, 33.3], [-33.2, 33.3], [-33.2, 33.3], [-33.2, 33.3], [-33.2, 33.3], [-33.2, 33.3], [-33.2, 33.3], [-33.2, 33.3], [-33.2, 33.3], [-33.2, 33.3], [-33.2, 33.3], [-33.2, 33.3], [-33.2, 33.3], [-33.2, 33.3], [-33.2, 33.3], [-33.2, 33.3], [-33.2, 33.3], [-33.2, 33.3], [-33.2, 33.3], [-33.2, 33.3], [-33.2, 33.3], [-33.2, 33.3], [-33.2, 33.3], [-33.2, 33.3], [-33.2, 33.3], [-33.2, 33.3], [-33.2, 33.3], [-33.2, 33.3], [-33.2, 33.3], [-33.2, 33.3], [-33.2, 33.3], [-33.2, 33.3], [-33.2, 33.3], [-33.2, 33.3], [-33.2, 33.3], [-33.2, 33.3], [-33.2, 33.3], [-33.2, 33.3], [-33.2, 33.3], [-33.2, 33.3], [-33.2, 33.3], [-33.2, 33.3], [-33.2, 33.3], [-33.2, 33.3], [-33.2, 33.3], [-33.2, 33.3], [-33.2, 33.3], [-33.2, 33.3], [-33.2, 33.3], [-33.2, 33.3], [-33.2, 33.3], [-33.2, 33.3], [-33.2, 33.3], [-33.2, 33.3], [-33.2, 33.3], [-33.2, 33.3], [-33.2, 33.3], [-33.2, 33.3], [-33.2, 33.3], [-33.2, 33.3], [-33.2, 33.3], [-33.2, 33.3], [-33.2, 33.3], [-33.2, 33.3], [-33.2, 33.3], [-33.2, 33.3], [-33.2, 33.3], [-33.2, 33.3], [-33.2, 33.3], [-33.2, 33.3], [-33.2, 33.3], [-33.2, 33.3], [-33.2, 33.3], [-33.2, 33.3], [-33.2, 33.3], [-33.2, 33.3], [-33.2, 33.3], [-33.2, 33.3], [-33.2, 33.3], [-33.2, 33.3], [-33.2, 33.3], [-33.2, 33.3], [-33.2, 33.3], [-33.2, 33.3], [-33.2, 33.3], [-33.2, 33.3], [-33.2, 33.3], [-33.2, 33.3], [-33.2, 33.3], [-33.2, 33.3], [-33.2, 33.3], [-33.2, 33.3], [-33.2, 33.3], [-33.2, 33.3], [-33.2, 33.3], [-33.2, 33.3], [-33.2, 33.3], [-33.2, 33.3], [-33.2, 33.3], [-33.2, 33.3], [-33.2, 33.3], [-33.2, 33.3], [-33.2, 33.3], [-33.2, 33.3], [-33.2, 33.3], [-33.2, 33.3], [-33.2, 33.3], [-33.2, 33.3], [-33.2, 33.3], [-33.2, 33.3], [-33.2, 33.3], [-33.2, 33.3], [-33.2, 33.3], [-33.2, 33.3], [-33.2, 33.3], [-33.2, 33.3], [-33.2, 33.3], [-33.2, 33.3], [-33.2, 33.3], [-33.2, 33.3], [-33.2, 33.3], [-33.2, 33.3], [-33.2, 33.3], [-33.2, 33.3], [-33.2, 33.3], [-33.2, 33.3], [-33.2, 33.3], [-33.2, 33.3], [-33.2, 33.3], [-33.2, 33.3], [-33.2, 33.3], [-33.2, 33.3], [-33.2, 33.3], [-33.2, 33.3], [-33.2, 33.3], [-33.2, 33.3], [-33.2, 33.3], [-33.2, 33.3], [-33.2, 33.3], [-33.2, 33.3], [-33.2, 33.3], [-33.2, 33.3], [-33.2, 33.3], [-33.2, 33.3], [-33.2, 33.3], [-33.2, 33.3], [-33.2, 33.3], [-33.2, 33.3], [-33.2, 33.3], [-33.2, 33.3], [-33.2, 33.3], [-33.2, 33.3], [-33.2, 33.3], [-33.2, 33.3], [-33.2, 33.3], [-33.2, 33.3], [-33.2, 33.3], [-33.2, 33.3], [-33.2, 33.3], [-33.2, 33.3], [-33.2, 33.3], [-33.2, 33.3], [-33.2, 33.3], [-33.2, 33.3], [-33.2, 33.3], [-33.2, 33.3], [-33.2, 33.3], [-33.2, 33.3], [-33.2, 33.3], [-33.2, 33.3], [-33.2, 33.3], [-33.2, 33.3], [-33.2, 33.3], [-33.2, 33.3], [-33.2, 33.3], [-33.2, 33.3], [-33.2, 33.3], [-33.2, 33.3], [-33.2, 33.3], [-33.2, 33.3], [-33.2, 33.3], [-33.2, 33.3], [-33.2, 33.3], [-33.2, 33.3], [-33.2, 33.3], [-33.2, 33.3], [-33.2, 33.3], [-33.2, 33.3], [-33.2, 33.3], [-33.2, 33.3], [-33.2, 33.3], [-33.2, 33.3], [-33.2, 33.3], [-33.2, 33.3], [-33.2, 33.3], [-33.2, 33.3], [-33.2, 33.3], [-33.2, 33.3], [-33.2, 33.3], [-33.2, 33.3], [-33.2, 33.3], [-33.2, 33.3], [-33.2, 33.3], [-33.2, 33.3], [-33.2, 33.3], [-33.2, 33.3], [-33.2, 33.3], [-33.2, 33.3], [-33.2, 33.3], [-33.2, 33.3], [-33.2, 33.3], [-33.2, 33.3], [-33.2, 33.3], [-33.2, 33.3], [-33.2, 33.3], [-33.2, 33.3], [-33.2, 33.3], [-33.2, 33.3], [-33.2, 33.3], [-33.2, 33.3], [-33.2, 33.3], [-33.2, 33.3], [-33.2, 33.3], [-33.2, 33.3]]]}}, {"type": "Feature", "id": "TC10013233WindRadii_64_2609200300", "properties": {"description": "Tropical Cyclone SIX-26", "name": "Tropical Cyclone SIX-26", "htmldescription": "Green Tropical Cylone SIX-26 in off-shore from: 19 Sep 2026 15:00:00 to:20 Sep 2026 03:00:00.", "link": "https://www.gdacs.org/report.aspx?eventtype=TC&eventid=1001323&episodeid=3", "featureIndex": "867", "iconeventlink": "https://www.gdacs.org/images/gdacs_icons/maps/Green/TC.png", "iconitemlink": "https://www.gdacs.org/images/gdacs_icons/maps/Green/TC.png", "alertlevel": "Green", "eventtype": "TC", "eventname": "SIX-26", "polygonlabel": "20/09 03:00", "polygontype": "WindRadii_64_2609200300", "fromdate": "19 Sep 2026 15:00:00", "todate": "20 Sep 2026 03:00:00", "country": "", "countrylist": "", "iso3": "", "severity": "83.3328", "latitude": "33.3", "longitude": "-33.2", "imageoverview": "https://www.gdacs.org/contentdata/resources/imgtemp/gdacs/tc/1001323/clouds_1001323_3.png", "Class": "Poly_WindRadii_64_2609200300"}, "geometry": {"type": "Polygon", "coordinates": [[[-33.2, 33.3], [-33.2, 33.3], [-33.2, 33.3], [-33.2, 33.3], [-33.2, 33.3], [-33.2, 33.3], [-33.2, 33.3], [-33.2, 33.3], [-33.2, 33.3], [-33.2, 33.3], [-33.2, 33.3], [-33.2, 33.3], [-33.2, 33.3], [-33.2, 33.3], [-33.2, 33.3], [-33.2, 33.3], [-33.2, 33.3], [-33.2, 33.3], [-33.2, 33.3], [-33.2, 33.3], [-33.2, 33.3], [-33.2, 33.3], [-33.2, 33.3], [-33.2, 33.3], [-33.2, 33.3], [-33.2, 33.3], [-33.2, 33.3], [-33.2, 33.3], [-33.2, 33.3], [-33.2, 33.3], [-33.2, 33.3], [-33.2, 33.3], [-33.2, 33.3], [-33.2, 33.3], [-33.2, 33.3], [-33.2, 33.3], [-33.2, 33.3], [-33.2, 33.3], [-33.2, 33.3], [-33.2, 33.3], [-33.2, 33.3], [-33.2, 33.3], [-33.2, 33.3], [-33.2, 33.3], [-33.2, 33.3], [-33.2, 33.3], [-33.2, 33.3], [-33.2, 33.3], [-33.2, 33.3], [-33.2, 33.3], [-33.2, 33.3], [-33.2, 33.3], [-33.2, 33.3], [-33.2, 33.3], [-33.2, 33.3], [-33.2, 33.3], [-33.2, 33.3], [-33.2, 33.3], [-33.2, 33.3], [-33.2, 33.3], [-33.2, 33.3], [-33.2, 33.3], [-33.2, 33.3], [-33.2, 33.3], [-33.2, 33.3], [-33.2, 33.3], [-33.2, 33.3], [-33.2, 33.3], [-33.2, 33.3], [-33.2, 33.3], [-33.2, 33.3], [-33.2, 33.3], [-33.2, 33.3], [-33.2, 33.3], [-33.2, 33.3], [-33.2, 33.3], [-33.2, 33.3], [-33.2, 33.3], [-33.2, 33.3], [-33.2, 33.3], [-33.2, 33.3], [-33.2, 33.3], [-33.2, 33.3], [-33.2, 33.3], [-33.2, 33.3], [-33.2, 33.3], [-33.2, 33.3], [-33.2, 33.3], [-33.2, 33.3], [-33.2, 33.3], [-33.2, 33.3], [-33.2, 33.3], [-33.2, 33.3], [-33.2, 33.3], [-33.2, 33.3], [-33.2, 33.3], [-33.2, 33.3], [-33.2, 33.3], [-33.2, 33.3], [-33.2, 33.3], [-33.2, 33.3], [-33.2, 33.3], [-33.2, 33.3], [-33.2, 33.3], [-33.2, 33.3], [-33.2, 33.3], [-33.2, 33.3], [-33.2, 33.3], [-33.2, 33.3], [-33.2, 33.3], [-33.2, 33.3], [-33.2, 33.3], [-33.2, 33.3], [-33.2, 33.3], [-33.2, 33.3], [-33.2, 33.3], [-33.2, 33.3], [-33.2, 33.3], [-33.2, 33.3], [-33.2, 33.3], [-33.2, 33.3], [-33.2, 33.3], [-33.2, 33.3], [-33.2, 33.3], [-33.2, 33.3], [-33.2, 33.3], [-33.2, 33.3], [-33.2, 33.3], [-33.2, 33.3], [-33.2, 33.3], [-33.2, 33.3], [-33.2, 33.3], [-33.2, 33.3], [-33.2, 33.3], [-33.2, 33.3], [-33.2, 33.3], [-33.2, 33.3], [-33.2, 33.3], [-33.2, 33.3], [-33.2, 33.3], [-33.2, 33.3], [-33.2, 33.3], [-33.2, 33.3], [-33.2, 33.3], [-33.2, 33.3], [-33.2, 33.3], [-33.2, 33.3], [-33.2, 33.3], [-33.2, 33.3], [-33.2, 33.3], [-33.2, 33.3], [-33.2, 33.3], [-33.2, 33.3], [-33.2, 33.3], [-33.2, 33.3], [-33.2, 33.3], [-33.2, 33.3], [-33.2, 33.3], [-33.2, 33.3], [-33.2, 33.3], [-33.2, 33.3], [-33.2, 33.3], [-33.2, 33.3], [-33.2, 33.3], [-33.2, 33.3], [-33.2, 33.3], [-33.2, 33.3], [-33.2, 33.3], [-33.2, 33.3], [-33.2, 33.3], [-33.2, 33.3], [-33.2, 33.3], [-33.2, 33.3], [-33.2, 33.3], [-33.2, 33.3], [-33.2, 33.3], [-33.2, 33.3], [-33.2, 33.3], [-33.2, 33.3], [-33.2, 33.3], [-33.2, 33.3], [-33.2, 33.3], [-33.2, 33.3], [-33.2, 33.3], [-33.2, 33.3], [-33.2, 33.3], [-33.2, 33.3], [-33.2, 33.3], [-33.2, 33.3], [-33.2, 33.3], [-33.2, 33.3], [-33.2, 33.3], [-33.2, 33.3], [-33.2, 33.3], [-33.2, 33.3], [-33.2, 33.3], [-33.2, 33.3], [-33.2, 33.3], [-33.2, 33.3], [-33.2, 33.3], [-33.2, 33.3], [-33.2, 33.3], [-33.2, 33.3], [-33.2, 33.3], [-33.2, 33.3], [-33.2, 33.3], [-33.2, 33.3], [-33.2, 33.3], [-33.2, 33.3], [-33.2, 33.3], [-33.2, 33.3], [-33.2, 33.3], [-33.2, 33.3], [-33.2, 33.3], [-33.2, 33.3], [-33.2, 33.3], [-33.2, 33.3], [-33.2, 33.3], [-33.2, 33.3], [-33.2, 33.3], [-33.2, 33.3], [-33.2, 33.3], [-33.2, 33.3], [-33.2, 33.3], [-33.2, 33.3], [-33.2, 33.3], [-33.2, 33.3], [-33.2, 33.3], [-33.2, 33.3], [-33.2, 33.3], [-33.2, 33.3], [-33.2, 33.3], [-33.2, 33.3], [-33.2, 33.3], [-33.2, 33.3], [-33.2, 33.3], [-33.2, 33.3], [-33.2, 33.3], [-33.2, 33.3], [-33.2, 33.3], [-33.2, 33.3], [-33.2, 33.3], [-33.2, 33.3], [-33.2, 33.3], [-33.2, 33.3], [-33.2, 33.3], [-33.2, 33.3], [-33.2, 33.3], [-33.2, 33.3], [-33.2, 33.3], [-33.2, 33.3], [-33.2, 33.3], [-33.2, 33.3], [-33.2, 33.3], [-33.2, 33.3], [-33.2, 33.3], [-33.2, 33.3], [-33.2, 33.3], [-33.2, 33.3], [-33.2, 33.3], [-33.2, 33.3], [-33.2, 33.3], [-33.2, 33.3], [-33.2, 33.3], [-33.2, 33.3], [-33.2, 33.3], [-33.2, 33.3], [-33.2, 33.3], [-33.2, 33.3], [-33.2, 33.3], [-33.2, 33.3], [-33.2, 33.3], [-33.2, 33.3], [-33.2, 33.3], [-33.2, 33.3], [-33.2, 33.3], [-33.2, 33.3], [-33.2, 33.3], [-33.2, 33.3], [-33.2, 33.3], [-33.2, 33.3], [-33.2, 33.3], [-33.2, 33.3], [-33.2, 33.3], [-33.2, 33.3], [-33.2, 33.3], [-33.2, 33.3], [-33.2, 33.3], [-33.2, 33.3], [-33.2, 33.3], [-33.2, 33.3], [-33.2, 33.3], [-33.2, 33.3], [-33.2, 33.3], [-33.2, 33.3], [-33.2, 33.3], [-33.2, 33.3], [-33.2, 33.3], [-33.2, 33.3], [-33.2, 33.3], [-33.2, 33.3], [-33.2, 33.3], [-33.2, 33.3], [-33.2, 33.3], [-33.2, 33.3], [-33.2, 33.3], [-33.2, 33.3], [-33.2, 33.3], [-33.2, 33.3], [-33.2, 33.3], [-33.2, 33.3], [-33.2, 33.3], [-33.2, 33.3], [-33.2, 33.3], [-33.2, 33.3], [-33.2, 33.3], [-33.2, 33.3], [-33.2, 33.3], [-33.2, 33.3], [-33.2, 33.3], [-33.2, 33.3], [-33.2, 33.3], [-33.2, 33.3], [-33.2, 33.3], [-33.2, 33.3], [-33.2, 33.3], [-33.2, 33.3], [-33.2, 33.3], [-33.2, 33.3], [-33.2, 33.3], [-33.2, 33.3], [-33.2, 33.3], [-33.2, 33.3], [-33.2, 33.3], [-33.2, 33.3], [-33.2, 33.3], [-33.2, 33.3], [-33.2, 33.3], [-33.2, 33.3], [-33.2, 33.3], [-33.2, 33.3], [-33.2, 33.3], [-33.2, 33.3], [-33.2, 33.3], [-33.2, 33.3], [-33.2, 33.3], [-33.2, 33.3], [-33.2, 33.3], [-33.2, 33.3], [-33.2, 33.3], [-33.2, 33.3], [-33.2, 33.3], [-33.2, 33.3], [-33.2, 33.3], [-33.2, 33.3], [-33.2, 33.3], [-33.2, 33.3], [-33.2, 33.3], [-33.2, 33.3], [-33.2, 33.3], [-33.2, 33.3], [-33.2, 33.3], [-33.2, 33.3], [-33.2, 33.3], [-33.2, 33.3]]]}}, {"type": "Feature", "id": "TC10013233Polygon_Point_2", "properties": {"description": "Tropical Cyclone SIX-26", "name": "Tropical Cyclone SIX-26", "htmldescription": "Green Tropical Cylone SIX-26 in off-shore from: 19 Sep 2026 15:00:00 to:20 Sep 2026 03:00:00.", "link": "https://www.gdacs.org/report.aspx?eventtype=TC&eventid=1001323&episodeid=3", "featureIndex": "868", "iconeventlink": "https://www.gdacs.org/images/gdacs_icons/maps/Green/TC.png", "iconitemlink": "https://www.gdacs.org/images/gdacs_icons/maps/Green/TC.png", "alertlevel": "Green", "eventtype": "TC", "eventname": "SIX-26", "polygonlabel": "20/09 03:00 UTC", "polygontype": "Polygon_Point_2", "fromdate": "19 Sep 2026 15:00:00", "todate": "20 Sep 2026 03:00:00", "country": "", "countrylist": "", "iso3": "", "severity": "83.3328", "latitude": "33.3", "longitude": "-33.2", "imageoverview": "https://www.gdacs.org/contentdata/resources/imgtemp/gdacs/tc/1001323/clouds_1001323_3.png", "Class": "Poly_Polygon_Point_2"}, "geometry": {"type": "Polygon", "coordinates": [[[-33.2, 33.269999999999996], [-33.19852796977018, 33.27003613631384], [-33.19705948579011, 33.27014445819983], [-33.19559808576634, 33.27032470470105], [-33.19414729033952, 33.2705764415879], [-33.19271059460291, 33.27089906240416], [-33.19129145968237, 33.27129178992803], [-33.18989330439823, 33.271753678044504], [-33.18851949702905, 33.27228361402466], [-33.187173347197096, 33.272880321206294], [-33.18585809789522, 33.27354236206955], [-33.18457691767421, 33.27426814169999], [-33.183332893009414, 33.27505591163092], [-33.182129020865226, 33.27590377405558], [-33.180968201475096, 33.27680968639911], [-33.17985323135459, 33.27777146623935], [-33.1787867965644, 33.2787867965644], [-33.177771466239356, 33.279853231354586], [-33.17680968639912, 33.28096820147509], [-33.175903774055584, 33.28212902086522], [-33.17505591163093, 33.28333289300941], [-33.1742681417, 33.2845769176742], [-33.173542362069554, 33.285858097895215], [-33.1728803212063, 33.28717334719709], [-33.172283614024664, 33.28851949702904], [-33.17175367804451, 33.28989330439823], [-33.171291789928034, 33.29129145968236], [-33.17089906240417, 33.2927105946029], [-33.170576441587905, 33.29414729033952], [-33.17032470470106, 33.295598085766336], [-33.170144458199836, 33.29705948579011], [-33.17003613631385, 33.29852796977018], [-33.17, 33.3], [-33.17003613631385, 33.30147203022982], [-33.170144458199836, 33.30294051420989], [-33.17032470470106, 33.30440191423366], [-33.170576441587905, 33.30585270966048], [-33.17089906240417, 33.30728940539709], [-33.171291789928034, 33.30870854031763], [-33.17175367804451, 33.31010669560177], [-33.172283614024664, 33.31148050297095], [-33.1728803212063, 33.312826652802904], [-33.173542362069554, 33.31414190210478], [-33.1742681417, 33.31542308232579], [-33.17505591163093, 33.316667106990586], [-33.175903774055584, 33.317870979134774], [-33.17680968639912, 33.319031798524904], [-33.177771466239356, 33.32014676864541], [-33.1787867965644, 33.3212132034356], [-33.17985323135459, 33.322228533760644], [-33.180968201475096, 33.32319031360088], [-33.182129020865226, 33.324096225944416], [-33.183332893009414, 33.32494408836907], [-33.18457691767421, 33.3257318583], [-33.18585809789522, 33.326457637930446], [-33.187173347197096, 33.3271196787937], [-33.18851949702905, 33.327716385975336], [-33.18989330439823, 33.32824632195549], [-33.19129145968237, 33.328708210071966], [-33.19271059460291, 33.32910093759583], [-33.19414729033952, 33.329423558412095], [-33.19559808576634, 33.32967529529894], [-33.19705948579011, 33.329855541800164], [-33.19852796977018, 33.32996386368615], [-33.2, 33.33], [-33.20147203022982, 33.32996386368615], [-33.20294051420989, 33.329855541800164], [-33.204401914233664, 33.32967529529894], [-33.20585270966048, 33.329423558412095], [-33.2072894053971, 33.32910093759583], [-33.20870854031764, 33.328708210071966], [-33.21010669560177, 33.32824632195549], [-33.21148050297096, 33.327716385975336], [-33.21282665280291, 33.3271196787937], [-33.214141902104785, 33.326457637930446], [-33.2154230823258, 33.3257318583], [-33.21666710699059, 33.32494408836907], [-33.21787097913478, 33.324096225944416], [-33.21903179852491, 33.32319031360088], [-33.220146768645414, 33.322228533760644], [-33.2212132034356, 33.3212132034356], [-33.22222853376065, 33.32014676864541], [-33.22319031360089, 33.319031798524904], [-33.22409622594442, 33.317870979134774], [-33.22494408836908, 33.316667106990586], [-33.22573185830001, 33.31542308232579], [-33.22645763793045, 33.31414190210478], [-33.227119678793706, 33.312826652802904], [-33.22771638597534, 33.31148050297095], [-33.228246321955496, 33.31010669560177], [-33.22870821007197, 33.30870854031763], [-33.22910093759584, 33.30728940539709], [-33.2294235584121, 33.30585270966048], [-33.22967529529895, 33.30440191423366], [-33.22985554180017, 33.30294051420989], [-33.22996386368616, 33.30147203022982], [-33.230000000000004, 33.3], [-33.22996386368616, 33.29852796977018], [-33.22985554180017, 33.29705948579011], [-33.22967529529895, 33.295598085766336], [-33.2294235584121, 33.29414729033952], [-33.22910093759584, 33.2927105946029], [-33.22870821007197, 33.29129145968236], [-33.228246321955496, 33.28989330439823], [-33.22771638597534, 33.28851949702904], [-33.227119678793706, 33.28717334719709], [-33.22645763793045, 33.285858097895215], [-33.22573185830001, 33.2845769176742], [-33.22494408836908, 33.28333289300941], [-33.22409622594442, 33.28212902086522], [-33.22319031360089, 33.28096820147509], [-33.22222853376065, 33.279853231354586], [-33.2212132034356, 33.2787867965644], [-33.220146768645414, 33.27777146623935], [-33.21903179852491, 33.27680968639911], [-33.21787097913478, 33.27590377405558], [-33.21666710699059, 33.27505591163092], [-33.2154230823258, 33.27426814169999], [-33.214141902104785, 33.27354236206955], [-33.21282665280291, 33.272880321206294], [-33.21148050297096, 33.27228361402466], [-33.21010669560177, 33.271753678044504], [-33.20870854031764, 33.27129178992803], [-33.2072894053971, 33.27089906240416], [-33.20585270966048, 33.2705764415879], [-33.204401914233664, 33.27032470470105], [-33.20294051420989, 33.27014445819983], [-33.20147203022982, 33.27003613631384], [-33.2, 33.269999999999996]]]}}, {"type": "Feature", "id": "TC10013233WindRadii_34_2609201200", "properties": {"description": "Tropical Cyclone SIX-26", "name": "Tropical Cyclone SIX-26", "htmldescription": "Green Tropical Cylone SIX-26 in off-shore from: 19 Sep 2026 15:00:00 to:20 Sep 2026 03:00:00.", "link": "https://www.gdacs.org/report.aspx?eventtype=TC&eventid=1001323&episodeid=3", "featureIndex": "869", "iconeventlink": "https://www.gdacs.org/images/gdacs_icons/maps/Green/TC.png", "iconitemlink": "https://www.gdacs.org/images/gdacs_icons/maps/Green/TC.png", "alertlevel": "Green", "eventtype": "TC", "eventname": "SIX-26", "polygonlabel": "20/09 12:00", "polygontype": "WindRadii_34_2609201200", "fromdate": "19 Sep 2026 15:00:00", "todate": "20 Sep 2026 03:00:00", "country": "", "countrylist": "", "iso3": "", "severity": "83.3328", "latitude": "33.3", "longitude": "-33.2", "imageoverview": "https://www.gdacs.org/contentdata/resources/imgtemp/gdacs/tc/1001323/clouds_1001323_3.png", "Class": "Poly_WindRadii_34_2609201200"}, "geometry": {"type": "Polygon", "coordinates": [[[-33.0, 34.13310880265192], [-32.99300402062051, 34.13305806856783], [-32.98601017228411, 34.13290588176964], [-32.97902058538476, 34.132652288614935], [-32.97203738901833, 34.13229736635065], [-32.96506271033409, 34.13184122308953], [-32.958098673886724, 34.13128399777724], [-32.95114740098919, 34.13062586015001], [-32.94421100906658, 34.12986701068293], [-32.937291611011034, 34.12900768052891], [-32.93039131453825, 34.128048131448224], [-32.923512221545366, 34.12698865572882], [-32.916656427470755, 34.12582957609728], [-32.90982602065571, 34.12457124562048], [-32.9030230817083, 34.12321404759807], [-32.896249682869644, 34.12175839544572], [-32.889507887382635, 34.120204732569164], [-32.88279974886349, 34.11855353222918], [-32.87612731067618, 34.116805297397384], [-32.86949260531003, 34.11496056060304], [-32.862897653760555, 34.11301988377084], [-32.85634446491388, 34.11098385804975], [-32.84983503493482, 34.10885310363293], [-32.84337134665879, 34.10662826956882], [-32.83695536898787, 34.10431003356342], [-32.83058905629101, 34.10189910177389], [-32.82427434780872, 34.09939620859339], [-32.818013167062375, 34.09680211642743], [-32.81180742126829, 34.09411761546163], [-32.805659000756755, 34.091343523420974], [-32.79956977839621, 34.088480685320775], [-32.79354160902278, 34.085529973209255], [-32.78757632887525, 34.08249228590191], [-32.78167575503573, 34.079368548707706], [-32.775841684876184, 34.07615971314726], [-32.7700758955109, 34.072866756662975], [-32.76438014325516, 34.069490682321295], [-32.75875616309029, 34.06603251850716], [-32.753205668135124, 34.06249331861077], [-32.7477303491242, 34.0588741607067], [-32.74233187389272, 34.05517614722552], [-32.73701188686853, 34.05140040461794], [-32.731772008571234, 34.04754808301174], [-32.726613835118506, 34.04362035586141], [-32.72153893773995, 34.039618419590674], [-32.71654886229848, 34.035543493228104], [-32.7116451288194, 34.03139681803573], [-32.706829231027434, 34.027179657130986], [-32.70210263589171, 34.02289329510195], [-32.697466783178896, 34.01853903761601], [-32.69292308501463, 34.01411821102217], [-32.68847292545338, 34.009632161947046], [-32.68411766005687, 34.00508225688464], [-32.67985861548113, 34.00046988178011], [-32.67569708907239, 33.9957964416076], [-32.67163434847192, 33.99106335994225], [-32.66767163122985, 33.98627207852659], [-32.66381014442825, 33.98142405683135], [-32.66005106431339, 33.97652077161091], [-32.656395535937506, 33.97156371645344], [-32.65284467280995, 33.96655440132596], [-32.64939955655802, 33.961494352114386], [-32.64606123659751, 33.95638511015873], [-32.64283072981301, 33.95122823178358], [-32.63970902024818, 33.94602528782406], [-32.63669705880601, 33.940777863147275], [-32.63379576295912, 33.93548755616964], [-32.63100601647033, 33.930155978369896], [-32.62832866912345, 33.924784753798285], [-32.625764536464416, 33.91937551858186], [-32.62331439955287, 33.91392992042605], [-32.62097900472426, 33.90844961811282], [-32.61875906336247, 33.902936280995334], [-32.61665525168314, 33.89739158848949], [-32.6146682105277, 33.89181722956234], [-32.61279854516812, 33.88621490221761], [-32.611046825122585, 33.88058631297849], [-32.609413583982, 33.87493317636777], [-32.607899319247416, 33.869257214385634], [-32.606504492178566, 33.86356015598509], [-32.60522952765327, 33.85784373654532], [-32.60407481403808, 33.85210969734304], [-32.603040703069944, 33.84635978502216], [-32.60212750974908, 33.84059575106166], [-32.60133551224303, 33.83481935124213], [-32.6006649518019, 33.82903234511091], [-32.6001160326849, 33.823236495446125], [-32.5996889220981, 33.817433567719725], [-32.59938375014354, 33.811625329559725], [-32.59920060977954, 33.80581355021172], [-32.59913955679242, 33.8], [-33.0, 33.8], [-33.0, 33.8], [-33.0, 33.8], [-33.0, 33.8], [-33.0, 33.8], [-33.0, 33.8], [-33.0, 33.8], [-33.0, 33.8], [-33.0, 33.8], [-33.0, 33.8], [-33.0, 33.8], [-33.0, 33.8], [-33.0, 33.8], [-33.0, 33.8], [-33.0, 33.8], [-33.0, 33.8], [-33.0, 33.8], [-33.0, 33.8], [-33.0, 33.8], [-33.0, 33.8], [-33.0, 33.8], [-33.0, 33.8], [-33.0, 33.8], [-33.0, 33.8], [-33.0, 33.8], [-33.0, 33.8], [-33.0, 33.8], [-33.0, 33.8], [-33.0, 33.8], [-33.0, 33.8], [-33.0, 33.8], [-33.0, 33.8], [-33.0, 33.8], [-33.0, 33.8], [-33.0, 33.8], [-33.0, 33.8], [-33.0, 33.8], [-33.0, 33.8], [-33.0, 33.8], [-33.0, 33.8], [-33.0, 33.8], [-33.0, 33.8], [-33.0, 33.8], [-33.0, 33.8], [-33.0, 33.8], [-33.0, 33.8], [-33.0, 33.8], [-33.0, 33.8], [-33.0, 33.8], [-33.0, 33.8], [-33.0, 33.8], [-33.0, 33.8], [-33.0, 33.8], [-33.0, 33.8], [-33.0, 33.8], [-33.0, 33.8], [-33.0, 33.8], [-33.0, 33.8], [-33.0, 33.8], [-33.0, 33.8], [-33.0, 33.8], [-33.0, 33.8], [-33.0, 33.8], [-33.0, 33.8], [-33.0, 33.8], [-33.0, 33.8], [-33.0, 33.8], [-33.0, 33.8], [-33.0, 33.8], [-33.0, 33.8], [-33.0, 33.8], [-33.0, 33.8], [-33.0, 33.8], [-33.0, 33.8], [-33.0, 33.8], [-33.0, 33.8], [-33.0, 33.8], [-33.0, 33.8], [-33.0, 33.8], [-33.0, 33.8], [-33.0, 33.8], [-33.0, 33.8], [-33.0, 33.8], [-33.0, 33.8], [-33.0, 33.8], [-33.0, 33.8], [-33.0, 33.8], [-33.0, 33.8], [-33.0, 33.8], [-33.0, 33.8], [-33.0, 33.8], [-33.0, 33.8], [-33.0, 33.8], [-33.0, 33.8], [-33.0, 33.8], [-33.0, 33.8], [-33.0, 33.8], [-33.0, 33.8], [-33.0, 33.8], [-33.0, 33.8], [-33.0, 33.8], [-33.0, 33.8], [-33.0, 33.8], [-33.0, 33.8], [-33.0, 33.8], [-33.0, 33.8], [-33.0, 33.8], [-33.0, 33.8], [-33.0, 33.8], [-33.0, 33.8], [-33.0, 33.8], [-33.0, 33.8], [-33.0, 33.8], [-33.0, 33.8], [-33.0, 33.8], [-33.0, 33.8], [-33.0, 33.8], [-33.0, 33.8], [-33.0, 33.8], [-33.0, 33.8], [-33.0, 33.8], [-33.0, 33.8], [-33.0, 33.8], [-33.0, 33.8], [-33.0, 33.8], [-33.0, 33.8], [-33.0, 33.8], [-33.0, 33.8], [-33.0, 33.8], [-33.0, 33.8], [-33.0, 33.8], [-33.0, 33.8], [-33.0, 33.8], [-33.0, 33.8], [-33.0, 33.8], [-33.0, 33.8], [-33.0, 33.8], [-33.0, 33.8], [-33.0, 33.8], [-33.0, 33.8], [-33.0, 33.8], [-33.0, 33.8], [-33.0, 33.8], [-33.0, 33.8], [-33.0, 33.8], [-33.0, 33.8], [-33.0, 33.8], [-33.0, 33.8], [-33.0, 33.8], [-33.0, 33.8], [-33.0, 33.8], [-33.0, 33.8], [-33.0, 33.8], [-33.0, 33.8], [-33.0, 33.8], [-33.0, 33.8], [-33.0, 33.8], [-33.0, 33.8], [-33.0, 33.8], [-33.0, 33.8], [-33.0, 33.8], [-33.0, 33.8], [-33.0, 33.8], [-33.0, 33.8], [-33.0, 33.8], [-33.0, 33.8], [-33.0, 33.8], [-33.0, 33.8], [-33.0, 33.8], [-33.0, 33.8], [-33.0, 33.8], [-33.0, 33.8], [-33.0, 33.8], [-33.0, 33.8], [-33.0, 33.8], [-33.0, 33.8], [-33.0, 33.8], [-33.0, 33.8], [-33.0, 33.8], [-33.0, 33.8], [-33.0, 33.8], [-33.0, 33.8], [-33.40086044320758, 33.8], [-33.40079939022046, 33.80581355021172], [-33.40061624985646, 33.811625329559725], [-33.4003110779019, 33.817433567719725], [-33.3998839673151, 33.823236495446125], [-33.3993350481981, 33.82903234511091], [-33.39866448775697, 33.83481935124213], [-33.39787249025092, 33.84059575106166], [-33.396959296930056, 33.84635978502216], [-33.39592518596192, 33.85210969734304], [-33.39477047234673, 33.85784373654531], [-33.393495507821434, 33.86356015598509], [-33.392100680752584, 33.869257214385634], [-33.390586416018, 33.87493317636777], [-33.388953174877415, 33.88058631297849], [-33.38720145483188, 33.88621490221761], [-33.3853317894723, 33.89181722956234], [-33.38334474831686, 33.89739158848949], [-33.38124093663753, 33.902936280995334], [-33.37902099527574, 33.90844961811282], [-33.37668560044713, 33.91392992042605], [-33.374235463535584, 33.91937551858186], [-33.37167133087655, 33.924784753798285], [-33.36899398352967, 33.93015597836989], [-33.36620423704088, 33.93548755616964], [-33.36330294119399, 33.940777863147275], [-33.36029097975182, 33.94602528782406], [-33.35716927018699, 33.95122823178358], [-33.35393876340249, 33.95638511015873], [-33.35060044344198, 33.961494352114386], [-33.34715532719005, 33.96655440132596], [-33.343604464062494, 33.97156371645344], [-33.33994893568661, 33.97652077161091], [-33.33618985557175, 33.98142405683135], [-33.33232836877015, 33.98627207852659], [-33.32836565152808, 33.99106335994225], [-33.32430291092761, 33.9957964416076], [-33.32014138451887, 34.00046988178011], [-33.31588233994313, 34.00508225688464], [-33.31152707454662, 34.009632161947046], [-33.30707691498537, 34.01411821102217], [-33.302533216821104, 34.01853903761601], [-33.29789736410829, 34.02289329510195], [-33.293170768972566, 34.027179657130986], [-33.2883548711806, 34.03139681803573], [-33.28345113770152, 34.035543493228104], [-33.27846106226005, 34.039618419590674], [-33.273386164881494, 34.04362035586141], [-33.268227991428766, 34.04754808301174], [-33.26298811313147, 34.05140040461794], [-33.25766812610728, 34.05517614722552], [-33.2522696508758, 34.0588741607067], [-33.246794331864876, 34.06249331861077], [-33.24124383690971, 34.06603251850716], [-33.23561985674484, 34.069490682321295], [-33.2299241044891, 34.072866756662975], [-33.224158315123816, 34.07615971314726], [-33.21832424496427, 34.079368548707706], [-33.21242367112475, 34.08249228590191], [-33.20645839097722, 34.085529973209255], [-33.20043022160379, 34.088480685320775], [-33.194340999243245, 34.091343523420974], [-33.18819257873171, 34.09411761546163], [-33.181986832937625, 34.09680211642743], [-33.17572565219128, 34.09939620859339], [-33.16941094370899, 34.10189910177389], [-33.16304463101213, 34.10431003356342], [-33.15662865334121, 34.10662826956882], [-33.15016496506518, 34.10885310363293], [-33.14365553508612, 34.11098385804975], [-33.137102346239445, 34.11301988377084], [-33.13050739468997, 34.11496056060304], [-33.12387268932382, 34.116805297397384], [-33.11720025113651, 34.11855353222918], [-33.110492112617365, 34.120204732569164], [-33.103750317130356, 34.12175839544572], [-33.0969769182917, 34.12321404759807], [-33.09017397934429, 34.12457124562048], [-33.083343572529245, 34.12582957609728], [-33.076487778454634, 34.12698865572882], [-33.06960868546175, 34.128048131448224], [-33.062708388988966, 34.12900768052891], [-33.05578899093342, 34.12986701068293], [-33.04885259901081, 34.13062586015001], [-33.041901326113276, 34.13128399777724], [-33.03493728966591, 34.13184122308953], [-33.02796261098167, 34.13229736635065], [-33.02097941461524, 34.132652288614935], [-33.01398982771589, 34.13290588176964], [-33.00699597937949, 34.13305806856783], [-33.0, 34.13310880265192], [-33.0, 34.13310880265192]]]}}, {"type": "Feature", "id": "TC10013233WindRadii_50_2609201200", "properties": {"description": "Tropical Cyclone SIX-26", "name": "Tropical Cyclone SIX-26", "htmldescription": "Green Tropical Cylone SIX-26 in off-shore from: 19 Sep 2026 15:00:00 to:20 Sep 2026 03:00:00.", "link": "https://www.gdacs.org/report.aspx?eventtype=TC&eventid=1001323&episodeid=3", "featureIndex": "870", "iconeventlink": "https://www.gdacs.org/images/gdacs_icons/maps/Green/TC.png", "iconitemlink": "https://www.gdacs.org/images/gdacs_icons/maps/Green/TC.png", "alertlevel": "Green", "eventtype": "TC", "eventname": "SIX-26", "polygonlabel": "20/09 12:00", "polygontype": "WindRadii_50_2609201200", "fromdate": "19 Sep 2026 15:00:00", "todate": "20 Sep 2026 03:00:00", "country": "", "countrylist": "", "iso3": "", "severity": "83.3328", "latitude": "33.3", "longitude": "-33.2", "imageoverview": "https://www.gdacs.org/contentdata/resources/imgtemp/gdacs/tc/1001323/clouds_1001323_3.png", "Class": "Poly_WindRadii_50_2609201200"}, "geometry": {"type": "Polygon", "coordinates": [[[-33.0, 33.8], [-33.0, 33.8], [-33.0, 33.8], [-33.0, 33.8], [-33.0, 33.8], [-33.0, 33.8], [-33.0, 33.8], [-33.0, 33.8], [-33.0, 33.8], [-33.0, 33.8], [-33.0, 33.8], [-33.0, 33.8], [-33.0, 33.8], [-33.0, 33.8], [-33.0, 33.8], [-33.0, 33.8], [-33.0, 33.8], [-33.0, 33.8], [-33.0, 33.8], [-33.0, 33.8], [-33.0, 33.8], [-33.0, 33.8], [-33.0, 33.8], [-33.0, 33.8], [-33.0, 33.8], [-33.0, 33.8], [-33.0, 33.8], [-33.0, 33.8], [-33.0, 33.8], [-33.0, 33.8], [-33.0, 33.8], [-33.0, 33.8], [-33.0, 33.8], [-33.0, 33.8], [-33.0, 33.8], [-33.0, 33.8], [-33.0, 33.8], [-33.0, 33.8], [-33.0, 33.8], [-33.0, 33.8], [-33.0, 33.8], [-33.0, 33.8], [-33.0, 33.8], [-33.0, 33.8], [-33.0, 33.8], [-33.0, 33.8], [-33.0, 33.8], [-33.0, 33.8], [-33.0, 33.8], [-33.0, 33.8], [-33.0, 33.8], [-33.0, 33.8], [-33.0, 33.8], [-33.0, 33.8], [-33.0, 33.8], [-33.0, 33.8], [-33.0, 33.8], [-33.0, 33.8], [-33.0, 33.8], [-33.0, 33.8], [-33.0, 33.8], [-33.0, 33.8], [-33.0, 33.8], [-33.0, 33.8], [-33.0, 33.8], [-33.0, 33.8], [-33.0, 33.8], [-33.0, 33.8], [-33.0, 33.8], [-33.0, 33.8], [-33.0, 33.8], [-33.0, 33.8], [-33.0, 33.8], [-33.0, 33.8], [-33.0, 33.8], [-33.0, 33.8], [-33.0, 33.8], [-33.0, 33.8], [-33.0, 33.8], [-33.0, 33.8], [-33.0, 33.8], [-33.0, 33.8], [-33.0, 33.8], [-33.0, 33.8], [-33.0, 33.8], [-33.0, 33.8], [-33.0, 33.8], [-33.0, 33.8], [-33.0, 33.8], [-33.0, 33.8], [-33.0, 33.8], [-33.0, 33.8], [-33.0, 33.8], [-33.0, 33.8], [-33.0, 33.8], [-33.0, 33.8], [-33.0, 33.8], [-33.0, 33.8], [-33.0, 33.8], [-33.0, 33.8], [-33.0, 33.8], [-33.0, 33.8], [-33.0, 33.8], [-33.0, 33.8], [-33.0, 33.8], [-33.0, 33.8], [-33.0, 33.8], [-33.0, 33.8], [-33.0, 33.8], [-33.0, 33.8], [-33.0, 33.8], [-33.0, 33.8], [-33.0, 33.8], [-33.0, 33.8], [-33.0, 33.8], [-33.0, 33.8], [-33.0, 33.8], [-33.0, 33.8], [-33.0, 33.8], [-33.0, 33.8], [-33.0, 33.8], [-33.0, 33.8], [-33.0, 33.8], [-33.0, 33.8], [-33.0, 33.8], [-33.0, 33.8], [-33.0, 33.8], [-33.0, 33.8], [-33.0, 33.8], [-33.0, 33.8], [-33.0, 33.8], [-33.0, 33.8], [-33.0, 33.8], [-33.0, 33.8], [-33.0, 33.8], [-33.0, 33.8], [-33.0, 33.8], [-33.0, 33.8], [-33.0, 33.8], [-33.0, 33.8], [-33.0, 33.8], [-33.0, 33.8], [-33.0, 33.8], [-33.0, 33.8], [-33.0, 33.8], [-33.0, 33.8], [-33.0, 33.8], [-33.0, 33.8], [-33.0, 33.8], [-33.0, 33.8], [-33.0, 33.8], [-33.0, 33.8], [-33.0, 33.8], [-33.0, 33.8], [-33.0, 33.8], [-33.0, 33.8], [-33.0, 33.8], [-33.0, 33.8], [-33.0, 33.8], [-33.0, 33.8], [-33.0, 33.8], [-33.0, 33.8], [-33.0, 33.8], [-33.0, 33.8], [-33.0, 33.8], [-33.0, 33.8], [-33.0, 33.8], [-33.0, 33.8], [-33.0, 33.8], [-33.0, 33.8], [-33.0, 33.8], [-33.0, 33.8], [-33.0, 33.8], [-33.0, 33.8], [-33.0, 33.8], [-33.0, 33.8], [-33.0, 33.8], [-33.0, 33.8], [-33.0, 33.8], [-33.0, 33.8], [-33.0, 33.8], [-33.0, 33.8], [-33.0, 33.8], [-33.0, 33.8], [-33.0, 33.8], [-33.0, 33.8], [-33.0, 33.8], [-33.0, 33.8], [-33.0, 33.8], [-33.0, 33.8], [-33.0, 33.8], [-33.0, 33.8], [-33.0, 33.8], [-33.0, 33.8], [-33.0, 33.8], [-33.0, 33.8], [-33.0, 33.8], [-33.0, 33.8], [-33.0, 33.8], [-33.0, 33.8], [-33.0, 33.8], [-33.0, 33.8], [-33.0, 33.8], [-33.0, 33.8], [-33.0, 33.8], [-33.0, 33.8], [-33.0, 33.8], [-33.0, 33.8], [-33.0, 33.8], [-33.0, 33.8], [-33.0, 33.8], [-33.0, 33.8], [-33.0, 33.8], [-33.0, 33.8], [-33.0, 33.8], [-33.0, 33.8], [-33.0, 33.8], [-33.0, 33.8], [-33.0, 33.8], [-33.0, 33.8], [-33.0, 33.8], [-33.0, 33.8], [-33.0, 33.8], [-33.0, 33.8], [-33.0, 33.8], [-33.0, 33.8], [-33.0, 33.8], [-33.0, 33.8], [-33.0, 33.8], [-33.0, 33.8], [-33.0, 33.8], [-33.0, 33.8], [-33.0, 33.8], [-33.0, 33.8], [-33.0, 33.8], [-33.0, 33.8], [-33.0, 33.8], [-33.0, 33.8], [-33.0, 33.8], [-33.0, 33.8], [-33.0, 33.8], [-33.0, 33.8], [-33.0, 33.8], [-33.0, 33.8], [-33.0, 33.8], [-33.0, 33.8], [-33.0, 33.8], [-33.0, 33.8], [-33.0, 33.8], [-33.0, 33.8], [-33.0, 33.8], [-33.0, 33.8], [-33.0, 33.8], [-33.0, 33.8], [-33.0, 33.8], [-33.0, 33.8], [-33.0, 33.8], [-33.0, 33.8], [-33.0, 33.8], [-33.0, 33.8], [-33.0, 33.8], [-33.0, 33.8], [-33.0, 33.8], [-33.0, 33.8], [-33.0, 33.8], [-33.0, 33.8], [-33.0, 33.8], [-33.0, 33.8], [-33.0, 33.8], [-33.0, 33.8], [-33.0, 33.8], [-33.0, 33.8], [-33.0, 33.8], [-33.0, 33.8], [-33.0, 33.8], [-33.0, 33.8], [-33.0, 33.8], [-33.0, 33.8], [-33.0, 33.8], [-33.0, 33.8], [-33.0, 33.8], [-33.0, 33.8], [-33.0, 33.8], [-33.0, 33.8], [-33.0, 33.8], [-33.0, 33.8], [-33.0, 33.8], [-33.0, 33.8], [-33.0, 33.8], [-33.0, 33.8], [-33.0, 33.8], [-33.0, 33.8], [-33.0, 33.8], [-33.0, 33.8], [-33.0, 33.8], [-33.0, 33.8], [-33.0, 33.8], [-33.0, 33.8], [-33.0, 33.8], [-33.0, 33.8], [-33.0, 33.8], [-33.0, 33.8], [-33.0, 33.8], [-33.0, 33.8], [-33.0, 33.8], [-33.0, 33.8], [-33.0, 33.8], [-33.0, 33.8], [-33.0, 33.8], [-33.0, 33.8], [-33.0, 33.8], [-33.0, 33.8], [-33.0, 33.8], [-33.0, 33.8], [-33.0, 33.8], [-33.0, 33.8], [-33.0, 33.8], [-33.0, 33.8], [-33.0, 33.8], [-33.0, 33.8], [-33.0, 33.8], [-33.0, 33.8], [-33.0, 33.8], [-33.0, 33.8], [-33.0, 33.8], [-33.0, 33.8], [-33.0, 33.8], [-33.0, 33.8], [-33.0, 33.8], [-33.0, 33.8], [-33.0, 33.8], [-33.0, 33.8], [-33.0, 33.8], [-33.0, 33.8], [-33.0, 33.8], [-33.0, 33.8], [-33.0, 33.8], [-33.0, 33.8], [-33.0, 33.8], [-33.0, 33.8], [-33.0, 33.8], [-33.0, 33.8], [-33.0, 33.8], [-33.0, 33.8], [-33.0, 33.8], [-33.0, 33.8], [-33.0, 33.8], [-33.0, 33.8], [-33.0, 33.8], [-33.0, 33.8], [-33.0, 33.8], [-33.0, 33.8], [-33.0, 33.8], [-33.0, 33.8], [-33.0, 33.8], [-33.0, 33.8], [-33.0, 33.8], [-33.0, 33.8], [-33.0, 33.8], [-33.0, 33.8], [-33.0, 33.8], [-33.0, 33.8], [-33.0, 33.8], [-33.0, 33.8], [-33.0, 33.8]]]}}, {"type": "Feature", "id": "TC10013233WindRadii_64_2609201200", "properties": {"description": "Tropical Cyclone SIX-26", "name": "Tropical Cyclone SIX-26", "htmldescription": "Green Tropical Cylone SIX-26 in off-shore from: 19 Sep 2026 15:00:00 to:20 Sep 2026 03:00:00.", "link": "https://www.gdacs.org/report.aspx?eventtype=TC&eventid=1001323&episodeid=3", "featureIndex": "871", "iconeventlink": "https://www.gdacs.org/images/gdacs_icons/maps/Green/TC.png", "iconitemlink": "https://www.gdacs.org/images/gdacs_icons/maps/Green/TC.png", "alertlevel": "Green", "eventtype": "TC", "eventname": "SIX-26", "polygonlabel": "20/09 12:00", "polygontype": "WindRadii_64_2609201200", "fromdate": "19 Sep 2026 15:00:00", "todate": "20 Sep 2026 03:00:00", "country": "", "countrylist": "", "iso3": "", "severity": "83.3328", "latitude": "33.3", "longitude": "-33.2", "imageoverview": "https://www.gdacs.org/contentdata/resources/imgtemp/gdacs/tc/1001323/clouds_1001323_3.png", "Class": "Poly_WindRadii_64_2609201200"}, "geometry": {"type": "Polygon", "coordinates": [[[-33.0, 33.8], [-33.0, 33.8], [-33.0, 33.8], [-33.0, 33.8], [-33.0, 33.8], [-33.0, 33.8], [-33.0, 33.8], [-33.0, 33.8], [-33.0, 33.8], [-33.0, 33.8], [-33.0, 33.8], [-33.0, 33.8], [-33.0, 33.8], [-33.0, 33.8], [-33.0, 33.8], [-33.0, 33.8], [-33.0, 33.8], [-33.0, 33.8], [-33.0, 33.8], [-33.0, 33.8], [-33.0, 33.8], [-33.0, 33.8], [-33.0, 33.8], [-33.0, 33.8], [-33.0, 33.8], [-33.0, 33.8], [-33.0, 33.8], [-33.0, 33.8], [-33.0, 33.8], [-33.0, 33.8], [-33.0, 33.8], [-33.0, 33.8], [-33.0, 33.8], [-33.0, 33.8], [-33.0, 33.8], [-33.0, 33.8], [-33.0, 33.8], [-33.0, 33.8], [-33.0, 33.8], [-33.0, 33.8], [-33.0, 33.8], [-33.0, 33.8], [-33.0, 33.8], [-33.0, 33.8], [-33.0, 33.8], [-33.0, 33.8], [-33.0, 33.8], [-33.0, 33.8], [-33.0, 33.8], [-33.0, 33.8], [-33.0, 33.8], [-33.0, 33.8], [-33.0, 33.8], [-33.0, 33.8], [-33.0, 33.8], [-33.0, 33.8], [-33.0, 33.8], [-33.0, 33.8], [-33.0, 33.8], [-33.0, 33.8], [-33.0, 33.8], [-33.0, 33.8], [-33.0, 33.8], [-33.0, 33.8], [-33.0, 33.8], [-33.0, 33.8], [-33.0, 33.8], [-33.0, 33.8], [-33.0, 33.8], [-33.0, 33.8], [-33.0, 33.8], [-33.0, 33.8], [-33.0, 33.8], [-33.0, 33.8], [-33.0, 33.8], [-33.0, 33.8], [-33.0, 33.8], [-33.0, 33.8], [-33.0, 33.8], [-33.0, 33.8], [-33.0, 33.8], [-33.0, 33.8], [-33.0, 33.8], [-33.0, 33.8], [-33.0, 33.8], [-33.0, 33.8], [-33.0, 33.8], [-33.0, 33.8], [-33.0, 33.8], [-33.0, 33.8], [-33.0, 33.8], [-33.0, 33.8], [-33.0, 33.8], [-33.0, 33.8], [-33.0, 33.8], [-33.0, 33.8], [-33.0, 33.8], [-33.0, 33.8], [-33.0, 33.8], [-33.0, 33.8], [-33.0, 33.8], [-33.0, 33.8], [-33.0, 33.8], [-33.0, 33.8], [-33.0, 33.8], [-33.0, 33.8], [-33.0, 33.8], [-33.0, 33.8], [-33.0, 33.8], [-33.0, 33.8], [-33.0, 33.8], [-33.0, 33.8], [-33.0, 33.8], [-33.0, 33.8], [-33.0, 33.8], [-33.0, 33.8], [-33.0, 33.8], [-33.0, 33.8], [-33.0, 33.8], [-33.0, 33.8], [-33.0, 33.8], [-33.0, 33.8], [-33.0, 33.8], [-33.0, 33.8], [-33.0, 33.8], [-33.0, 33.8], [-33.0, 33.8], [-33.0, 33.8], [-33.0, 33.8], [-33.0, 33.8], [-33.0, 33.8], [-33.0, 33.8], [-33.0, 33.8], [-33.0, 33.8], [-33.0, 33.8], [-33.0, 33.8], [-33.0, 33.8], [-33.0, 33.8], [-33.0, 33.8], [-33.0, 33.8], [-33.0, 33.8], [-33.0, 33.8], [-33.0, 33.8], [-33.0, 33.8], [-33.0, 33.8], [-33.0, 33.8], [-33.0, 33.8], [-33.0, 33.8], [-33.0, 33.8], [-33.0, 33.8], [-33.0, 33.8], [-33.0, 33.8], [-33.0, 33.8], [-33.0, 33.8], [-33.0, 33.8], [-33.0, 33.8], [-33.0, 33.8], [-33.0, 33.8], [-33.0, 33.8], [-33.0, 33.8], [-33.0, 33.8], [-33.0, 33.8], [-33.0, 33.8], [-33.0, 33.8], [-33.0, 33.8], [-33.0, 33.8], [-33.0, 33.8], [-33.0, 33.8], [-33.0, 33.8], [-33.0, 33.8], [-33.0, 33.8], [-33.0, 33.8], [-33.0, 33.8], [-33.0, 33.8], [-33.0, 33.8], [-33.0, 33.8], [-33.0, 33.8], [-33.0, 33.8], [-33.0, 33.8], [-33.0, 33.8], [-33.0, 33.8], [-33.0, 33.8], [-33.0, 33.8], [-33.0, 33.8], [-33.0, 33.8], [-33.0, 33.8], [-33.0, 33.8], [-33.0, 33.8], [-33.0, 33.8], [-33.0, 33.8], [-33.0, 33.8], [-33.0, 33.8], [-33.0, 33.8], [-33.0, 33.8], [-33.0, 33.8], [-33.0, 33.8], [-33.0, 33.8], [-33.0, 33.8], [-33.0, 33.8], [-33.0, 33.8], [-33.0, 33.8], [-33.0, 33.8], [-33.0, 33.8], [-33.0, 33.8], [-33.0, 33.8], [-33.0, 33.8], [-33.0, 33.8], [-33.0, 33.8], [-33.0, 33.8], [-33.0, 33.8], [-33.0, 33.8], [-33.0, 33.8], [-33.0, 33.8], [-33.0, 33.8], [-33.0, 33.8], [-33.0, 33.8], [-33.0, 33.8], [-33.0, 33.8], [-33.0, 33.8], [-33.0, 33.8], [-33.0, 33.8], [-33.0, 33.8], [-33.0, 33.8], [-33.0, 33.8], [-33.0, 33.8], [-33.0, 33.8], [-33.0, 33.8], [-33.0, 33.8], [-33.0, 33.8], [-33.0, 33.8], [-33.0, 33.8], [-33.0, 33.8], [-33.0, 33.8], [-33.0, 33.8], [-33.0, 33.8], [-33.0, 33.8], [-33.0, 33.8], [-33.0, 33.8], [-33.0, 33.8], [-33.0, 33.8], [-33.0, 33.8], [-33.0, 33.8], [-33.0, 33.8], [-33.0, 33.8], [-33.0, 33.8], [-33.0, 33.8], [-33.0, 33.8], [-33.0, 33.8], [-33.0, 33.8], [-33.0, 33.8], [-33.0, 33.8], [-33.0, 33.8], [-33.0, 33.8], [-33.0, 33.8], [-33.0, 33.8], [-33.0, 33.8], [-33.0, 33.8], [-33.0, 33.8], [-33.0, 33.8], [-33.0, 33.8], [-33.0, 33.8], [-33.0, 33.8], [-33.0, 33.8], [-33.0, 33.8], [-33.0, 33.8], [-33.0, 33.8], [-33.0, 33.8], [-33.0, 33.8], [-33.0, 33.8], [-33.0, 33.8], [-33.0, 33.8], [-33.0, 33.8], [-33.0, 33.8], [-33.0, 33.8], [-33.0, 33.8], [-33.0, 33.8], [-33.0, 33.8], [-33.0, 33.8], [-33.0, 33.8], [-33.0, 33.8], [-33.0, 33.8], [-33.0, 33.8], [-33.0, 33.8], [-33.0, 33.8], [-33.0, 33.8], [-33.0, 33.8], [-33.0, 33.8], [-33.0, 33.8], [-33.0, 33.8], [-33.0, 33.8], [-33.0, 33.8], [-33.0, 33.8], [-33.0, 33.8], [-33.0, 33.8], [-33.0, 33.8], [-33.0, 33.8], [-33.0, 33.8], [-33.0, 33.8], [-33.0, 33.8], [-33.0, 33.8], [-33.0, 33.8], [-33.0, 33.8], [-33.0, 33.8], [-33.0, 33.8], [-33.0, 33.8], [-33.0, 33.8], [-33.0, 33.8], [-33.0, 33.8], [-33.0, 33.8], [-33.0, 33.8], [-33.0, 33.8], [-33.0, 33.8], [-33.0, 33.8], [-33.0, 33.8], [-33.0, 33.8], [-33.0, 33.8], [-33.0, 33.8], [-33.0, 33.8], [-33.0, 33.8], [-33.0, 33.8], [-33.0, 33.8], [-33.0, 33.8], [-33.0, 33.8], [-33.0, 33.8], [-33.0, 33.8], [-33.0, 33.8], [-33.0, 33.8], [-33.0, 33.8], [-33.0, 33.8], [-33.0, 33.8], [-33.0, 33.8], [-33.0, 33.8], [-33.0, 33.8], [-33.0, 33.8], [-33.0, 33.8], [-33.0, 33.8], [-33.0, 33.8], [-33.0, 33.8], [-33.0, 33.8], [-33.0, 33.8], [-33.0, 33.8], [-33.0, 33.8], [-33.0, 33.8], [-33.0, 33.8], [-33.0, 33.8], [-33.0, 33.8], [-33.0, 33.8], [-33.0, 33.8], [-33.0, 33.8], [-33.0, 33.8], [-33.0, 33.8], [-33.0, 33.8], [-33.0, 33.8], [-33.0, 33.8], [-33.0, 33.8], [-33.0, 33.8], [-33.0, 33.8], [-33.0, 33.8], [-33.0, 33.8], [-33.0, 33.8], [-33.0, 33.8], [-33.0, 33.8], [-33.0, 33.8], [-33.0, 33.8], [-33.0, 33.8]]]}}, {"type": "Feature", "id": "TC10013233Polygon_Point_3", "properties": {"description": "Tropical Cyclone SIX-26", "name": "Tropical Cyclone SIX-26", "htmldescription": "Green Tropical Cylone SIX-26 in off-shore from: 19 Sep 2026 15:00:00 to:20 Sep 2026 03:00:00.", "link": "https://www.gdacs.org/report.aspx?eventtype=TC&eventid=1001323&episodeid=3", "featureIndex": "872", "iconeventlink": "https://www.gdacs.org/images/gdacs_icons/maps/Green/TC.png", "iconitemlink": "https://www.gdacs.org/images/gdacs_icons/maps/Green/TC.png", "alertlevel": "Green", "eventtype": "TC", "eventname": "SIX-26", "polygonlabel": "20/09 12:00 UTC", "polygontype": "Polygon_Point_3", "fromdate": "19 Sep 2026 15:00:00", "todate": "20 Sep 2026 03:00:00", "country": "", "countrylist": "", "iso3": "", "severity": "83.3328", "latitude": "33.3", "longitude": "-33.2", "imageoverview": "https://www.gdacs.org/contentdata/resources/imgtemp/gdacs/tc/1001323/clouds_1001323_3.png", "Class": "Poly_Polygon_Point_3"}, "geometry": {"type": "Polygon", "coordinates": [[[-33.0, 33.769999999999996], [-32.99852796977018, 33.77003613631384], [-32.99705948579011, 33.77014445819983], [-32.99559808576634, 33.77032470470105], [-32.99414729033952, 33.7705764415879], [-32.992710594602904, 33.77089906240416], [-32.991291459682365, 33.77129178992803], [-32.98989330439823, 33.771753678044504], [-32.988519497029046, 33.77228361402466], [-32.98717334719709, 33.772880321206294], [-32.98585809789522, 33.77354236206955], [-32.984576917674204, 33.77426814169999], [-32.98333289300941, 33.77505591163092], [-32.98212902086522, 33.77590377405558], [-32.98096820147509, 33.77680968639911], [-32.97985323135459, 33.77777146623935], [-32.9787867965644, 33.7787867965644], [-32.97777146623935, 33.779853231354586], [-32.976809686399115, 33.78096820147509], [-32.97590377405558, 33.78212902086522], [-32.975055911630925, 33.78333289300941], [-32.974268141699994, 33.7845769176742], [-32.97354236206955, 33.785858097895215], [-32.9728803212063, 33.78717334719709], [-32.97228361402466, 33.78851949702904], [-32.97175367804451, 33.78989330439823], [-32.97129178992803, 33.79129145968236], [-32.970899062404165, 33.7927105946029], [-32.9705764415879, 33.79414729033952], [-32.970324704701056, 33.795598085766336], [-32.97014445819983, 33.79705948579011], [-32.970036136313844, 33.79852796977018], [-32.97, 33.8], [-32.970036136313844, 33.80147203022982], [-32.97014445819983, 33.80294051420989], [-32.970324704701056, 33.80440191423366], [-32.9705764415879, 33.80585270966048], [-32.970899062404165, 33.80728940539709], [-32.97129178992803, 33.80870854031763], [-32.97175367804451, 33.81010669560177], [-32.97228361402466, 33.81148050297095], [-32.9728803212063, 33.812826652802904], [-32.97354236206955, 33.81414190210478], [-32.974268141699994, 33.81542308232579], [-32.975055911630925, 33.816667106990586], [-32.97590377405558, 33.817870979134774], [-32.976809686399115, 33.819031798524904], [-32.97777146623935, 33.82014676864541], [-32.9787867965644, 33.8212132034356], [-32.97985323135459, 33.822228533760644], [-32.98096820147509, 33.82319031360088], [-32.98212902086522, 33.824096225944416], [-32.98333289300941, 33.82494408836907], [-32.984576917674204, 33.8257318583], [-32.98585809789522, 33.826457637930446], [-32.98717334719709, 33.8271196787937], [-32.988519497029046, 33.827716385975336], [-32.98989330439823, 33.82824632195549], [-32.991291459682365, 33.828708210071966], [-32.992710594602904, 33.82910093759583], [-32.99414729033952, 33.829423558412095], [-32.99559808576634, 33.82967529529894], [-32.99705948579011, 33.829855541800164], [-32.99852796977018, 33.82996386368615], [-33.0, 33.83], [-33.00147203022982, 33.82996386368615], [-33.00294051420989, 33.829855541800164], [-33.00440191423366, 33.82967529529894], [-33.00585270966048, 33.829423558412095], [-33.007289405397096, 33.82910093759583], [-33.008708540317635, 33.828708210071966], [-33.01010669560177, 33.82824632195549], [-33.011480502970954, 33.827716385975336], [-33.01282665280291, 33.8271196787937], [-33.01414190210478, 33.826457637930446], [-33.015423082325796, 33.8257318583], [-33.01666710699059, 33.82494408836907], [-33.01787097913478, 33.824096225944416], [-33.01903179852491, 33.82319031360088], [-33.02014676864541, 33.822228533760644], [-33.0212132034356, 33.8212132034356], [-33.02222853376065, 33.82014676864541], [-33.023190313600885, 33.819031798524904], [-33.02409622594442, 33.817870979134774], [-33.024944088369075, 33.816667106990586], [-33.025731858300006, 33.81542308232579], [-33.02645763793045, 33.81414190210478], [-33.0271196787937, 33.812826652802904], [-33.02771638597534, 33.81148050297095], [-33.02824632195549, 33.81010669560177], [-33.02870821007197, 33.80870854031763], [-33.029100937595835, 33.80728940539709], [-33.0294235584121, 33.80585270966048], [-33.029675295298944, 33.80440191423366], [-33.02985554180017, 33.80294051420989], [-33.029963863686156, 33.80147203022982], [-33.03, 33.8], [-33.029963863686156, 33.79852796977018], [-33.02985554180017, 33.79705948579011], [-33.029675295298944, 33.795598085766336], [-33.0294235584121, 33.79414729033952], [-33.029100937595835, 33.7927105946029], [-33.02870821007197, 33.79129145968236], [-33.02824632195549, 33.78989330439823], [-33.02771638597534, 33.78851949702904], [-33.0271196787937, 33.78717334719709], [-33.02645763793045, 33.785858097895215], [-33.025731858300006, 33.7845769176742], [-33.024944088369075, 33.78333289300941], [-33.02409622594442, 33.78212902086522], [-33.023190313600885, 33.78096820147509], [-33.02222853376065, 33.779853231354586], [-33.0212132034356, 33.7787867965644], [-33.02014676864541, 33.77777146623935], [-33.01903179852491, 33.77680968639911], [-33.01787097913478, 33.77590377405558], [-33.01666710699059, 33.77505591163092], [-33.015423082325796, 33.77426814169999], [-33.01414190210478, 33.77354236206955], [-33.01282665280291, 33.772880321206294], [-33.011480502970954, 33.77228361402466], [-33.01010669560177, 33.771753678044504], [-33.008708540317635, 33.77129178992803], [-33.007289405397096, 33.77089906240416], [-33.00585270966048, 33.7705764415879], [-33.00440191423366, 33.77032470470105], [-33.00294051420989, 33.77014445819983], [-33.00147203022982, 33.77003613631384], [-33.0, 33.769999999999996]]]}}, {"type": "Feature", "id": "TC10013233WindRadii_34_2609210000", "properties": {"description": "Tropical Cyclone SIX-26", "name": "Tropical Cyclone SIX-26", "htmldescription": "Green Tropical Cylone SIX-26 in off-shore from: 19 Sep 2026 15:00:00 to:20 Sep 2026 03:00:00.", "link": "https://www.gdacs.org/report.aspx?eventtype=TC&eventid=1001323&episodeid=3", "featureIndex": "873", "iconeventlink": "https://www.gdacs.org/images/gdacs_icons/maps/Green/TC.png", "iconitemlink": "https://www.gdacs.org/images/gdacs_icons/maps/Green/TC.png", "alertlevel": "Green", "eventtype": "TC", "eventname": "SIX-26", "polygonlabel": "21/09 00:00", "polygontype": "WindRadii_34_2609210000", "fromdate": "19 Sep 2026 15:00:00", "todate": "20 Sep 2026 03:00:00", "country": "", "countrylist": "", "iso3": "", "severity": "83.3328", "latitude": "33.3", "longitude": "-33.2", "imageoverview": "https://www.gdacs.org/contentdata/resources/imgtemp/gdacs/tc/1001323/clouds_1001323_3.png", "Class": "Poly_WindRadii_34_2609210000"}, "geometry": {"type": "Polygon", "coordinates": [[[-32.5, 34.33310880265192], [-32.4929875913901, 34.33305806856783], [-32.485977318827786, 34.33290588176964], [-32.478971317710005, 34.33265228861494], [-32.47197172213255, 34.33229736635065], [-32.46498066424006, 34.33184122308953], [-32.458000273576474, 34.33128399777724], [-32.45103267643643, 34.330625860150015], [-32.444079995217486, 34.32986701068293], [-32.43714434777371, 34.32900768052891], [-32.43022784677051, 34.32804813144823], [-32.42333259904107, 34.326988655728826], [-32.41646070494466, 34.325829576097284], [-32.40961425772679, 34.32457124562048], [-32.402795342881596, 34.32321404759807], [-32.39600603751661, 34.32175839544572], [-32.38924840972, 34.32020473256917], [-32.38252451793067, 34.31855353222918], [-32.37583641031119, 34.31680529739739], [-32.36918612412392, 34.31496056060304], [-32.36257568511048, 34.31301988377084], [-32.3560071068746, 34.31098385804975], [-32.34948239026886, 34.308853103632934], [-32.343003522785146, 34.306628269568826], [-32.33657247794925, 34.304310033563425], [-32.330191214719726, 34.30189910177389], [-32.32386167689117, 34.29939620859339], [-32.31758579250213, 34.296802116427436], [-32.311365473247776, 34.29411761546163], [-32.30520261389761, 34.29134352342098], [-32.299099091718304, 34.28848068532078], [-32.29305676590183, 34.28552997320926], [-32.287077476999166, 34.28249228590191], [-32.28116304635963, 34.27936854870771], [-32.2753152755761, 34.276159713147266], [-32.26953594593619, 34.27286675666298], [-32.26382681787971, 34.2694906823213], [-32.25818963046237, 34.26603251850716], [-32.252626100826056, 34.26249331861077], [-32.247137923675794, 34.2588741607067], [-32.241726770763506, 34.25517614722552], [-32.2363942903788, 34.25140040461794], [-32.231142106846846, 34.24754808301174], [-32.225971820033635, 34.24362035586141], [-32.22088500485861, 34.23961841959068], [-32.21588321081495, 34.23554349322811], [-32.21096796149758, 34.23139681803573], [-32.20614075413906, 34.22717965713099], [-32.2014030591535, 34.222893295101954], [-32.196756319688696, 34.21853903761601], [-32.192201951186505, 34.214118211022175], [-32.18774134095169, 34.20963216194705], [-32.18337584772933, 34.205082256884644], [-32.17910680129097, 34.200469881780116], [-32.17493550202949, 34.195796441607605], [-32.17086322056307, 34.191063359942255], [-32.16689119734808, 34.18627207852659], [-32.16302064230128, 34.181424056831354], [-32.15925273443122, 34.17652077161091], [-32.155588621479154, 34.17156371645344], [-32.15202941956937, 34.16655440132596], [-32.14857621286925, 34.16149435211439], [-32.14523005325901, 34.15638511015873], [-32.14199196001128, 34.151228231783584], [-32.13886291948064, 34.14602528782406], [-32.13584388480313, 34.14077786314728], [-32.132935775605965, 34.13548755616964], [-32.13013947772739, 34.1301559783699], [-32.127455842946816, 34.12478475379829], [-32.1248856887254, 34.11937551858186], [-32.12242979795701, 34.11392992042605], [-32.12008891872976, 34.10844961811282], [-32.11786376409815, 34.10293628099534], [-32.11575501186584, 34.097391588489494], [-32.11376330437918, 34.091817229562345], [-32.11188924833156, 34.08621490221761], [-32.11013341457861, 34.08058631297849], [-32.108496337964304, 34.07493317636777], [-32.10697851715803, 34.06925721438564], [-32.105580414502725, 34.063560155985094], [-32.104302455873984, 34.05784373654532], [-32.103145030550394, 34.05210969734304], [-32.10210849109492, 34.04635978502216], [-32.101193153247515, 34.040595751061666], [-32.10039929582896, 34.034819351242135], [-32.09972716065592, 34.02903234511091], [-32.09917695246727, 34.02323649544613], [-32.09874883886176, 34.01743356771973], [-32.098442950246934, 34.01162532955973], [-32.098259379799444, 34.00581355021172], [-32.09819818343661, 34.0], [-32.09819818343661, 34.0], [-32.098259379799444, 33.99418644978828], [-32.098442950246934, 33.98837467044027], [-32.09874883886176, 33.98256643228027], [-32.09917695246727, 33.97676350455387], [-32.09972716065592, 33.97096765488909], [-32.10039929582896, 33.965180648757865], [-32.101193153247515, 33.959404248938334], [-32.10210849109492, 33.95364021497784], [-32.103145030550394, 33.94789030265696], [-32.104302455873984, 33.94215626345468], [-32.105580414502725, 33.936439844014906], [-32.10697851715803, 33.93074278561436], [-32.108496337964304, 33.92506682363223], [-32.11013341457861, 33.91941368702151], [-32.11188924833156, 33.91378509778239], [-32.11376330437918, 33.908182770437655], [-32.11575501186584, 33.902608411510506], [-32.11786376409815, 33.89706371900466], [-32.12008891872976, 33.89155038188718], [-32.12242979795701, 33.88607007957395], [-32.1248856887254, 33.88062448141814], [-32.127455842946816, 33.87521524620171], [-32.13013947772739, 33.86984402163011], [-32.132935775605965, 33.86451244383036], [-32.13584388480313, 33.85922213685272], [-32.13886291948064, 33.85397471217594], [-32.14199196001128, 33.848771768216416], [-32.145230053259006, 33.84361488984127], [-32.14857621286925, 33.83850564788561], [-32.15202941956937, 33.83344559867404], [-32.155588621479154, 33.82843628354656], [-32.15925273443122, 33.82347922838909], [-32.16302064230128, 33.818575943168646], [-32.16689119734808, 33.81372792147341], [-32.17086322056307, 33.808936640057745], [-32.17493550202949, 33.804203558392395], [-32.17910680129097, 33.799530118219884], [-32.18337584772933, 33.794917743115356], [-32.18774134095169, 33.79036783805295], [-32.192201951186505, 33.785881788977825], [-32.196756319688696, 33.78146096238399], [-32.2014030591535, 33.777106704898046], [-32.20614075413906, 33.77282034286901], [-32.21096796149758, 33.76860318196427], [-32.21588321081495, 33.76445650677189], [-32.22088500485861, 33.76038158040932], [-32.225971820033635, 33.75637964413859], [-32.231142106846846, 33.75245191698826], [-32.2363942903788, 33.74859959538206], [-32.241726770763506, 33.74482385277448], [-32.247137923675794, 33.7411258392933], [-32.252626100826056, 33.73750668138923], [-32.25818963046237, 33.73396748149284], [-32.26382681787971, 33.7305093176787], [-32.26953594593619, 33.72713324333702], [-32.2753152755761, 33.723840286852734], [-32.28116304635963, 33.72063145129229], [-32.287077476999166, 33.71750771409809], [-32.29305676590183, 33.71447002679074], [-32.299099091718304, 33.71151931467922], [-32.30520261389761, 33.70865647657902], [-32.311365473247776, 33.70588238453837], [-32.31758579250213, 33.703197883572564], [-32.32386167689117, 33.70060379140661], [-32.330191214719726, 33.69810089822611], [-32.33657247794925, 33.695689966436575], [-32.343003522785146, 33.693371730431174], [-32.34948239026886, 33.691146896367066], [-32.3560071068746, 33.68901614195025], [-32.36257568511048, 33.68698011622916], [-32.36918612412392, 33.68503943939696], [-32.37583641031119, 33.68319470260261], [-32.38252451793067, 33.68144646777082], [-32.38924840972, 33.67979526743083], [-32.39600603751661, 33.67824160455428], [-32.402795342881596, 33.67678595240193], [-32.40961425772679, 33.67542875437952], [-32.41646070494466, 33.674170423902716], [-32.42333259904107, 33.673011344271174], [-32.43022784677051, 33.67195186855177], [-32.43714434777371, 33.67099231947109], [-32.444079995217486, 33.67013298931707], [-32.45103267643643, 33.669374139849985], [-32.458000273576474, 33.66871600222276], [-32.46498066424006, 33.66815877691047], [-32.47197172213255, 33.66770263364935], [-32.478971317710005, 33.66734771138506], [-32.485977318827786, 33.66709411823036], [-32.4929875913901, 33.66694193143217], [-32.5, 33.66689119734808], [-32.5, 33.83344559867404], [-32.503506204304955, 33.83347096571609], [-32.507011340586104, 33.833547059115176], [-32.510514341145, 33.83367385569253], [-32.514014138933724, 33.83385131682468], [-32.51750966787997, 33.83407938845524], [-32.52099986321176, 33.834358001111376], [-32.52448366178179, 33.834687069924996], [-32.52796000239126, 33.835066494658534], [-32.531427826113145, 33.83549615973555], [-32.53488607661475, 33.835975934275886], [-32.53833370047946, 33.83650567213559], [-32.54176964752767, 33.837085211951354], [-32.54519287113661, 33.837714377189755], [-32.548602328559205, 33.838392976200964], [-32.5519969812417, 33.839120802277144], [-32.55537579514, 33.83989763371542], [-32.55873774103467, 33.840723233885406], [-32.56208179484441, 33.84159735130131], [-32.565406937938036, 33.84251971969848], [-32.568712157444764, 33.84349005811458], [-32.5719964465627, 33.844508070975124], [-32.57525880486557, 33.84557344818353], [-32.57849823860743, 33.84668586521559], [-32.58171376102538, 33.84784498321829], [-32.58490439264014, 33.84905044911306], [-32.588069161554415, 33.8503018957033], [-32.591207103748935, 33.85159894178628], [-32.59431726337611, 33.852941192269185], [-32.59739869305119, 33.85432823828951], [-32.60045045414085, 33.85575965733961], [-32.60347161704909, 33.85723501339537], [-32.60646126150042, 33.858753857049045], [-32.60941847682019, 33.860315725646146], [-32.612342362211955, 33.86192014342637], [-32.6152320270319, 33.86356662166851], [-32.61808659106014, 33.865254658839355], [-32.620905184768816, 33.86698374074642], [-32.623686949586975, 33.86875334069461], [-32.6264310381621, 33.870562919646645], [-32.62913661461825, 33.87241192638724], [-32.6318028548106, 33.87429979769103], [-32.63442894657658, 33.876225958494125], [-32.63701408998318, 33.878189822069295], [-32.63955749757069, 33.88019079020466], [-32.642058394592524, 33.88222825338595], [-32.644516019251206, 33.88430159098213], [-32.64692962293047, 33.886410171434505], [-32.649298470423254, 33.88855335244902], [-32.65162184015565, 33.890730481191994], [-32.65389902440675, 33.892940894488916], [-32.656129329524155, 33.89518391902647], [-32.65831207613533, 33.897458871557674], [-32.660446599354515, 33.89976505910994], [-32.66253224898526, 33.9021017791962], [-32.66456838971847, 33.904468320028876], [-32.66655440132596, 33.90686396073671], [-32.66848967884936, 33.90928797158433], [-32.67037363278439, 33.911739614194545], [-32.67220568926042, 33.91421814177328], [-32.67398529021531, 33.91672279933702], [-32.67571189356538, 33.919252823942806], [-32.67738497337049, 33.92180744492063], [-32.67900401999436, 33.924385884108204], [-32.680568540259685, 33.92698735608797], [-32.68207805759844, 33.92961106842636], [-32.683532112197014, 33.93225622191518], [-32.6849302611363, 33.93492201081505], [-32.68627207852659, 33.93760762310085], [-32.6875571556373, 33.94031224070907], [-32.688785101021494, 33.94303503978698], [-32.68995554063512, 33.94577519094359], [-32.69106811795092, 33.94853185950233], [-32.69212249406708, 33.95130420575526], [-32.69311834781041, 33.95409138521883], [-32.694055375834225, 33.95689254889119], [-32.694933292710694, 33.95970684351076], [-32.69575183101785, 33.96253341181611], [-32.69651074142098, 33.96537139280718], [-32.69720979274864, 33.96821992200745], [-32.69784877206301, 33.97107813172734], [-32.6984274847248, 33.97394515132848], [-32.698945754452545, 33.97682010748892], [-32.699403423376246, 33.97970212446917], [-32.69980035208552, 33.98259032437893], [-32.70013641967204, 33.98548382744455], [-32.70041152376636, 33.988381752276936], [-32.700625580569124, 33.99128321614013], [-32.70077852487653, 33.99418733522014], [-32.70087031010028, 33.997093224894144], [-32.700900908281696, 34.0], [-32.90180181656339, 34.0], [-32.901740620200556, 34.00581355021172], [-32.901557049753066, 34.01162532955973], [-32.90125116113824, 34.01743356771973], [-32.90082304753273, 34.02323649544613], [-32.90027283934408, 34.02903234511091], [-32.89960070417104, 34.034819351242135], [-32.898806846752485, 34.040595751061666], [-32.89789150890508, 34.04635978502216], [-32.896854969449606, 34.05210969734304], [-32.895697544126016, 34.057843736545315], [-32.894419585497275, 34.063560155985094], [-32.89302148284197, 34.06925721438564], [-32.891503662035696, 34.07493317636777], [-32.88986658542139, 34.08058631297849], [-32.88811075166844, 34.08621490221761], [-32.88623669562082, 34.091817229562345], [-32.88424498813416, 34.097391588489494], [-32.88213623590185, 34.10293628099534], [-32.87991108127024, 34.10844961811282], [-32.87757020204299, 34.11392992042605], [-32.8751143112746, 34.11937551858186], [-32.872544157053184, 34.12478475379829], [-32.86986052227261, 34.13015597836989], [-32.867064224394035, 34.13548755616964], [-32.86415611519687, 34.14077786314728], [-32.86113708051936, 34.14602528782406], [-32.85800803998872, 34.151228231783584], [-32.854769946740994, 34.15638511015873], [-32.85142378713075, 34.16149435211439], [-32.84797058043063, 34.16655440132596], [-32.844411378520846, 34.17156371645344], [-32.84074726556878, 34.17652077161091], [-32.83697935769872, 34.181424056831354], [-32.83310880265192, 34.18627207852659], [-32.82913677943693, 34.191063359942255], [-32.82506449797051, 34.195796441607605], [-32.82089319870903, 34.200469881780116], [-32.81662415227067, 34.205082256884644], [-32.81225865904831, 34.20963216194705], [-32.807798048813495, 34.214118211022175], [-32.803243680311304, 34.21853903761601], [-32.7985969408465, 34.222893295101954], [-32.79385924586094, 34.22717965713099], [-32.78903203850242, 34.23139681803573], [-32.78411678918505, 34.23554349322811], [-32.77911499514139, 34.23961841959068], [-32.774028179966365, 34.24362035586141], [-32.768857893153154, 34.24754808301174], [-32.7636057096212, 34.25140040461794], [-32.758273229236494, 34.25517614722552], [-32.752862076324206, 34.2588741607067], [-32.747373899173944, 34.26249331861077], [-32.74181036953763, 34.26603251850716], [-32.73617318212029, 34.2694906823213], [-32.73046405406381, 34.27286675666298], [-32.7246847244239, 34.276159713147266], [-32.71883695364037, 34.27936854870771], [-32.712922523000834, 34.28249228590191], [-32.70694323409817, 34.28552997320926], [-32.700900908281696, 34.28848068532078], [-32.69479738610239, 34.29134352342098], [-32.688634526752224, 34.29411761546163], [-32.68241420749787, 34.296802116427436], [-32.67613832310883, 34.29939620859339], [-32.669808785280274, 34.30189910177389], [-32.66342752205075, 34.304310033563425], [-32.656996477214854, 34.306628269568826], [-32.65051760973114, 34.308853103632934], [-32.6439928931254, 34.31098385804975], [-32.63742431488952, 34.31301988377084], [-32.63081387587608, 34.31496056060304], [-32.62416358968881, 34.31680529739739], [-32.61747548206933, 34.31855353222918], [-32.61075159028, 34.32020473256917], [-32.60399396248339, 34.32175839544572], [-32.597204657118404, 34.32321404759807], [-32.59038574227321, 34.32457124562048], [-32.583539295055346, 34.325829576097284], [-32.57666740095893, 34.326988655728826], [-32.56977215322949, 34.32804813144823], [-32.56285565222629, 34.32900768052891], [-32.555920004782514, 34.32986701068293], [-32.54896732356357, 34.330625860150015], [-32.541999726423526, 34.33128399777724], [-32.53501933575994, 34.33184122308953], [-32.52802827786745, 34.33229736635065], [-32.521028682289995, 34.33265228861494], [-32.514022681172214, 34.33290588176964], [-32.5070124086099, 34.33305806856783], [-32.5, 34.33310880265192], [-32.5, 34.33310880265192]]]}}, {"type": "Feature", "id": "TC10013233WindRadii_50_2609210000", "properties": {"description": "Tropical Cyclone SIX-26", "name": "Tropical Cyclone SIX-26", "htmldescription": "Green Tropical Cylone SIX-26 in off-shore from: 19 Sep 2026 15:00:00 to:20 Sep 2026 03:00:00.", "link": "https://www.gdacs.org/report.aspx?eventtype=TC&eventid=1001323&episodeid=3", "featureIndex": "874", "iconeventlink": "https://www.gdacs.org/images/gdacs_icons/maps/Green/TC.png", "iconitemlink": "https://www.gdacs.org/images/gdacs_icons/maps/Green/TC.png", "alertlevel": "Green", "eventtype": "TC", "eventname": "SIX-26", "polygonlabel": "21/09 00:00", "polygontype": "WindRadii_50_2609210000", "fromdate": "19 Sep 2026 15:00:00", "todate": "20 Sep 2026 03:00:00", "country": "", "countrylist": "", "iso3": "", "severity": "83.3328", "latitude": "33.3", "longitude": "-33.2", "imageoverview": "https://www.gdacs.org/contentdata/resources/imgtemp/gdacs/tc/1001323/clouds_1001323_3.png", "Class": "Poly_WindRadii_50_2609210000"}, "geometry": {"type": "Polygon", "coordinates": [[[-32.5, 34.0], [-32.5, 34.0], [-32.5, 34.0], [-32.5, 34.0], [-32.5, 34.0], [-32.5, 34.0], [-32.5, 34.0], [-32.5, 34.0], [-32.5, 34.0], [-32.5, 34.0], [-32.5, 34.0], [-32.5, 34.0], [-32.5, 34.0], [-32.5, 34.0], [-32.5, 34.0], [-32.5, 34.0], [-32.5, 34.0], [-32.5, 34.0], [-32.5, 34.0], [-32.5, 34.0], [-32.5, 34.0], [-32.5, 34.0], [-32.5, 34.0], [-32.5, 34.0], [-32.5, 34.0], [-32.5, 34.0], [-32.5, 34.0], [-32.5, 34.0], [-32.5, 34.0], [-32.5, 34.0], [-32.5, 34.0], [-32.5, 34.0], [-32.5, 34.0], [-32.5, 34.0], [-32.5, 34.0], [-32.5, 34.0], [-32.5, 34.0], [-32.5, 34.0], [-32.5, 34.0], [-32.5, 34.0], [-32.5, 34.0], [-32.5, 34.0], [-32.5, 34.0], [-32.5, 34.0], [-32.5, 34.0], [-32.5, 34.0], [-32.5, 34.0], [-32.5, 34.0], [-32.5, 34.0], [-32.5, 34.0], [-32.5, 34.0], [-32.5, 34.0], [-32.5, 34.0], [-32.5, 34.0], [-32.5, 34.0], [-32.5, 34.0], [-32.5, 34.0], [-32.5, 34.0], [-32.5, 34.0], [-32.5, 34.0], [-32.5, 34.0], [-32.5, 34.0], [-32.5, 34.0], [-32.5, 34.0], [-32.5, 34.0], [-32.5, 34.0], [-32.5, 34.0], [-32.5, 34.0], [-32.5, 34.0], [-32.5, 34.0], [-32.5, 34.0], [-32.5, 34.0], [-32.5, 34.0], [-32.5, 34.0], [-32.5, 34.0], [-32.5, 34.0], [-32.5, 34.0], [-32.5, 34.0], [-32.5, 34.0], [-32.5, 34.0], [-32.5, 34.0], [-32.5, 34.0], [-32.5, 34.0], [-32.5, 34.0], [-32.5, 34.0], [-32.5, 34.0], [-32.5, 34.0], [-32.5, 34.0], [-32.5, 34.0], [-32.5, 34.0], [-32.5, 34.0], [-32.5, 34.0], [-32.5, 34.0], [-32.5, 34.0], [-32.5, 34.0], [-32.5, 34.0], [-32.5, 34.0], [-32.5, 34.0], [-32.5, 34.0], [-32.5, 34.0], [-32.5, 34.0], [-32.5, 34.0], [-32.5, 34.0], [-32.5, 34.0], [-32.5, 34.0], [-32.5, 34.0], [-32.5, 34.0], [-32.5, 34.0], [-32.5, 34.0], [-32.5, 34.0], [-32.5, 34.0], [-32.5, 34.0], [-32.5, 34.0], [-32.5, 34.0], [-32.5, 34.0], [-32.5, 34.0], [-32.5, 34.0], [-32.5, 34.0], [-32.5, 34.0], [-32.5, 34.0], [-32.5, 34.0], [-32.5, 34.0], [-32.5, 34.0], [-32.5, 34.0], [-32.5, 34.0], [-32.5, 34.0], [-32.5, 34.0], [-32.5, 34.0], [-32.5, 34.0], [-32.5, 34.0], [-32.5, 34.0], [-32.5, 34.0], [-32.5, 34.0], [-32.5, 34.0], [-32.5, 34.0], [-32.5, 34.0], [-32.5, 34.0], [-32.5, 34.0], [-32.5, 34.0], [-32.5, 34.0], [-32.5, 34.0], [-32.5, 34.0], [-32.5, 34.0], [-32.5, 34.0], [-32.5, 34.0], [-32.5, 34.0], [-32.5, 34.0], [-32.5, 34.0], [-32.5, 34.0], [-32.5, 34.0], [-32.5, 34.0], [-32.5, 34.0], [-32.5, 34.0], [-32.5, 34.0], [-32.5, 34.0], [-32.5, 34.0], [-32.5, 34.0], [-32.5, 34.0], [-32.5, 34.0], [-32.5, 34.0], [-32.5, 34.0], [-32.5, 34.0], [-32.5, 34.0], [-32.5, 34.0], [-32.5, 34.0], [-32.5, 34.0], [-32.5, 34.0], [-32.5, 34.0], [-32.5, 34.0], [-32.5, 34.0], [-32.5, 34.0], [-32.5, 34.0], [-32.5, 34.0], [-32.5, 34.0], [-32.5, 34.0], [-32.5, 34.0], [-32.5, 34.0], [-32.5, 34.0], [-32.5, 34.0], [-32.5, 34.0], [-32.5, 34.0], [-32.5, 34.0], [-32.5, 34.0], [-32.5, 34.0], [-32.5, 34.0], [-32.5, 34.0], [-32.5, 34.0], [-32.5, 34.0], [-32.5, 34.0], [-32.5, 34.0], [-32.5, 34.0], [-32.5, 34.0], [-32.5, 34.0], [-32.5, 34.0], [-32.5, 34.0], [-32.5, 34.0], [-32.5, 34.0], [-32.5, 34.0], [-32.5, 34.0], [-32.5, 34.0], [-32.5, 34.0], [-32.5, 34.0], [-32.5, 34.0], [-32.5, 34.0], [-32.5, 34.0], [-32.5, 34.0], [-32.5, 34.0], [-32.5, 34.0], [-32.5, 34.0], [-32.5, 34.0], [-32.5, 34.0], [-32.5, 34.0], [-32.5, 34.0], [-32.5, 34.0], [-32.5, 34.0], [-32.5, 34.0], [-32.5, 34.0], [-32.5, 34.0], [-32.5, 34.0], [-32.5, 34.0], [-32.5, 34.0], [-32.5, 34.0], [-32.5, 34.0], [-32.5, 34.0], [-32.5, 34.0], [-32.5, 34.0], [-32.5, 34.0], [-32.5, 34.0], [-32.5, 34.0], [-32.5, 34.0], [-32.5, 34.0], [-32.5, 34.0], [-32.5, 34.0], [-32.5, 34.0], [-32.5, 34.0], [-32.5, 34.0], [-32.5, 34.0], [-32.5, 34.0], [-32.5, 34.0], [-32.5, 34.0], [-32.5, 34.0], [-32.5, 34.0], [-32.5, 34.0], [-32.5, 34.0], [-32.5, 34.0], [-32.5, 34.0], [-32.5, 34.0], [-32.5, 34.0], [-32.5, 34.0], [-32.5, 34.0], [-32.5, 34.0], [-32.5, 34.0], [-32.5, 34.0], [-32.5, 34.0], [-32.5, 34.0], [-32.5, 34.0], [-32.5, 34.0], [-32.5, 34.0], [-32.5, 34.0], [-32.5, 34.0], [-32.5, 34.0], [-32.5, 34.0], [-32.5, 34.0], [-32.5, 34.0], [-32.5, 34.0], [-32.5, 34.0], [-32.5, 34.0], [-32.5, 34.0], [-32.5, 34.0], [-32.5, 34.0], [-32.5, 34.0], [-32.5, 34.0], [-32.5, 34.0], [-32.5, 34.0], [-32.5, 34.0], [-32.5, 34.0], [-32.5, 34.0], [-32.5, 34.0], [-32.5, 34.0], [-32.5, 34.0], [-32.5, 34.0], [-32.5, 34.0], [-32.5, 34.0], [-32.5, 34.0], [-32.5, 34.0], [-32.5, 34.0], [-32.5, 34.0], [-32.5, 34.0], [-32.5, 34.0], [-32.5, 34.0], [-32.5, 34.0], [-32.5, 34.0], [-32.5, 34.0], [-32.5, 34.0], [-32.5, 34.0], [-32.5, 34.0], [-32.5, 34.0], [-32.5, 34.0], [-32.5, 34.0], [-32.5, 34.0], [-32.5, 34.0], [-32.5, 34.0], [-32.5, 34.0], [-32.5, 34.0], [-32.5, 34.0], [-32.5, 34.0], [-32.5, 34.0], [-32.5, 34.0], [-32.5, 34.0], [-32.5, 34.0], [-32.5, 34.0], [-32.5, 34.0], [-32.5, 34.0], [-32.5, 34.0], [-32.5, 34.0], [-32.5, 34.0], [-32.5, 34.0], [-32.5, 34.0], [-32.5, 34.0], [-32.5, 34.0], [-32.5, 34.0], [-32.5, 34.0], [-32.5, 34.0], [-32.5, 34.0], [-32.5, 34.0], [-32.5, 34.0], [-32.5, 34.0], [-32.5, 34.0], [-32.5, 34.0], [-32.5, 34.0], [-32.5, 34.0], [-32.5, 34.0], [-32.5, 34.0], [-32.5, 34.0], [-32.5, 34.0], [-32.5, 34.0], [-32.5, 34.0], [-32.5, 34.0], [-32.5, 34.0], [-32.5, 34.0], [-32.5, 34.0], [-32.5, 34.0], [-32.5, 34.0], [-32.5, 34.0], [-32.5, 34.0], [-32.5, 34.0], [-32.5, 34.0], [-32.5, 34.0], [-32.5, 34.0], [-32.5, 34.0], [-32.5, 34.0], [-32.5, 34.0], [-32.5, 34.0], [-32.5, 34.0], [-32.5, 34.0], [-32.5, 34.0], [-32.5, 34.0], [-32.5, 34.0], [-32.5, 34.0], [-32.5, 34.0], [-32.5, 34.0], [-32.5, 34.0], [-32.5, 34.0], [-32.5, 34.0], [-32.5, 34.0]]]}}, {"type": "Feature", "id": "TC10013233WindRadii_64_2609210000", "properties": {"description": "Tropical Cyclone SIX-26", "name": "Tropical Cyclone SIX-26", "htmldescription": "Green Tropical Cylone SIX-26 in off-shore from: 19 Sep 2026 15:00:00 to:20 Sep 2026 03:00:00.", "link": "https://www.gdacs.org/report.aspx?eventtype=TC&eventid=1001323&episodeid=3", "featureIndex": "875", "iconeventlink": "https://www.gdacs.org/images/gdacs_icons/maps/Green/TC.png", "iconitemlink": "https://www.gdacs.org/images/gdacs_icons/maps/Green/TC.png", "alertlevel": "Green", "eventtype": "TC", "eventname": "SIX-26", "polygonlabel": "21/09 00:00", "polygontype": "WindRadii_64_2609210000", "fromdate": "19 Sep 2026 15:00:00", "todate": "20 Sep 2026 03:00:00", "country": "", "countrylist": "", "iso3": "", "severity": "83.3328", "latitude": "33.3", "longitude": "-33.2", "imageoverview": "https://www.gdacs.org/contentdata/resources/imgtemp/gdacs/tc/1001323/clouds_1001323_3.png", "Class": "Poly_WindRadii_64_2609210000"}, "geometry": {"type": "Polygon", "coordinates": [[[-32.5, 34.0], [-32.5, 34.0], [-32.5, 34.0], [-32.5, 34.0], [-32.5, 34.0], [-32.5, 34.0], [-32.5, 34.0], [-32.5, 34.0], [-32.5, 34.0], [-32.5, 34.0], [-32.5, 34.0], [-32.5, 34.0], [-32.5, 34.0], [-32.5, 34.0], [-32.5, 34.0], [-32.5, 34.0], [-32.5, 34.0], [-32.5, 34.0], [-32.5, 34.0], [-32.5, 34.0], [-32.5, 34.0], [-32.5, 34.0], [-32.5, 34.0], [-32.5, 34.0], [-32.5, 34.0], [-32.5, 34.0], [-32.5, 34.0], [-32.5, 34.0], [-32.5, 34.0], [-32.5, 34.0], [-32.5, 34.0], [-32.5, 34.0], [-32.5, 34.0], [-32.5, 34.0], [-32.5, 34.0], [-32.5, 34.0], [-32.5, 34.0], [-32.5, 34.0], [-32.5, 34.0], [-32.5, 34.0], [-32.5, 34.0], [-32.5, 34.0], [-32.5, 34.0], [-32.5, 34.0], [-32.5, 34.0], [-32.5, 34.0], [-32.5, 34.0], [-32.5, 34.0], [-32.5, 34.0], [-32.5, 34.0], [-32.5, 34.0], [-32.5, 34.0], [-32.5, 34.0], [-32.5, 34.0], [-32.5, 34.0], [-32.5, 34.0], [-32.5, 34.0], [-32.5, 34.0], [-32.5, 34.0], [-32.5, 34.0], [-32.5, 34.0], [-32.5, 34.0], [-32.5, 34.0], [-32.5, 34.0], [-32.5, 34.0], [-32.5, 34.0], [-32.5, 34.0], [-32.5, 34.0], [-32.5, 34.0], [-32.5, 34.0], [-32.5, 34.0], [-32.5, 34.0], [-32.5, 34.0], [-32.5, 34.0], [-32.5, 34.0], [-32.5, 34.0], [-32.5, 34.0], [-32.5, 34.0], [-32.5, 34.0], [-32.5, 34.0], [-32.5, 34.0], [-32.5, 34.0], [-32.5, 34.0], [-32.5, 34.0], [-32.5, 34.0], [-32.5, 34.0], [-32.5, 34.0], [-32.5, 34.0], [-32.5, 34.0], [-32.5, 34.0], [-32.5, 34.0], [-32.5, 34.0], [-32.5, 34.0], [-32.5, 34.0], [-32.5, 34.0], [-32.5, 34.0], [-32.5, 34.0], [-32.5, 34.0], [-32.5, 34.0], [-32.5, 34.0], [-32.5, 34.0], [-32.5, 34.0], [-32.5, 34.0], [-32.5, 34.0], [-32.5, 34.0], [-32.5, 34.0], [-32.5, 34.0], [-32.5, 34.0], [-32.5, 34.0], [-32.5, 34.0], [-32.5, 34.0], [-32.5, 34.0], [-32.5, 34.0], [-32.5, 34.0], [-32.5, 34.0], [-32.5, 34.0], [-32.5, 34.0], [-32.5, 34.0], [-32.5, 34.0], [-32.5, 34.0], [-32.5, 34.0], [-32.5, 34.0], [-32.5, 34.0], [-32.5, 34.0], [-32.5, 34.0], [-32.5, 34.0], [-32.5, 34.0], [-32.5, 34.0], [-32.5, 34.0], [-32.5, 34.0], [-32.5, 34.0], [-32.5, 34.0], [-32.5, 34.0], [-32.5, 34.0], [-32.5, 34.0], [-32.5, 34.0], [-32.5, 34.0], [-32.5, 34.0], [-32.5, 34.0], [-32.5, 34.0], [-32.5, 34.0], [-32.5, 34.0], [-32.5, 34.0], [-32.5, 34.0], [-32.5, 34.0], [-32.5, 34.0], [-32.5, 34.0], [-32.5, 34.0], [-32.5, 34.0], [-32.5, 34.0], [-32.5, 34.0], [-32.5, 34.0], [-32.5, 34.0], [-32.5, 34.0], [-32.5, 34.0], [-32.5, 34.0], [-32.5, 34.0], [-32.5, 34.0], [-32.5, 34.0], [-32.5, 34.0], [-32.5, 34.0], [-32.5, 34.0], [-32.5, 34.0], [-32.5, 34.0], [-32.5, 34.0], [-32.5, 34.0], [-32.5, 34.0], [-32.5, 34.0], [-32.5, 34.0], [-32.5, 34.0], [-32.5, 34.0], [-32.5, 34.0], [-32.5, 34.0], [-32.5, 34.0], [-32.5, 34.0], [-32.5, 34.0], [-32.5, 34.0], [-32.5, 34.0], [-32.5, 34.0], [-32.5, 34.0], [-32.5, 34.0], [-32.5, 34.0], [-32.5, 34.0], [-32.5, 34.0], [-32.5, 34.0], [-32.5, 34.0], [-32.5, 34.0], [-32.5, 34.0], [-32.5, 34.0], [-32.5, 34.0], [-32.5, 34.0], [-32.5, 34.0], [-32.5, 34.0], [-32.5, 34.0], [-32.5, 34.0], [-32.5, 34.0], [-32.5, 34.0], [-32.5, 34.0], [-32.5, 34.0], [-32.5, 34.0], [-32.5, 34.0], [-32.5, 34.0], [-32.5, 34.0], [-32.5, 34.0], [-32.5, 34.0], [-32.5, 34.0], [-32.5, 34.0], [-32.5, 34.0], [-32.5, 34.0], [-32.5, 34.0], [-32.5, 34.0], [-32.5, 34.0], [-32.5, 34.0], [-32.5, 34.0], [-32.5, 34.0], [-32.5, 34.0], [-32.5, 34.0], [-32.5, 34.0], [-32.5, 34.0], [-32.5, 34.0], [-32.5, 34.0], [-32.5, 34.0], [-32.5, 34.0], [-32.5, 34.0], [-32.5, 34.0], [-32.5, 34.0], [-32.5, 34.0], [-32.5, 34.0], [-32.5, 34.0], [-32.5, 34.0], [-32.5, 34.0], [-32.5, 34.0], [-32.5, 34.0], [-32.5, 34.0], [-32.5, 34.0], [-32.5, 34.0], [-32.5, 34.0], [-32.5, 34.0], [-32.5, 34.0], [-32.5, 34.0], [-32.5, 34.0], [-32.5, 34.0], [-32.5, 34.0], [-32.5, 34.0], [-32.5, 34.0], [-32.5, 34.0], [-32.5, 34.0], [-32.5, 34.0], [-32.5, 34.0], [-32.5, 34.0], [-32.5, 34.0], [-32.5, 34.0], [-32.5, 34.0], [-32.5, 34.0], [-32.5, 34.0], [-32.5, 34.0], [-32.5, 34.0], [-32.5, 34.0], [-32.5, 34.0], [-32.5, 34.0], [-32.5, 34.0], [-32.5, 34.0], [-32.5, 34.0], [-32.5, 34.0], [-32.5, 34.0], [-32.5, 34.0], [-32.5, 34.0], [-32.5, 34.0], [-32.5, 34.0], [-32.5, 34.0], [-32.5, 34.0], [-32.5, 34.0], [-32.5, 34.0], [-32.5, 34.0], [-32.5, 34.0], [-32.5, 34.0], [-32.5, 34.0], [-32.5, 34.0], [-32.5, 34.0], [-32.5, 34.0], [-32.5, 34.0], [-32.5, 34.0], [-32.5, 34.0], [-32.5, 34.0], [-32.5, 34.0], [-32.5, 34.0], [-32.5, 34.0], [-32.5, 34.0], [-32.5, 34.0], [-32.5, 34.0], [-32.5, 34.0], [-32.5, 34.0], [-32.5, 34.0], [-32.5, 34.0], [-32.5, 34.0], [-32.5, 34.0], [-32.5, 34.0], [-32.5, 34.0], [-32.5, 34.0], [-32.5, 34.0], [-32.5, 34.0], [-32.5, 34.0], [-32.5, 34.0], [-32.5, 34.0], [-32.5, 34.0], [-32.5, 34.0], [-32.5, 34.0], [-32.5, 34.0], [-32.5, 34.0], [-32.5, 34.0], [-32.5, 34.0], [-32.5, 34.0], [-32.5, 34.0], [-32.5, 34.0], [-32.5, 34.0], [-32.5, 34.0], [-32.5, 34.0], [-32.5, 34.0], [-32.5, 34.0], [-32.5, 34.0], [-32.5, 34.0], [-32.5, 34.0], [-32.5, 34.0], [-32.5, 34.0], [-32.5, 34.0], [-32.5, 34.0], [-32.5, 34.0], [-32.5, 34.0], [-32.5, 34.0], [-32.5, 34.0], [-32.5, 34.0], [-32.5, 34.0], [-32.5, 34.0], [-32.5, 34.0], [-32.5, 34.0], [-32.5, 34.0], [-32.5, 34.0], [-32.5, 34.0], [-32.5, 34.0], [-32.5, 34.0], [-32.5, 34.0], [-32.5, 34.0], [-32.5, 34.0], [-32.5, 34.0], [-32.5, 34.0], [-32.5, 34.0], [-32.5, 34.0], [-32.5, 34.0], [-32.5, 34.0], [-32.5, 34.0], [-32.5, 34.0], [-32.5, 34.0], [-32.5, 34.0], [-32.5, 34.0], [-32.5, 34.0], [-32.5, 34.0], [-32.5, 34.0], [-32.5, 34.0], [-32.5, 34.0], [-32.5, 34.0], [-32.5, 34.0], [-32.5, 34.0], [-32.5, 34.0], [-32.5, 34.0], [-32.5, 34.0]]]}}, {"type": "Feature", "id": "TC10013233Polygon_Point_4", "properties": {"description": "Tropical Cyclone SIX-26", "name": "Tropical Cyclone SIX-26", "htmldescription": "Green Tropical Cylone SIX-26 in off-shore from: 19 Sep 2026 15:00:00 to:20 Sep 2026 03:00:00.", "link": "https://www.gdacs.org/report.aspx?eventtype=TC&eventid=1001323&episodeid=3", "featureIndex": "876", "iconeventlink": "https://www.gdacs.org/images/gdacs_icons/maps/Green/TC.png", "iconitemlink": "https://www.gdacs.org/images/gdacs_icons/maps/Green/TC.png", "alertlevel": "Green", "eventtype": "TC", "eventname": "SIX-26", "polygonlabel": "21/09 00:00 UTC", "polygontype": "Polygon_Point_4", "fromdate": "19 Sep 2026 15:00:00", "todate": "20 Sep 2026 03:00:00", "country": "", "countrylist": "", "iso3": "", "severity": "83.3328", "latitude": "33.3", "longitude": "-33.2", "imageoverview": "https://www.gdacs.org/contentdata/resources/imgtemp/gdacs/tc/1001323/clouds_1001323_3.png", "Class": "Poly_Polygon_Point_4"}, "geometry": {"type": "Polygon", "coordinates": [[[-32.5, 33.97], [-32.49852796977018, 33.970036136313844], [-32.49705948579011, 33.97014445819983], [-32.49559808576634, 33.970324704701056], [-32.49414729033952, 33.9705764415879], [-32.492710594602904, 33.970899062404165], [-32.491291459682365, 33.97129178992803], [-32.48989330439823, 33.97175367804451], [-32.488519497029046, 33.97228361402466], [-32.48717334719709, 33.9728803212063], [-32.48585809789522, 33.97354236206955], [-32.484576917674204, 33.974268141699994], [-32.48333289300941, 33.975055911630925], [-32.48212902086522, 33.97590377405558], [-32.48096820147509, 33.976809686399115], [-32.47985323135459, 33.97777146623935], [-32.4787867965644, 33.9787867965644], [-32.47777146623935, 33.97985323135459], [-32.476809686399115, 33.98096820147509], [-32.47590377405558, 33.98212902086522], [-32.475055911630925, 33.98333289300941], [-32.474268141699994, 33.984576917674204], [-32.47354236206955, 33.98585809789522], [-32.4728803212063, 33.98717334719709], [-32.47228361402466, 33.988519497029046], [-32.47175367804451, 33.98989330439823], [-32.47129178992803, 33.991291459682365], [-32.470899062404165, 33.992710594602904], [-32.4705764415879, 33.99414729033952], [-32.470324704701056, 33.99559808576634], [-32.47014445819983, 33.99705948579011], [-32.470036136313844, 33.99852796977018], [-32.47, 34.0], [-32.470036136313844, 34.00147203022982], [-32.47014445819983, 34.00294051420989], [-32.470324704701056, 34.00440191423366], [-32.4705764415879, 34.00585270966048], [-32.470899062404165, 34.007289405397096], [-32.47129178992803, 34.008708540317635], [-32.47175367804451, 34.01010669560177], [-32.47228361402466, 34.011480502970954], [-32.4728803212063, 34.01282665280291], [-32.47354236206955, 34.01414190210478], [-32.474268141699994, 34.015423082325796], [-32.475055911630925, 34.01666710699059], [-32.47590377405558, 34.01787097913478], [-32.476809686399115, 34.01903179852491], [-32.47777146623935, 34.02014676864541], [-32.4787867965644, 34.0212132034356], [-32.47985323135459, 34.02222853376065], [-32.48096820147509, 34.023190313600885], [-32.48212902086522, 34.02409622594442], [-32.48333289300941, 34.024944088369075], [-32.484576917674204, 34.025731858300006], [-32.48585809789522, 34.02645763793045], [-32.48717334719709, 34.0271196787937], [-32.488519497029046, 34.02771638597534], [-32.48989330439823, 34.02824632195549], [-32.491291459682365, 34.02870821007197], [-32.492710594602904, 34.029100937595835], [-32.49414729033952, 34.0294235584121], [-32.49559808576634, 34.029675295298944], [-32.49705948579011, 34.02985554180017], [-32.49852796977018, 34.029963863686156], [-32.5, 34.03], [-32.50147203022982, 34.029963863686156], [-32.50294051420989, 34.02985554180017], [-32.50440191423366, 34.029675295298944], [-32.50585270966048, 34.0294235584121], [-32.507289405397096, 34.029100937595835], [-32.508708540317635, 34.02870821007197], [-32.51010669560177, 34.02824632195549], [-32.511480502970954, 34.02771638597534], [-32.51282665280291, 34.0271196787937], [-32.51414190210478, 34.02645763793045], [-32.515423082325796, 34.025731858300006], [-32.51666710699059, 34.024944088369075], [-32.51787097913478, 34.02409622594442], [-32.51903179852491, 34.023190313600885], [-32.52014676864541, 34.02222853376065], [-32.5212132034356, 34.0212132034356], [-32.52222853376065, 34.02014676864541], [-32.523190313600885, 34.01903179852491], [-32.52409622594442, 34.01787097913478], [-32.524944088369075, 34.01666710699059], [-32.525731858300006, 34.015423082325796], [-32.52645763793045, 34.01414190210478], [-32.5271196787937, 34.01282665280291], [-32.52771638597534, 34.011480502970954], [-32.52824632195549, 34.01010669560177], [-32.52870821007197, 34.008708540317635], [-32.529100937595835, 34.007289405397096], [-32.5294235584121, 34.00585270966048], [-32.529675295298944, 34.00440191423366], [-32.52985554180017, 34.00294051420989], [-32.529963863686156, 34.00147203022982], [-32.53, 34.0], [-32.529963863686156, 33.99852796977018], [-32.52985554180017, 33.99705948579011], [-32.529675295298944, 33.99559808576634], [-32.5294235584121, 33.99414729033952], [-32.529100937595835, 33.992710594602904], [-32.52870821007197, 33.991291459682365], [-32.52824632195549, 33.98989330439823], [-32.52771638597534, 33.988519497029046], [-32.5271196787937, 33.98717334719709], [-32.52645763793045, 33.98585809789522], [-32.525731858300006, 33.984576917674204], [-32.524944088369075, 33.98333289300941], [-32.52409622594442, 33.98212902086522], [-32.523190313600885, 33.98096820147509], [-32.52222853376065, 33.97985323135459], [-32.5212132034356, 33.9787867965644], [-32.52014676864541, 33.97777146623935], [-32.51903179852491, 33.976809686399115], [-32.51787097913478, 33.97590377405558], [-32.51666710699059, 33.975055911630925], [-32.515423082325796, 33.974268141699994], [-32.51414190210478, 33.97354236206955], [-32.51282665280291, 33.9728803212063], [-32.511480502970954, 33.97228361402466], [-32.51010669560177, 33.97175367804451], [-32.508708540317635, 33.97129178992803], [-32.507289405397096, 33.970899062404165], [-32.50585270966048, 33.9705764415879], [-32.50440191423366, 33.970324704701056], [-32.50294051420989, 33.97014445819983], [-32.50147203022982, 33.970036136313844], [-32.5, 33.97]]]}}, {"type": "Feature", "id": "TC10013233WindRadii_34_2609211200", "properties": {"description": "Tropical Cyclone SIX-26", "name": "Tropical Cyclone SIX-26", "htmldescription": "Green Tropical Cylone SIX-26 in off-shore from: 19 Sep 2026 15:00:00 to:20 Sep 2026 03:00:00.", "link": "https://www.gdacs.org/report.aspx?eventtype=TC&eventid=1001323&episodeid=3", "featureIndex": "877", "iconeventlink": "https://www.gdacs.org/images/gdacs_icons/maps/Green/TC.png", "iconitemlink": "https://www.gdacs.org/images/gdacs_icons/maps/Green/TC.png", "alertlevel": "Green", "eventtype": "TC", "eventname": "SIX-26", "polygonlabel": "21/09 12:00", "polygontype": "WindRadii_34_2609211200", "fromdate": "19 Sep 2026 15:00:00", "todate": "20 Sep 2026 03:00:00", "country": "", "countrylist": "", "iso3": "", "severity": "83.3328", "latitude": "33.3", "longitude": "-33.2", "imageoverview": "https://www.gdacs.org/contentdata/resources/imgtemp/gdacs/tc/1001323/clouds_1001323_3.png", "Class": "Poly_WindRadii_34_2609211200"}, "geometry": {"type": "Polygon", "coordinates": [[[-32.4, 34.09966320397788], [-32.389530432300965, 34.09958710285174], [-32.37906405373367, 34.099358822654466], [-32.36860405245843, 34.098978432922415], [-32.35815361469294, 34.098446049525975], [-32.347715923741795, 34.0977618346343], [-32.33729415902676, 34.09692599666587], [-32.32689149511833, 34.09593879022502], [-32.316511100768714, 34.0948005160244], [-32.30615613794657, 34.09351152079336], [-32.2958297608739, 34.092072197172335], [-32.28553511506519, 34.09048298359324], [-32.27527533636926, 34.08874436414593], [-32.26505355001412, 34.08685686843073], [-32.2548728696549, 34.08482107139711], [-32.244736396425466, 34.08263759316858], [-32.234647217993746, 34.08030709885375], [-32.22460840762124, 34.07783029834378], [-32.21462302322682, 34.07520794609608], [-32.20469410645532, 34.072440840904555], [-32.19482468175096, 34.06952982565626], [-32.18501775543612, 34.06647578707463], [-32.17527631479555, 34.063279655449406], [-32.165603327166444, 34.05994240435324], [-32.15600173903454, 34.05646505034514], [-32.14647447513658, 34.052848652660835], [-32.13702443756945, 34.049094312890084], [-32.12765450490614, 34.04520317464116], [-32.11836753131891, 34.04117642319245], [-32.10916634570987, 34.03701528513147], [-32.1000537508493, 34.03272102798117], [-32.091032522521864, 34.02829495981389], [-32.0821054086811, 34.023738428852866], [-32.07327512861237, 34.019052823061564], [-32.06454437210452, 34.0142395697209], [-32.05591579863056, 34.00930013499447], [-32.04739203653755, 34.004236023481944], [-32.038975682246004, 33.99904877776074], [-32.030669299458964, 33.99373997791616], [-32.0224754183811, 33.98831124106006], [-32.014396534947956, 33.982764220838284], [-32.006435110065695, 33.97710060692691], [-31.998593568861455, 33.97132212451762], [-31.99087429994465, 33.965430533792116], [-31.983279654679375, 33.95942762938602], [-31.97581194646814, 33.953315239842155], [-31.968473450047217, 33.947095227053595], [-31.9612664007937, 33.94076948569649], [-31.95419299404461, 33.93433994265293], [-31.94725538442816, 33.92780855642402], [-31.940455685207453, 33.92117731653326], [-31.933795967636737, 33.91444824292058], [-31.927278260330496, 33.90762338532697], [-31.920904548645517, 33.90070482267018], [-31.914676774076124, 33.893694662411406], [-31.90859683366278, 33.88659503991338], [-31.90266657941423, 33.879408117789886], [-31.896887817743366, 33.87213608524703], [-31.89126230891698, 33.86478115741637], [-31.885791766519546, 33.85734557468016], [-31.880477856931275, 33.84983160198894], [-31.87532219882051, 33.842241528171584], [-31.87032636265065, 33.8345776652381], [-31.865491870201794, 33.82684234767538], [-31.86082019410717, 33.81903793173609], [-31.856312757404574, 33.81116679472092], [-31.851970933102887, 33.80323133425446], [-31.847796043763854, 33.79523396755484], [-31.84378936109921, 33.78717713069744], [-31.839952105583308, 33.77906327787279], [-31.83628544608135, 33.77089488063908], [-31.832790499493345, 33.76267442716923], [-31.829468330413874, 33.754404421493], [-31.826319950807825, 33.74608738273424], [-31.82334631970212, 33.737725844343515], [-31.82054834289361, 33.729322353326424], [-31.817926872673123, 33.72087946946773], [-31.81548270756589, 33.71239976455166], [-31.813216592088278, 33.70388582157846], [-31.811129216521017, 33.695340233977646], [-31.80922121669892, 33.68676560481798], [-31.80749317381722, 33.67816454601457], [-31.80594561425452, 33.669539677533244], [-31.80457900941245, 33.6608936265925], [-31.803393775572086, 33.6522290268632], [-31.802390273767138, 33.64354851766637], [-31.801568809673974, 33.63485474316919], [-31.800929633518518, 33.6261503515796], [-31.800472940000013, 33.61743799433959], [-31.80019886823174, 33.60872032531758], [-31.8001075016986, 33.6], [-31.8001075016986, 33.6], [-31.80019886823174, 33.591279674682426], [-31.800472940000013, 33.582562005660414], [-31.800929633518518, 33.573849648420406], [-31.801568809673974, 33.56514525683081], [-31.802390273767138, 33.556451482333635], [-31.803393775572086, 33.5477709731368], [-31.80457900941245, 33.539106373407506], [-31.80594561425452, 33.53046032246676], [-31.80749317381722, 33.52183545398543], [-31.80922121669892, 33.513234395182025], [-31.811129216521017, 33.50465976602236], [-31.813216592088278, 33.49611417842154], [-31.81548270756589, 33.48760023544834], [-31.817926872673123, 33.47912053053227], [-31.82054834289361, 33.47067764667358], [-31.82334631970212, 33.46227415565649], [-31.826319950807825, 33.453912617265765], [-31.829468330413874, 33.445595578507], [-31.832790499493345, 33.43732557283077], [-31.83628544608135, 33.429105119360926], [-31.839952105583308, 33.420936722127216], [-31.84378936109921, 33.412822869302566], [-31.847796043763854, 33.40476603244516], [-31.851970933102887, 33.39676866574554], [-31.856312757404574, 33.388833205279084], [-31.86082019410717, 33.38096206826391], [-31.865491870201794, 33.37315765232462], [-31.87032636265065, 33.3654223347619], [-31.87532219882051, 33.35775847182842], [-31.880477856931275, 33.350168398011064], [-31.885791766519546, 33.34265442531984], [-31.89126230891698, 33.335218842583636], [-31.896887817743366, 33.327863914752974], [-31.90266657941423, 33.32059188221012], [-31.90859683366278, 33.31340496008662], [-31.914676774076124, 33.3063053375886], [-31.920904548645517, 33.299295177329824], [-31.927278260330496, 33.29237661467303], [-31.933795967636737, 33.285551757079425], [-31.940455685207453, 33.27882268346674], [-31.94725538442816, 33.272191443575984], [-31.95419299404461, 33.26566005734707], [-31.9612664007937, 33.25923051430351], [-31.968473450047217, 33.25290477294641], [-31.97581194646814, 33.24668476015785], [-31.983279654679375, 33.24057237061398], [-31.99087429994465, 33.23456946620789], [-31.998593568861455, 33.22867787548238], [-32.006435110065695, 33.22289939307309], [-32.014396534947956, 33.21723577916172], [-32.0224754183811, 33.21168875893994], [-32.030669299458964, 33.206260022083846], [-32.038975682246004, 33.20095122223926], [-32.04739203653755, 33.19576397651806], [-32.05591579863056, 33.190699865005534], [-32.06454437210452, 33.1857604302791], [-32.07327512861237, 33.18094717693844], [-32.0821054086811, 33.17626157114714], [-32.091032522521864, 33.17170504018611], [-32.1000537508493, 33.167278972018835], [-32.10916634570987, 33.162984714868536], [-32.11836753131891, 33.158823576807556], [-32.12765450490614, 33.154796825358844], [-32.13702443756945, 33.15090568710992], [-32.14647447513658, 33.14715134733917], [-32.15600173903454, 33.143534949654864], [-32.165603327166444, 33.140057595646766], [-32.17527631479555, 33.1367203445506], [-32.18501775543612, 33.13352421292537], [-32.19482468175096, 33.13047017434374], [-32.20469410645532, 33.12755915909545], [-32.21462302322682, 33.124792053903924], [-32.22460840762124, 33.122169701656226], [-32.234647217993746, 33.11969290114625], [-32.244736396425466, 33.117362406831425], [-32.2548728696549, 33.115178928602894], [-32.26505355001412, 33.113143131569274], [-32.27527533636926, 33.11125563585407], [-32.28553511506518, 33.10951701640676], [-32.2958297608739, 33.10792780282767], [-32.30615613794657, 33.10648847920664], [-32.316511100768714, 33.1051994839756], [-32.32689149511833, 33.10406120977498], [-32.33729415902676, 33.103074003334136], [-32.347715923741795, 33.102238165365705], [-32.35815361469294, 33.10155395047403], [-32.36860405245843, 33.10102156707759], [-32.37906405373367, 33.10064117734554], [-32.389530432300965, 33.10041289714826], [-32.4, 33.10033679602212], [-32.4, 33.10033679602212], [-32.41046956769903, 33.10041289714826], [-32.420935946266326, 33.10064117734554], [-32.43139594754157, 33.10102156707759], [-32.44184638530706, 33.10155395047403], [-32.4522840762582, 33.102238165365705], [-32.462705840973236, 33.103074003334136], [-32.473108504881665, 33.10406120977498], [-32.48348889923128, 33.1051994839756], [-32.493843862053424, 33.10648847920664], [-32.5041702391261, 33.10792780282767], [-32.51446488493481, 33.10951701640676], [-32.52472466363073, 33.11125563585407], [-32.534946449985874, 33.113143131569274], [-32.545127130345094, 33.115178928602894], [-32.55526360357453, 33.117362406831425], [-32.56535278200625, 33.11969290114625], [-32.57539159237876, 33.122169701656226], [-32.585376976773176, 33.124792053903924], [-32.595305893544676, 33.12755915909545], [-32.60517531824904, 33.13047017434374], [-32.614982244563876, 33.13352421292537], [-32.624723685204444, 33.1367203445506], [-32.63439667283355, 33.140057595646766], [-32.64399826096546, 33.143534949654864], [-32.65352552486342, 33.14715134733917], [-32.662975562430546, 33.15090568710992], [-32.67234549509386, 33.154796825358844], [-32.68163246868109, 33.158823576807556], [-32.690833654290124, 33.162984714868536], [-32.6999462491507, 33.167278972018835], [-32.70896747747813, 33.17170504018611], [-32.717894591318895, 33.17626157114714], [-32.726724871387624, 33.18094717693844], [-32.735455627895476, 33.1857604302791], [-32.74408420136944, 33.190699865005534], [-32.752607963462445, 33.19576397651806], [-32.76102431775399, 33.20095122223926], [-32.76933070054103, 33.20626002208384], [-32.7775245816189, 33.21168875893994], [-32.78560346505204, 33.21723577916172], [-32.7935648899343, 33.22289939307309], [-32.801406431138545, 33.22867787548238], [-32.80912570005535, 33.23456946620789], [-32.816720345320626, 33.24057237061398], [-32.824188053531856, 33.24668476015785], [-32.83152654995278, 33.25290477294641], [-32.8387335992063, 33.25923051430351], [-32.845807005955386, 33.26566005734707], [-32.85274461557184, 33.272191443575984], [-32.859544314792544, 33.27882268346674], [-32.866204032363264, 33.285551757079425], [-32.8727217396695, 33.29237661467303], [-32.87909545135448, 33.299295177329824], [-32.88532322592387, 33.3063053375886], [-32.89140316633722, 33.31340496008662], [-32.89733342058577, 33.32059188221012], [-32.90311218225663, 33.327863914752974], [-32.90873769108302, 33.335218842583636], [-32.91420823348045, 33.34265442531984], [-32.91952214306872, 33.350168398011064], [-32.924677801179485, 33.35775847182842], [-32.929673637349346, 33.3654223347619], [-32.9345081297982, 33.37315765232462], [-32.93917980589283, 33.38096206826391], [-32.94368724259542, 33.388833205279084], [-32.948029066897114, 33.39676866574554], [-32.95220395623615, 33.40476603244516], [-32.956210638900785, 33.412822869302566], [-32.96004789441669, 33.420936722127216], [-32.96371455391864, 33.429105119360926], [-32.96720950050665, 33.43732557283077], [-32.97053166958612, 33.445595578507], [-32.97368004919217, 33.453912617265765], [-32.97665368029787, 33.46227415565649], [-32.97945165710639, 33.47067764667358], [-32.98207312732687, 33.47912053053227], [-32.984517292434106, 33.48760023544834], [-32.986783407911716, 33.49611417842154], [-32.98887078347898, 33.50465976602236], [-32.990778783301074, 33.513234395182025], [-32.992506826182776, 33.52183545398543], [-32.99405438574548, 33.53046032246676], [-32.99542099058755, 33.539106373407506], [-32.996606224427914, 33.5477709731368], [-32.99760972623286, 33.556451482333635], [-32.99843119032602, 33.56514525683081], [-32.99907036648148, 33.573849648420406], [-32.999527059999984, 33.582562005660414], [-32.99980113176826, 33.591279674682426], [-32.99989249830139, 33.6], [-32.99989249830139, 33.6], [-32.99980113176826, 33.60872032531758], [-32.999527059999984, 33.61743799433959], [-32.99907036648148, 33.6261503515796], [-32.99843119032602, 33.63485474316919], [-32.99760972623286, 33.64354851766637], [-32.996606224427914, 33.6522290268632], [-32.99542099058755, 33.6608936265925], [-32.99405438574548, 33.669539677533244], [-32.992506826182776, 33.67816454601457], [-32.990778783301074, 33.68676560481798], [-32.98887078347898, 33.695340233977646], [-32.986783407911716, 33.70388582157846], [-32.984517292434106, 33.71239976455166], [-32.98207312732687, 33.72087946946773], [-32.97945165710639, 33.729322353326424], [-32.97665368029787, 33.737725844343515], [-32.97368004919217, 33.74608738273424], [-32.97053166958612, 33.754404421493], [-32.96720950050665, 33.76267442716923], [-32.96371455391864, 33.77089488063908], [-32.96004789441669, 33.77906327787279], [-32.956210638900785, 33.78717713069744], [-32.95220395623615, 33.79523396755484], [-32.948029066897114, 33.80323133425446], [-32.94368724259542, 33.81116679472092], [-32.93917980589283, 33.81903793173609], [-32.9345081297982, 33.82684234767538], [-32.929673637349346, 33.8345776652381], [-32.924677801179485, 33.842241528171584], [-32.91952214306872, 33.84983160198894], [-32.91420823348045, 33.85734557468016], [-32.90873769108302, 33.86478115741637], [-32.90311218225663, 33.87213608524703], [-32.89733342058577, 33.879408117789886], [-32.89140316633722, 33.88659503991338], [-32.88532322592387, 33.893694662411406], [-32.87909545135448, 33.90070482267018], [-32.8727217396695, 33.90762338532697], [-32.866204032363264, 33.91444824292058], [-32.859544314792544, 33.92117731653326], [-32.85274461557184, 33.92780855642402], [-32.845807005955386, 33.93433994265293], [-32.8387335992063, 33.94076948569649], [-32.83152654995278, 33.947095227053595], [-32.824188053531856, 33.953315239842155], [-32.816720345320626, 33.95942762938602], [-32.80912570005535, 33.965430533792116], [-32.801406431138545, 33.97132212451762], [-32.7935648899343, 33.97710060692691], [-32.78560346505204, 33.982764220838284], [-32.7775245816189, 33.98831124106006], [-32.76933070054103, 33.99373997791616], [-32.76102431775399, 33.99904877776074], [-32.752607963462445, 34.004236023481944], [-32.74408420136944, 34.00930013499447], [-32.735455627895476, 34.0142395697209], [-32.726724871387624, 34.019052823061564], [-32.717894591318895, 34.023738428852866], [-32.70896747747813, 34.02829495981389], [-32.6999462491507, 34.03272102798117], [-32.690833654290124, 34.03701528513147], [-32.68163246868109, 34.04117642319245], [-32.67234549509386, 34.04520317464116], [-32.662975562430546, 34.049094312890084], [-32.65352552486342, 34.052848652660835], [-32.64399826096546, 34.05646505034514], [-32.63439667283355, 34.05994240435324], [-32.624723685204444, 34.063279655449406], [-32.614982244563876, 34.06647578707463], [-32.60517531824904, 34.06952982565626], [-32.595305893544676, 34.072440840904555], [-32.585376976773176, 34.07520794609608], [-32.57539159237876, 34.07783029834378], [-32.56535278200625, 34.08030709885375], [-32.55526360357453, 34.08263759316858], [-32.545127130345094, 34.08482107139711], [-32.534946449985874, 34.08685686843073], [-32.524724663630735, 34.08874436414593], [-32.51446488493481, 34.09048298359324], [-32.5041702391261, 34.092072197172335], [-32.493843862053424, 34.09351152079336], [-32.48348889923128, 34.0948005160244], [-32.473108504881665, 34.09593879022502], [-32.462705840973236, 34.09692599666587], [-32.4522840762582, 34.0977618346343], [-32.44184638530706, 34.098446049525975], [-32.431395947541574, 34.098978432922415], [-32.420935946266326, 34.099358822654466], [-32.41046956769903, 34.09958710285174], [-32.4, 34.09966320397788], [-32.4, 34.09966320397788]]]}}, {"type": "Feature", "id": "TC10013233WindRadii_50_2609211200", "properties": {"description": "Tropical Cyclone SIX-26", "name": "Tropical Cyclone SIX-26", "htmldescription": "Green Tropical Cylone SIX-26 in off-shore from: 19 Sep 2026 15:00:00 to:20 Sep 2026 03:00:00.", "link": "https://www.gdacs.org/report.aspx?eventtype=TC&eventid=1001323&episodeid=3", "featureIndex": "878", "iconeventlink": "https://www.gdacs.org/images/gdacs_icons/maps/Green/TC.png", "iconitemlink": "https://www.gdacs.org/images/gdacs_icons/maps/Green/TC.png", "alertlevel": "Green", "eventtype": "TC", "eventname": "SIX-26", "polygonlabel": "21/09 12:00", "polygontype": "WindRadii_50_2609211200", "fromdate": "19 Sep 2026 15:00:00", "todate": "20 Sep 2026 03:00:00", "country": "", "countrylist": "", "iso3": "", "severity": "83.3328", "latitude": "33.3", "longitude": "-33.2", "imageoverview": "https://www.gdacs.org/contentdata/resources/imgtemp/gdacs/tc/1001323/clouds_1001323_3.png", "Class": "Poly_WindRadii_50_2609211200"}, "geometry": {"type": "Polygon", "coordinates": [[[-32.4, 33.6], [-32.4, 33.6], [-32.4, 33.6], [-32.4, 33.6], [-32.4, 33.6], [-32.4, 33.6], [-32.4, 33.6], [-32.4, 33.6], [-32.4, 33.6], [-32.4, 33.6], [-32.4, 33.6], [-32.4, 33.6], [-32.4, 33.6], [-32.4, 33.6], [-32.4, 33.6], [-32.4, 33.6], [-32.4, 33.6], [-32.4, 33.6], [-32.4, 33.6], [-32.4, 33.6], [-32.4, 33.6], [-32.4, 33.6], [-32.4, 33.6], [-32.4, 33.6], [-32.4, 33.6], [-32.4, 33.6], [-32.4, 33.6], [-32.4, 33.6], [-32.4, 33.6], [-32.4, 33.6], [-32.4, 33.6], [-32.4, 33.6], [-32.4, 33.6], [-32.4, 33.6], [-32.4, 33.6], [-32.4, 33.6], [-32.4, 33.6], [-32.4, 33.6], [-32.4, 33.6], [-32.4, 33.6], [-32.4, 33.6], [-32.4, 33.6], [-32.4, 33.6], [-32.4, 33.6], [-32.4, 33.6], [-32.4, 33.6], [-32.4, 33.6], [-32.4, 33.6], [-32.4, 33.6], [-32.4, 33.6], [-32.4, 33.6], [-32.4, 33.6], [-32.4, 33.6], [-32.4, 33.6], [-32.4, 33.6], [-32.4, 33.6], [-32.4, 33.6], [-32.4, 33.6], [-32.4, 33.6], [-32.4, 33.6], [-32.4, 33.6], [-32.4, 33.6], [-32.4, 33.6], [-32.4, 33.6], [-32.4, 33.6], [-32.4, 33.6], [-32.4, 33.6], [-32.4, 33.6], [-32.4, 33.6], [-32.4, 33.6], [-32.4, 33.6], [-32.4, 33.6], [-32.4, 33.6], [-32.4, 33.6], [-32.4, 33.6], [-32.4, 33.6], [-32.4, 33.6], [-32.4, 33.6], [-32.4, 33.6], [-32.4, 33.6], [-32.4, 33.6], [-32.4, 33.6], [-32.4, 33.6], [-32.4, 33.6], [-32.4, 33.6], [-32.4, 33.6], [-32.4, 33.6], [-32.4, 33.6], [-32.4, 33.6], [-32.4, 33.6], [-32.4, 33.6], [-32.4, 33.6], [-32.4, 33.6], [-32.4, 33.6], [-32.4, 33.6], [-32.4, 33.6], [-32.4, 33.6], [-32.4, 33.6], [-32.4, 33.6], [-32.4, 33.6], [-32.4, 33.6], [-32.4, 33.6], [-32.4, 33.6], [-32.4, 33.6], [-32.4, 33.6], [-32.4, 33.6], [-32.4, 33.6], [-32.4, 33.6], [-32.4, 33.6], [-32.4, 33.6], [-32.4, 33.6], [-32.4, 33.6], [-32.4, 33.6], [-32.4, 33.6], [-32.4, 33.6], [-32.4, 33.6], [-32.4, 33.6], [-32.4, 33.6], [-32.4, 33.6], [-32.4, 33.6], [-32.4, 33.6], [-32.4, 33.6], [-32.4, 33.6], [-32.4, 33.6], [-32.4, 33.6], [-32.4, 33.6], [-32.4, 33.6], [-32.4, 33.6], [-32.4, 33.6], [-32.4, 33.6], [-32.4, 33.6], [-32.4, 33.6], [-32.4, 33.6], [-32.4, 33.6], [-32.4, 33.6], [-32.4, 33.6], [-32.4, 33.6], [-32.4, 33.6], [-32.4, 33.6], [-32.4, 33.6], [-32.4, 33.6], [-32.4, 33.6], [-32.4, 33.6], [-32.4, 33.6], [-32.4, 33.6], [-32.4, 33.6], [-32.4, 33.6], [-32.4, 33.6], [-32.4, 33.6], [-32.4, 33.6], [-32.4, 33.6], [-32.4, 33.6], [-32.4, 33.6], [-32.4, 33.6], [-32.4, 33.6], [-32.4, 33.6], [-32.4, 33.6], [-32.4, 33.6], [-32.4, 33.6], [-32.4, 33.6], [-32.4, 33.6], [-32.4, 33.6], [-32.4, 33.6], [-32.4, 33.6], [-32.4, 33.6], [-32.4, 33.6], [-32.4, 33.6], [-32.4, 33.6], [-32.4, 33.6], [-32.4, 33.6], [-32.4, 33.6], [-32.4, 33.6], [-32.4, 33.6], [-32.4, 33.6], [-32.4, 33.6], [-32.4, 33.6], [-32.4, 33.6], [-32.4, 33.6], [-32.4, 33.6], [-32.4, 33.6], [-32.4, 33.6], [-32.4, 33.6], [-32.4, 33.6], [-32.4, 33.6], [-32.4, 33.6], [-32.4, 33.6], [-32.4, 33.6], [-32.4, 33.6], [-32.4, 33.6], [-32.4, 33.6], [-32.4, 33.6], [-32.4, 33.6], [-32.4, 33.6], [-32.4, 33.6], [-32.4, 33.6], [-32.4, 33.6], [-32.4, 33.6], [-32.4, 33.6], [-32.4, 33.6], [-32.4, 33.6], [-32.4, 33.6], [-32.4, 33.6], [-32.4, 33.6], [-32.4, 33.6], [-32.4, 33.6], [-32.4, 33.6], [-32.4, 33.6], [-32.4, 33.6], [-32.4, 33.6], [-32.4, 33.6], [-32.4, 33.6], [-32.4, 33.6], [-32.4, 33.6], [-32.4, 33.6], [-32.4, 33.6], [-32.4, 33.6], [-32.4, 33.6], [-32.4, 33.6], [-32.4, 33.6], [-32.4, 33.6], [-32.4, 33.6], [-32.4, 33.6], [-32.4, 33.6], [-32.4, 33.6], [-32.4, 33.6], [-32.4, 33.6], [-32.4, 33.6], [-32.4, 33.6], [-32.4, 33.6], [-32.4, 33.6], [-32.4, 33.6], [-32.4, 33.6], [-32.4, 33.6], [-32.4, 33.6], [-32.4, 33.6], [-32.4, 33.6], [-32.4, 33.6], [-32.4, 33.6], [-32.4, 33.6], [-32.4, 33.6], [-32.4, 33.6], [-32.4, 33.6], [-32.4, 33.6], [-32.4, 33.6], [-32.4, 33.6], [-32.4, 33.6], [-32.4, 33.6], [-32.4, 33.6], [-32.4, 33.6], [-32.4, 33.6], [-32.4, 33.6], [-32.4, 33.6], [-32.4, 33.6], [-32.4, 33.6], [-32.4, 33.6], [-32.4, 33.6], [-32.4, 33.6], [-32.4, 33.6], [-32.4, 33.6], [-32.4, 33.6], [-32.4, 33.6], [-32.4, 33.6], [-32.4, 33.6], [-32.4, 33.6], [-32.4, 33.6], [-32.4, 33.6], [-32.4, 33.6], [-32.4, 33.6], [-32.4, 33.6], [-32.4, 33.6], [-32.4, 33.6], [-32.4, 33.6], [-32.4, 33.6], [-32.4, 33.6], [-32.4, 33.6], [-32.4, 33.6], [-32.4, 33.6], [-32.4, 33.6], [-32.4, 33.6], [-32.4, 33.6], [-32.4, 33.6], [-32.4, 33.6], [-32.4, 33.6], [-32.4, 33.6], [-32.4, 33.6], [-32.4, 33.6], [-32.4, 33.6], [-32.4, 33.6], [-32.4, 33.6], [-32.4, 33.6], [-32.4, 33.6], [-32.4, 33.6], [-32.4, 33.6], [-32.4, 33.6], [-32.4, 33.6], [-32.4, 33.6], [-32.4, 33.6], [-32.4, 33.6], [-32.4, 33.6], [-32.4, 33.6], [-32.4, 33.6], [-32.4, 33.6], [-32.4, 33.6], [-32.4, 33.6], [-32.4, 33.6], [-32.4, 33.6], [-32.4, 33.6], [-32.4, 33.6], [-32.4, 33.6], [-32.4, 33.6], [-32.4, 33.6], [-32.4, 33.6], [-32.4, 33.6], [-32.4, 33.6], [-32.4, 33.6], [-32.4, 33.6], [-32.4, 33.6], [-32.4, 33.6], [-32.4, 33.6], [-32.4, 33.6], [-32.4, 33.6], [-32.4, 33.6], [-32.4, 33.6], [-32.4, 33.6], [-32.4, 33.6], [-32.4, 33.6], [-32.4, 33.6], [-32.4, 33.6], [-32.4, 33.6], [-32.4, 33.6], [-32.4, 33.6], [-32.4, 33.6], [-32.4, 33.6], [-32.4, 33.6], [-32.4, 33.6], [-32.4, 33.6], [-32.4, 33.6], [-32.4, 33.6], [-32.4, 33.6], [-32.4, 33.6], [-32.4, 33.6], [-32.4, 33.6], [-32.4, 33.6], [-32.4, 33.6], [-32.4, 33.6], [-32.4, 33.6], [-32.4, 33.6], [-32.4, 33.6], [-32.4, 33.6], [-32.4, 33.6], [-32.4, 33.6], [-32.4, 33.6], [-32.4, 33.6], [-32.4, 33.6], [-32.4, 33.6], [-32.4, 33.6], [-32.4, 33.6], [-32.4, 33.6], [-32.4, 33.6], [-32.4, 33.6], [-32.4, 33.6], [-32.4, 33.6], [-32.4, 33.6], [-32.4, 33.6], [-32.4, 33.6]]]}}, {"type": "Feature", "id": "TC10013233WindRadii_64_2609211200", "properties": {"description": "Tropical Cyclone SIX-26", "name": "Tropical Cyclone SIX-26", "htmldescription": "Green Tropical Cylone SIX-26 in off-shore from: 19 Sep 2026 15:00:00 to:20 Sep 2026 03:00:00.", "link": "https://www.gdacs.org/report.aspx?eventtype=TC&eventid=1001323&episodeid=3", "featureIndex": "879", "iconeventlink": "https://www.gdacs.org/images/gdacs_icons/maps/Green/TC.png", "iconitemlink": "https://www.gdacs.org/images/gdacs_icons/maps/Green/TC.png", "alertlevel": "Green", "eventtype": "TC", "eventname": "SIX-26", "polygonlabel": "21/09 12:00", "polygontype": "WindRadii_64_2609211200", "fromdate": "19 Sep 2026 15:00:00", "todate": "20 Sep 2026 03:00:00", "country": "", "countrylist": "", "iso3": "", "severity": "83.3328", "latitude": "33.3", "longitude": "-33.2", "imageoverview": "https://www.gdacs.org/contentdata/resources/imgtemp/gdacs/tc/1001323/clouds_1001323_3.png", "Class": "Poly_WindRadii_64_2609211200"}, "geometry": {"type": "Polygon", "coordinates": [[[-32.4, 33.6], [-32.4, 33.6], [-32.4, 33.6], [-32.4, 33.6], [-32.4, 33.6], [-32.4, 33.6], [-32.4, 33.6], [-32.4, 33.6], [-32.4, 33.6], [-32.4, 33.6], [-32.4, 33.6], [-32.4, 33.6], [-32.4, 33.6], [-32.4, 33.6], [-32.4, 33.6], [-32.4, 33.6], [-32.4, 33.6], [-32.4, 33.6], [-32.4, 33.6], [-32.4, 33.6], [-32.4, 33.6], [-32.4, 33.6], [-32.4, 33.6], [-32.4, 33.6], [-32.4, 33.6], [-32.4, 33.6], [-32.4, 33.6], [-32.4, 33.6], [-32.4, 33.6], [-32.4, 33.6], [-32.4, 33.6], [-32.4, 33.6], [-32.4, 33.6], [-32.4, 33.6], [-32.4, 33.6], [-32.4, 33.6], [-32.4, 33.6], [-32.4, 33.6], [-32.4, 33.6], [-32.4, 33.6], [-32.4, 33.6], [-32.4, 33.6], [-32.4, 33.6], [-32.4, 33.6], [-32.4, 33.6], [-32.4, 33.6], [-32.4, 33.6], [-32.4, 33.6], [-32.4, 33.6], [-32.4, 33.6], [-32.4, 33.6], [-32.4, 33.6], [-32.4, 33.6], [-32.4, 33.6], [-32.4, 33.6], [-32.4, 33.6], [-32.4, 33.6], [-32.4, 33.6], [-32.4, 33.6], [-32.4, 33.6], [-32.4, 33.6], [-32.4, 33.6], [-32.4, 33.6], [-32.4, 33.6], [-32.4, 33.6], [-32.4, 33.6], [-32.4, 33.6], [-32.4, 33.6], [-32.4, 33.6], [-32.4, 33.6], [-32.4, 33.6], [-32.4, 33.6], [-32.4, 33.6], [-32.4, 33.6], [-32.4, 33.6], [-32.4, 33.6], [-32.4, 33.6], [-32.4, 33.6], [-32.4, 33.6], [-32.4, 33.6], [-32.4, 33.6], [-32.4, 33.6], [-32.4, 33.6], [-32.4, 33.6], [-32.4, 33.6], [-32.4, 33.6], [-32.4, 33.6], [-32.4, 33.6], [-32.4, 33.6], [-32.4, 33.6], [-32.4, 33.6], [-32.4, 33.6], [-32.4, 33.6], [-32.4, 33.6], [-32.4, 33.6], [-32.4, 33.6], [-32.4, 33.6], [-32.4, 33.6], [-32.4, 33.6], [-32.4, 33.6], [-32.4, 33.6], [-32.4, 33.6], [-32.4, 33.6], [-32.4, 33.6], [-32.4, 33.6], [-32.4, 33.6], [-32.4, 33.6], [-32.4, 33.6], [-32.4, 33.6], [-32.4, 33.6], [-32.4, 33.6], [-32.4, 33.6], [-32.4, 33.6], [-32.4, 33.6], [-32.4, 33.6], [-32.4, 33.6], [-32.4, 33.6], [-32.4, 33.6], [-32.4, 33.6], [-32.4, 33.6], [-32.4, 33.6], [-32.4, 33.6], [-32.4, 33.6], [-32.4, 33.6], [-32.4, 33.6], [-32.4, 33.6], [-32.4, 33.6], [-32.4, 33.6], [-32.4, 33.6], [-32.4, 33.6], [-32.4, 33.6], [-32.4, 33.6], [-32.4, 33.6], [-32.4, 33.6], [-32.4, 33.6], [-32.4, 33.6], [-32.4, 33.6], [-32.4, 33.6], [-32.4, 33.6], [-32.4, 33.6], [-32.4, 33.6], [-32.4, 33.6], [-32.4, 33.6], [-32.4, 33.6], [-32.4, 33.6], [-32.4, 33.6], [-32.4, 33.6], [-32.4, 33.6], [-32.4, 33.6], [-32.4, 33.6], [-32.4, 33.6], [-32.4, 33.6], [-32.4, 33.6], [-32.4, 33.6], [-32.4, 33.6], [-32.4, 33.6], [-32.4, 33.6], [-32.4, 33.6], [-32.4, 33.6], [-32.4, 33.6], [-32.4, 33.6], [-32.4, 33.6], [-32.4, 33.6], [-32.4, 33.6], [-32.4, 33.6], [-32.4, 33.6], [-32.4, 33.6], [-32.4, 33.6], [-32.4, 33.6], [-32.4, 33.6], [-32.4, 33.6], [-32.4, 33.6], [-32.4, 33.6], [-32.4, 33.6], [-32.4, 33.6], [-32.4, 33.6], [-32.4, 33.6], [-32.4, 33.6], [-32.4, 33.6], [-32.4, 33.6], [-32.4, 33.6], [-32.4, 33.6], [-32.4, 33.6], [-32.4, 33.6], [-32.4, 33.6], [-32.4, 33.6], [-32.4, 33.6], [-32.4, 33.6], [-32.4, 33.6], [-32.4, 33.6], [-32.4, 33.6], [-32.4, 33.6], [-32.4, 33.6], [-32.4, 33.6], [-32.4, 33.6], [-32.4, 33.6], [-32.4, 33.6], [-32.4, 33.6], [-32.4, 33.6], [-32.4, 33.6], [-32.4, 33.6], [-32.4, 33.6], [-32.4, 33.6], [-32.4, 33.6], [-32.4, 33.6], [-32.4, 33.6], [-32.4, 33.6], [-32.4, 33.6], [-32.4, 33.6], [-32.4, 33.6], [-32.4, 33.6], [-32.4, 33.6], [-32.4, 33.6], [-32.4, 33.6], [-32.4, 33.6], [-32.4, 33.6], [-32.4, 33.6], [-32.4, 33.6], [-32.4, 33.6], [-32.4, 33.6], [-32.4, 33.6], [-32.4, 33.6], [-32.4, 33.6], [-32.4, 33.6], [-32.4, 33.6], [-32.4, 33.6], [-32.4, 33.6], [-32.4, 33.6], [-32.4, 33.6], [-32.4, 33.6], [-32.4, 33.6], [-32.4, 33.6], [-32.4, 33.6], [-32.4, 33.6], [-32.4, 33.6], [-32.4, 33.6], [-32.4, 33.6], [-32.4, 33.6], [-32.4, 33.6], [-32.4, 33.6], [-32.4, 33.6], [-32.4, 33.6], [-32.4, 33.6], [-32.4, 33.6], [-32.4, 33.6], [-32.4, 33.6], [-32.4, 33.6], [-32.4, 33.6], [-32.4, 33.6], [-32.4, 33.6], [-32.4, 33.6], [-32.4, 33.6], [-32.4, 33.6], [-32.4, 33.6], [-32.4, 33.6], [-32.4, 33.6], [-32.4, 33.6], [-32.4, 33.6], [-32.4, 33.6], [-32.4, 33.6], [-32.4, 33.6], [-32.4, 33.6], [-32.4, 33.6], [-32.4, 33.6], [-32.4, 33.6], [-32.4, 33.6], [-32.4, 33.6], [-32.4, 33.6], [-32.4, 33.6], [-32.4, 33.6], [-32.4, 33.6], [-32.4, 33.6], [-32.4, 33.6], [-32.4, 33.6], [-32.4, 33.6], [-32.4, 33.6], [-32.4, 33.6], [-32.4, 33.6], [-32.4, 33.6], [-32.4, 33.6], [-32.4, 33.6], [-32.4, 33.6], [-32.4, 33.6], [-32.4, 33.6], [-32.4, 33.6], [-32.4, 33.6], [-32.4, 33.6], [-32.4, 33.6], [-32.4, 33.6], [-32.4, 33.6], [-32.4, 33.6], [-32.4, 33.6], [-32.4, 33.6], [-32.4, 33.6], [-32.4, 33.6], [-32.4, 33.6], [-32.4, 33.6], [-32.4, 33.6], [-32.4, 33.6], [-32.4, 33.6], [-32.4, 33.6], [-32.4, 33.6], [-32.4, 33.6], [-32.4, 33.6], [-32.4, 33.6], [-32.4, 33.6], [-32.4, 33.6], [-32.4, 33.6], [-32.4, 33.6], [-32.4, 33.6], [-32.4, 33.6], [-32.4, 33.6], [-32.4, 33.6], [-32.4, 33.6], [-32.4, 33.6], [-32.4, 33.6], [-32.4, 33.6], [-32.4, 33.6], [-32.4, 33.6], [-32.4, 33.6], [-32.4, 33.6], [-32.4, 33.6], [-32.4, 33.6], [-32.4, 33.6], [-32.4, 33.6], [-32.4, 33.6], [-32.4, 33.6], [-32.4, 33.6], [-32.4, 33.6], [-32.4, 33.6], [-32.4, 33.6], [-32.4, 33.6], [-32.4, 33.6], [-32.4, 33.6], [-32.4, 33.6], [-32.4, 33.6], [-32.4, 33.6], [-32.4, 33.6], [-32.4, 33.6], [-32.4, 33.6], [-32.4, 33.6], [-32.4, 33.6], [-32.4, 33.6], [-32.4, 33.6], [-32.4, 33.6], [-32.4, 33.6], [-32.4, 33.6], [-32.4, 33.6], [-32.4, 33.6], [-32.4, 33.6], [-32.4, 33.6], [-32.4, 33.6], [-32.4, 33.6], [-32.4, 33.6], [-32.4, 33.6], [-32.4, 33.6], [-32.4, 33.6], [-32.4, 33.6], [-32.4, 33.6], [-32.4, 33.6], [-32.4, 33.6], [-32.4, 33.6], [-32.4, 33.6], [-32.4, 33.6], [-32.4, 33.6]]]}}, {"type": "Feature", "id": "TC10013233Polygon_Point_5", "properties": {"description": "Tropical Cyclone SIX-26", "name": "Tropical Cyclone SIX-26", "htmldescription": "Green Tropical Cylone SIX-26 in off-shore from: 19 Sep 2026 15:00:00 to:20 Sep 2026 03:00:00.", "link": "https://www.gdacs.org/report.aspx?eventtype=TC&eventid=1001323&episodeid=3", "featureIndex": "880", "iconeventlink": "https://www.gdacs.org/images/gdacs_icons/maps/Green/TC.png", "iconitemlink": "https://www.gdacs.org/images/gdacs_icons/maps/Green/TC.png", "alertlevel": "Green", "eventtype": "TC", "eventname": "SIX-26", "polygonlabel": "21/09 12:00 UTC", "polygontype": "Polygon_Point_5", "fromdate": "19 Sep 2026 15:00:00", "todate": "20 Sep 2026 03:00:00", "country": "", "countrylist": "", "iso3": "", "severity": "83.3328", "latitude": "33.3", "longitude": "-33.2", "imageoverview": "https://www.gdacs.org/contentdata/resources/imgtemp/gdacs/tc/1001323/clouds_1001323_3.png", "Class": "Poly_Polygon_Point_5"}, "geometry": {"type": "Polygon", "coordinates": [[[-32.4, 33.57], [-32.39852796977018, 33.570036136313846], [-32.39705948579011, 33.570144458199835], [-32.39559808576634, 33.57032470470106], [-32.39414729033952, 33.5705764415879], [-32.3927105946029, 33.570899062404166], [-32.391291459682364, 33.57129178992803], [-32.38989330439823, 33.57175367804451], [-32.388519497029044, 33.57228361402466], [-32.38717334719709, 33.5728803212063], [-32.385858097895216, 33.57354236206955], [-32.3845769176742, 33.574268141699996], [-32.38333289300941, 33.575055911630926], [-32.38212902086522, 33.57590377405558], [-32.38096820147509, 33.576809686399116], [-32.37985323135459, 33.577771466239355], [-32.3787867965644, 33.5787867965644], [-32.37777146623935, 33.57985323135459], [-32.37680968639911, 33.580968201475095], [-32.37590377405558, 33.582129020865224], [-32.37505591163092, 33.58333289300941], [-32.37426814169999, 33.584576917674205], [-32.37354236206955, 33.58585809789522], [-32.372880321206296, 33.587173347197094], [-32.37228361402466, 33.58851949702905], [-32.371753678044506, 33.58989330439823], [-32.37129178992803, 33.59129145968237], [-32.37089906240416, 33.592710594602906], [-32.3705764415879, 33.59414729033952], [-32.370324704701055, 33.59559808576634], [-32.37014445819983, 33.59705948579011], [-32.37003613631384, 33.59852796977018], [-32.37, 33.6], [-32.37003613631384, 33.60147203022982], [-32.37014445819983, 33.60294051420989], [-32.370324704701055, 33.60440191423366], [-32.3705764415879, 33.60585270966048], [-32.37089906240416, 33.6072894053971], [-32.37129178992803, 33.608708540317636], [-32.371753678044506, 33.61010669560177], [-32.37228361402466, 33.611480502970956], [-32.372880321206296, 33.61282665280291], [-32.37354236206955, 33.614141902104784], [-32.37426814169999, 33.6154230823258], [-32.37505591163092, 33.61666710699059], [-32.37590377405558, 33.61787097913478], [-32.37680968639911, 33.61903179852491], [-32.37777146623935, 33.62014676864541], [-32.3787867965644, 33.6212132034356], [-32.37985323135459, 33.62222853376065], [-32.38096820147509, 33.62319031360089], [-32.38212902086522, 33.62409622594442], [-32.38333289300941, 33.62494408836908], [-32.3845769176742, 33.62573185830001], [-32.385858097895216, 33.62645763793045], [-32.38717334719709, 33.627119678793704], [-32.388519497029044, 33.62771638597534], [-32.38989330439823, 33.628246321955494], [-32.391291459682364, 33.62870821007197], [-32.3927105946029, 33.62910093759584], [-32.39414729033952, 33.6294235584121], [-32.39559808576634, 33.629675295298945], [-32.39705948579011, 33.62985554180017], [-32.39852796977018, 33.62996386368616], [-32.4, 33.63], [-32.40147203022982, 33.62996386368616], [-32.40294051420989, 33.62985554180017], [-32.40440191423366, 33.629675295298945], [-32.40585270966048, 33.6294235584121], [-32.407289405397094, 33.62910093759584], [-32.40870854031763, 33.62870821007197], [-32.41010669560177, 33.628246321955494], [-32.41148050297095, 33.62771638597534], [-32.412826652802906, 33.627119678793704], [-32.41414190210478, 33.62645763793045], [-32.415423082325795, 33.62573185830001], [-32.41666710699059, 33.62494408836908], [-32.417870979134776, 33.62409622594442], [-32.419031798524905, 33.62319031360089], [-32.42014676864541, 33.62222853376065], [-32.4212132034356, 33.6212132034356], [-32.422228533760645, 33.62014676864541], [-32.423190313600884, 33.61903179852491], [-32.42409622594442, 33.61787097913478], [-32.424944088369074, 33.61666710699059], [-32.425731858300004, 33.6154230823258], [-32.42645763793045, 33.614141902104784], [-32.4271196787937, 33.61282665280291], [-32.42771638597534, 33.611480502970956], [-32.42824632195549, 33.61010669560177], [-32.42870821007197, 33.608708540317636], [-32.429100937595834, 33.6072894053971], [-32.4294235584121, 33.60585270966048], [-32.42967529529894, 33.60440191423366], [-32.429855541800165, 33.60294051420989], [-32.429963863686154, 33.60147203022982], [-32.43, 33.6], [-32.429963863686154, 33.59852796977018], [-32.429855541800165, 33.59705948579011], [-32.42967529529894, 33.59559808576634], [-32.4294235584121, 33.59414729033952], [-32.429100937595834, 33.592710594602906], [-32.42870821007197, 33.59129145968237], [-32.42824632195549, 33.58989330439823], [-32.42771638597534, 33.58851949702905], [-32.4271196787937, 33.587173347197094], [-32.42645763793045, 33.58585809789522], [-32.425731858300004, 33.584576917674205], [-32.424944088369074, 33.58333289300941], [-32.42409622594442, 33.582129020865224], [-32.423190313600884, 33.580968201475095], [-32.422228533760645, 33.57985323135459], [-32.4212132034356, 33.5787867965644], [-32.42014676864541, 33.577771466239355], [-32.419031798524905, 33.576809686399116], [-32.417870979134776, 33.57590377405558], [-32.41666710699059, 33.575055911630926], [-32.415423082325795, 33.574268141699996], [-32.41414190210478, 33.57354236206955], [-32.412826652802906, 33.5728803212063], [-32.41148050297095, 33.57228361402466], [-32.41010669560177, 33.57175367804451], [-32.40870854031763, 33.57129178992803], [-32.407289405397094, 33.570899062404166], [-32.40585270966048, 33.5705764415879], [-32.40440191423366, 33.57032470470106], [-32.40294051420989, 33.570144458199835], [-32.40147203022982, 33.570036136313846], [-32.4, 33.57]]]}}, {"type": "Feature", "id": "TC10013233WindRadii_34_2609220000", "properties": {"description": "Tropical Cyclone SIX-26", "name": "Tropical Cyclone SIX-26", "htmldescription": "Green Tropical Cylone SIX-26 in off-shore from: 19 Sep 2026 15:00:00 to:20 Sep 2026 03:00:00.", "link": "https://www.gdacs.org/report.aspx?eventtype=TC&eventid=1001323&episodeid=3", "featureIndex": "881", "iconeventlink": "https://www.gdacs.org/images/gdacs_icons/maps/Green/TC.png", "iconitemlink": "https://www.gdacs.org/images/gdacs_icons/maps/Green/TC.png", "alertlevel": "Green", "eventtype": "TC", "eventname": "SIX-26", "polygonlabel": "22/09 00:00", "polygontype": "WindRadii_34_2609220000", "fromdate": "19 Sep 2026 15:00:00", "todate": "20 Sep 2026 03:00:00", "country": "", "countrylist": "", "iso3": "", "severity": "83.3328", "latitude": "33.3", "longitude": "-33.2", "imageoverview": "https://www.gdacs.org/contentdata/resources/imgtemp/gdacs/tc/1001323/clouds_1001323_3.png", "Class": "Poly_WindRadii_34_2609220000"}, "geometry": {"type": "Polygon", "coordinates": [[[-32.9, 33.199663203977885], [-32.889637298172914, 33.199587102851744], [-32.87927775292519, 33.19935882265447], [-32.86892451987467, 33.19897843292242], [-32.85858075271642, 33.19844604952598], [-32.848249602262136, 33.1977618346343], [-32.837934215480324, 33.19692599666587], [-32.82763773453772, 33.19593879022502], [-32.81736329584216, 33.1948005160244], [-32.80711402908721, 33.193511520793365], [-32.796893056298806, 33.19207219717234], [-32.78670349088428, 33.19048298359324], [-32.776548436683946, 33.18874436414593], [-32.76643098702571, 33.18685686843073], [-32.75635422378273, 33.18482107139711], [-32.74632121643472, 33.18263759316858], [-32.7363350211329, 33.18030709885375], [-32.726398679769105, 33.17783029834378], [-32.716515219049164, 33.17520794609608], [-32.70668764957096, 33.17244084090456], [-32.69691896490735, 33.16952982565626], [-32.68721214069432, 33.16647578707463], [-32.67757013372456, 33.16327965544941], [-32.66799588104679, 33.15994240435324], [-32.658492299071135, 33.15646505034514], [-32.64906228268072, 33.152848652660836], [-32.63970870434988, 33.149094312890085], [-32.6304344132692, 33.14520317464116], [-32.62124223447758, 33.14117642319245], [-32.61213496800172, 33.13701528513147], [-32.60311538800322, 33.13272102798118], [-32.59418624193352, 33.12829495981389], [-32.58535024969701, 33.12373842885287], [-32.57661010282252, 33.119052823061566], [-32.56796846364347, 33.1142395697209], [-32.559427964486844, 33.10930013499447], [-32.55099120687144, 33.104236023481945], [-32.542660760715336, 33.09904877776074], [-32.53443916355315, 33.09373997791616], [-32.52632891976301, 33.08831124106006], [-32.51833249980375, 33.082764220838285], [-32.51045233946233, 33.07710060692691], [-32.502690839111956, 33.07132212451762], [-32.495050362980805, 33.06543053379212], [-32.48753323843193, 33.05942762938602], [-32.48014175525427, 33.053315239842156], [-32.47287816496523, 33.047095227053596], [-32.465744680124764, 33.040769485696494], [-32.45874347366146, 33.034339942652934], [-32.45187667821062, 33.02780855642402], [-32.44514638546466, 33.02117731653326], [-32.43855464553596, 33.01444824292058], [-32.43210346633235, 33.00762338532697], [-32.42579481294551, 33.00070482267018], [-32.41963060705238, 32.99369466241141], [-32.41361272632978, 32.98659503991338], [-32.40774300388249, 32.97940811778989], [-32.4020232276848, 32.97213608524703], [-32.39645514003598, 32.96478115741637], [-32.391040437029446, 32.95734557468016], [-32.3857807680362, 32.94983160198894], [-32.38067773520236, 32.942241528171586], [-32.37573289296117, 32.9345776652381], [-32.37094774755947, 32.92684234767538], [-32.36632375659891, 32.91903793173609], [-32.361862328591926, 32.91116679472092], [-32.35756482253271, 32.903231334254464], [-32.35343254748324, 32.895233967554844], [-32.349466762174515, 32.88717713069744], [-32.34566867462318, 32.87906327787279], [-32.342039441763475, 32.87089488063908], [-32.3385801690949, 32.86267442716923], [-32.335291910345404, 32.854404421493], [-32.33217566715047, 32.84608738273424], [-32.32923238874797, 32.83772584434352], [-32.326462971689, 32.829322353326425], [-32.32386825956483, 32.820879469467734], [-32.32144904274991, 32.812399764551664], [-32.31920605816112, 32.80388582157846], [-32.31713998903329, 32.79534023397765], [-32.315251464711096, 32.78676560481798], [-32.31354106045733, 32.77816454601457], [-32.31200929727771, 32.769539677533245], [-32.31065664176214, 32.7608936265925], [-32.30948350594257, 32.752229026863205], [-32.30849024716756, 32.74354851766637], [-32.30767716799335, 32.734854743169194], [-32.30704451609172, 32.7261503515796], [-32.30659248417459, 32.71743799433959], [-32.306321209935234, 32.70872032531758], [-32.30623077600644, 32.7], [-32.30623077600644, 32.7], [-32.306321209935234, 32.69127967468243], [-32.30659248417459, 32.682562005660415], [-32.30704451609172, 32.67384964842041], [-32.30767716799335, 32.66514525683081], [-32.30849024716756, 32.65645148233364], [-32.30948350594257, 32.6477709731368], [-32.31065664176214, 32.63910637340751], [-32.31200929727771, 32.63046032246676], [-32.31354106045733, 32.62183545398543], [-32.315251464711096, 32.613234395182026], [-32.31713998903329, 32.60465976602236], [-32.31920605816112, 32.596114178421544], [-32.32144904274991, 32.58760023544834], [-32.32386825956483, 32.57912053053227], [-32.326462971689, 32.57067764667358], [-32.32923238874797, 32.56227415565649], [-32.33217566715047, 32.553912617265766], [-32.335291910345404, 32.545595578507005], [-32.3385801690949, 32.537325572830774], [-32.342039441763475, 32.52910511936093], [-32.34566867462318, 32.52093672212722], [-32.349466762174515, 32.51282286930257], [-32.35343254748324, 32.50476603244516], [-32.35756482253271, 32.49676866574554], [-32.361862328591926, 32.488833205279086], [-32.36632375659891, 32.48096206826391], [-32.37094774755947, 32.47315765232462], [-32.37573289296117, 32.465422334761904], [-32.38067773520236, 32.45775847182842], [-32.3857807680362, 32.450168398011066], [-32.391040437029446, 32.442654425319844], [-32.39645514003598, 32.43521884258364], [-32.4020232276848, 32.427863914752976], [-32.40774300388249, 32.42059188221012], [-32.41361272632978, 32.41340496008662], [-32.41963060705238, 32.4063053375886], [-32.42579481294551, 32.399295177329826], [-32.43210346633235, 32.39237661467303], [-32.43855464553596, 32.385551757079426], [-32.44514638546466, 32.378822683466744], [-32.45187667821062, 32.372191443575986], [-32.45874347366146, 32.36566005734707], [-32.465744680124764, 32.35923051430351], [-32.47287816496523, 32.35290477294641], [-32.48014175525427, 32.34668476015785], [-32.48753323843193, 32.340572370613984], [-32.495050362980805, 32.33456946620789], [-32.502690839111956, 32.328677875482384], [-32.51045233946233, 32.322899393073094], [-32.51833249980375, 32.31723577916172], [-32.52632891976301, 32.311688758939944], [-32.53443916355315, 32.30626002208385], [-32.542660760715336, 32.30095122223926], [-32.55099120687144, 32.29576397651806], [-32.559427964486844, 32.290699865005536], [-32.56796846364347, 32.285760430279105], [-32.57661010282252, 32.28094717693844], [-32.58535024969701, 32.27626157114714], [-32.59418624193352, 32.27170504018611], [-32.60311538800322, 32.26727897201883], [-32.61213496800172, 32.26298471486854], [-32.62124223447758, 32.25882357680756], [-32.6304344132692, 32.254796825358845], [-32.63970870434988, 32.25090568710992], [-32.64906228268072, 32.24715134733917], [-32.658492299071135, 32.243534949654865], [-32.66799588104679, 32.24005759564677], [-32.67757013372456, 32.2367203445506], [-32.68721214069432, 32.233524212925374], [-32.69691896490735, 32.23047017434374], [-32.70668764957096, 32.22755915909545], [-32.716515219049164, 32.224792053903926], [-32.726398679769105, 32.22216970165623], [-32.7363350211329, 32.21969290114625], [-32.74632121643472, 32.21736240683143], [-32.75635422378273, 32.215178928602896], [-32.76643098702571, 32.213143131569275], [-32.776548436683946, 32.21125563585407], [-32.78670349088428, 32.209517016406764], [-32.796893056298806, 32.20792780282767], [-32.80711402908721, 32.20648847920664], [-32.81736329584216, 32.205199483975605], [-32.82763773453772, 32.204061209774984], [-32.837934215480324, 32.20307400333414], [-32.848249602262136, 32.202238165365706], [-32.85858075271642, 32.20155395047403], [-32.86892451987467, 32.20102156707759], [-32.87927775292519, 32.20064117734554], [-32.889637298172914, 32.20041289714826], [-32.9, 32.20033679602212], [-32.9, 32.20033679602212], [-32.91036270182708, 32.20041289714826], [-32.920722247074806, 32.20064117734554], [-32.93107548012533, 32.20102156707759], [-32.94141924728358, 32.20155395047403], [-32.95175039773786, 32.202238165365706], [-32.96206578451967, 32.20307400333414], [-32.97236226546228, 32.204061209774984], [-32.982636704157834, 32.205199483975605], [-32.99288597091279, 32.20648847920664], [-33.00310694370119, 32.20792780282767], [-33.01329650911572, 32.209517016406764], [-33.02345156331605, 32.21125563585407], [-33.03356901297429, 32.213143131569275], [-33.04364577621727, 32.215178928602896], [-33.053678783565275, 32.21736240683143], [-33.063664978867095, 32.21969290114625], [-33.07360132023089, 32.22216970165623], [-33.08348478095083, 32.224792053903926], [-33.09331235042904, 32.22755915909545], [-33.10308103509265, 32.23047017434374], [-33.112787859305676, 32.233524212925374], [-33.12242986627544, 32.2367203445506], [-33.132004118953205, 32.24005759564677], [-33.14150770092886, 32.243534949654865], [-33.15093771731928, 32.24715134733917], [-33.16029129565012, 32.25090568710992], [-33.1695655867308, 32.254796825358845], [-33.17875776552242, 32.25882357680756], [-33.18786503199828, 32.26298471486854], [-33.19688461199678, 32.267278972018836], [-33.205813758066476, 32.27170504018611], [-33.21464975030299, 32.27626157114714], [-33.223389897177476, 32.28094717693844], [-33.23203153635653, 32.285760430279105], [-33.24057203551315, 32.290699865005536], [-33.24900879312856, 32.29576397651806], [-33.25733923928466, 32.30095122223926], [-33.265560836446845, 32.30626002208384], [-33.27367108023699, 32.311688758939944], [-33.28166750019625, 32.31723577916172], [-33.289547660537664, 32.322899393073094], [-33.29730916088804, 32.328677875482384], [-33.30494963701919, 32.33456946620789], [-33.31246676156807, 32.340572370613984], [-33.31985824474572, 32.34668476015785], [-33.32712183503477, 32.35290477294641], [-33.33425531987523, 32.35923051430351], [-33.34125652633854, 32.36566005734707], [-33.34812332178938, 32.372191443575986], [-33.35485361453534, 32.378822683466744], [-33.36144535446404, 32.385551757079426], [-33.36789653366765, 32.39237661467303], [-33.374205187054486, 32.399295177329826], [-33.380369392947614, 32.4063053375886], [-33.386387273670216, 32.41340496008662], [-33.39225699611751, 32.42059188221012], [-33.3979767723152, 32.427863914752976], [-33.403544859964015, 32.43521884258364], [-33.40895956297055, 32.442654425319844], [-33.4142192319638, 32.450168398011066], [-33.419322264797636, 32.45775847182842], [-33.42426710703883, 32.465422334761904], [-33.42905225244053, 32.47315765232462], [-33.43367624340109, 32.48096206826391], [-33.43813767140807, 32.488833205279086], [-33.44243517746729, 32.49676866574554], [-33.44656745251676, 32.50476603244516], [-33.45053323782548, 32.51282286930257], [-33.45433132537682, 32.52093672212722], [-33.45796055823652, 32.52910511936093], [-33.4614198309051, 32.537325572830774], [-33.46470808965459, 32.545595578507005], [-33.467824332849524, 32.553912617265766], [-33.47076761125203, 32.56227415565649], [-33.473537028311, 32.57067764667358], [-33.476131740435164, 32.57912053053227], [-33.478550957250086, 32.58760023544834], [-33.480793941838876, 32.596114178421544], [-33.482860010966704, 32.60465976602236], [-33.4847485352889, 32.613234395182026], [-33.486458939542665, 32.62183545398543], [-33.487990702722286, 32.63046032246676], [-33.48934335823786, 32.63910637340751], [-33.490516494057424, 32.6477709731368], [-33.491509752832435, 32.65645148233364], [-33.49232283200665, 32.66514525683081], [-33.492955483908275, 32.67384964842041], [-33.49340751582541, 32.682562005660415], [-33.49367879006476, 32.69127967468243], [-33.49376922399356, 32.7], [-33.49376922399356, 32.7], [-33.49367879006476, 32.70872032531758], [-33.49340751582541, 32.71743799433959], [-33.492955483908275, 32.7261503515796], [-33.49232283200665, 32.734854743169194], [-33.491509752832435, 32.74354851766637], [-33.490516494057424, 32.752229026863205], [-33.48934335823786, 32.7608936265925], [-33.487990702722286, 32.769539677533245], [-33.486458939542665, 32.77816454601457], [-33.4847485352889, 32.78676560481798], [-33.482860010966704, 32.79534023397765], [-33.480793941838876, 32.80388582157846], [-33.478550957250086, 32.812399764551664], [-33.476131740435164, 32.820879469467734], [-33.473537028311, 32.829322353326425], [-33.47076761125203, 32.83772584434352], [-33.467824332849524, 32.84608738273424], [-33.46470808965459, 32.854404421493], [-33.4614198309051, 32.86267442716923], [-33.45796055823652, 32.87089488063908], [-33.45433132537682, 32.87906327787279], [-33.45053323782548, 32.88717713069744], [-33.44656745251676, 32.895233967554844], [-33.44243517746729, 32.903231334254464], [-33.43813767140807, 32.91116679472092], [-33.43367624340109, 32.91903793173609], [-33.42905225244053, 32.92684234767538], [-33.42426710703883, 32.9345776652381], [-33.419322264797636, 32.942241528171586], [-33.4142192319638, 32.94983160198894], [-33.40895956297055, 32.95734557468016], [-33.403544859964015, 32.96478115741637], [-33.3979767723152, 32.97213608524703], [-33.39225699611751, 32.97940811778989], [-33.386387273670216, 32.98659503991338], [-33.380369392947614, 32.99369466241141], [-33.374205187054486, 33.00070482267018], [-33.36789653366765, 33.00762338532697], [-33.36144535446404, 33.01444824292058], [-33.35485361453534, 33.02117731653326], [-33.34812332178938, 33.02780855642402], [-33.34125652633854, 33.034339942652934], [-33.33425531987523, 33.040769485696494], [-33.32712183503477, 33.047095227053596], [-33.319858244745724, 33.053315239842156], [-33.31246676156807, 33.05942762938602], [-33.30494963701919, 33.06543053379212], [-33.29730916088804, 33.07132212451762], [-33.289547660537664, 33.07710060692691], [-33.28166750019625, 33.082764220838285], [-33.27367108023699, 33.08831124106006], [-33.265560836446845, 33.09373997791616], [-33.25733923928466, 33.09904877776074], [-33.24900879312856, 33.104236023481945], [-33.24057203551315, 33.10930013499447], [-33.23203153635653, 33.1142395697209], [-33.223389897177476, 33.119052823061566], [-33.21464975030299, 33.12373842885287], [-33.20581375806648, 33.12829495981389], [-33.19688461199678, 33.13272102798117], [-33.18786503199828, 33.13701528513147], [-33.17875776552242, 33.14117642319245], [-33.1695655867308, 33.14520317464116], [-33.16029129565012, 33.149094312890085], [-33.15093771731928, 33.152848652660836], [-33.14150770092886, 33.15646505034514], [-33.132004118953205, 33.15994240435324], [-33.12242986627544, 33.16327965544941], [-33.112787859305676, 33.16647578707463], [-33.10308103509265, 33.16952982565626], [-33.09331235042904, 33.17244084090456], [-33.08348478095083, 33.17520794609608], [-33.07360132023089, 33.17783029834378], [-33.063664978867095, 33.18030709885375], [-33.053678783565275, 33.18263759316858], [-33.04364577621727, 33.18482107139711], [-33.03356901297429, 33.18685686843073], [-33.02345156331605, 33.18874436414593], [-33.01329650911572, 33.19048298359324], [-33.00310694370119, 33.19207219717234], [-32.99288597091279, 33.193511520793365], [-32.982636704157834, 33.1948005160244], [-32.97236226546228, 33.19593879022502], [-32.96206578451967, 33.19692599666587], [-32.95175039773786, 33.1977618346343], [-32.94141924728358, 33.19844604952598], [-32.93107548012533, 33.19897843292242], [-32.920722247074806, 33.19935882265447], [-32.91036270182708, 33.199587102851744], [-32.9, 33.199663203977885], [-32.9, 33.199663203977885]]]}}, {"type": "Feature", "id": "TC10013233WindRadii_50_2609220000", "properties": {"description": "Tropical Cyclone SIX-26", "name": "Tropical Cyclone SIX-26", "htmldescription": "Green Tropical Cylone SIX-26 in off-shore from: 19 Sep 2026 15:00:00 to:20 Sep 2026 03:00:00.", "link": "https://www.gdacs.org/report.aspx?eventtype=TC&eventid=1001323&episodeid=3", "featureIndex": "882", "iconeventlink": "https://www.gdacs.org/images/gdacs_icons/maps/Green/TC.png", "iconitemlink": "https://www.gdacs.org/images/gdacs_icons/maps/Green/TC.png", "alertlevel": "Green", "eventtype": "TC", "eventname": "SIX-26", "polygonlabel": "22/09 00:00", "polygontype": "WindRadii_50_2609220000", "fromdate": "19 Sep 2026 15:00:00", "todate": "20 Sep 2026 03:00:00", "country": "", "countrylist": "", "iso3": "", "severity": "83.3328", "latitude": "33.3", "longitude": "-33.2", "imageoverview": "https://www.gdacs.org/contentdata/resources/imgtemp/gdacs/tc/1001323/clouds_1001323_3.png", "Class": "Poly_WindRadii_50_2609220000"}, "geometry": {"type": "Polygon", "coordinates": [[[-32.9, 32.7], [-32.9, 32.7], [-32.9, 32.7], [-32.9, 32.7], [-32.9, 32.7], [-32.9, 32.7], [-32.9, 32.7], [-32.9, 32.7], [-32.9, 32.7], [-32.9, 32.7], [-32.9, 32.7], [-32.9, 32.7], [-32.9, 32.7], [-32.9, 32.7], [-32.9, 32.7], [-32.9, 32.7], [-32.9, 32.7], [-32.9, 32.7], [-32.9, 32.7], [-32.9, 32.7], [-32.9, 32.7], [-32.9, 32.7], [-32.9, 32.7], [-32.9, 32.7], [-32.9, 32.7], [-32.9, 32.7], [-32.9, 32.7], [-32.9, 32.7], [-32.9, 32.7], [-32.9, 32.7], [-32.9, 32.7], [-32.9, 32.7], [-32.9, 32.7], [-32.9, 32.7], [-32.9, 32.7], [-32.9, 32.7], [-32.9, 32.7], [-32.9, 32.7], [-32.9, 32.7], [-32.9, 32.7], [-32.9, 32.7], [-32.9, 32.7], [-32.9, 32.7], [-32.9, 32.7], [-32.9, 32.7], [-32.9, 32.7], [-32.9, 32.7], [-32.9, 32.7], [-32.9, 32.7], [-32.9, 32.7], [-32.9, 32.7], [-32.9, 32.7], [-32.9, 32.7], [-32.9, 32.7], [-32.9, 32.7], [-32.9, 32.7], [-32.9, 32.7], [-32.9, 32.7], [-32.9, 32.7], [-32.9, 32.7], [-32.9, 32.7], [-32.9, 32.7], [-32.9, 32.7], [-32.9, 32.7], [-32.9, 32.7], [-32.9, 32.7], [-32.9, 32.7], [-32.9, 32.7], [-32.9, 32.7], [-32.9, 32.7], [-32.9, 32.7], [-32.9, 32.7], [-32.9, 32.7], [-32.9, 32.7], [-32.9, 32.7], [-32.9, 32.7], [-32.9, 32.7], [-32.9, 32.7], [-32.9, 32.7], [-32.9, 32.7], [-32.9, 32.7], [-32.9, 32.7], [-32.9, 32.7], [-32.9, 32.7], [-32.9, 32.7], [-32.9, 32.7], [-32.9, 32.7], [-32.9, 32.7], [-32.9, 32.7], [-32.9, 32.7], [-32.9, 32.7], [-32.9, 32.7], [-32.9, 32.7], [-32.9, 32.7], [-32.9, 32.7], [-32.9, 32.7], [-32.9, 32.7], [-32.9, 32.7], [-32.9, 32.7], [-32.9, 32.7], [-32.9, 32.7], [-32.9, 32.7], [-32.9, 32.7], [-32.9, 32.7], [-32.9, 32.7], [-32.9, 32.7], [-32.9, 32.7], [-32.9, 32.7], [-32.9, 32.7], [-32.9, 32.7], [-32.9, 32.7], [-32.9, 32.7], [-32.9, 32.7], [-32.9, 32.7], [-32.9, 32.7], [-32.9, 32.7], [-32.9, 32.7], [-32.9, 32.7], [-32.9, 32.7], [-32.9, 32.7], [-32.9, 32.7], [-32.9, 32.7], [-32.9, 32.7], [-32.9, 32.7], [-32.9, 32.7], [-32.9, 32.7], [-32.9, 32.7], [-32.9, 32.7], [-32.9, 32.7], [-32.9, 32.7], [-32.9, 32.7], [-32.9, 32.7], [-32.9, 32.7], [-32.9, 32.7], [-32.9, 32.7], [-32.9, 32.7], [-32.9, 32.7], [-32.9, 32.7], [-32.9, 32.7], [-32.9, 32.7], [-32.9, 32.7], [-32.9, 32.7], [-32.9, 32.7], [-32.9, 32.7], [-32.9, 32.7], [-32.9, 32.7], [-32.9, 32.7], [-32.9, 32.7], [-32.9, 32.7], [-32.9, 32.7], [-32.9, 32.7], [-32.9, 32.7], [-32.9, 32.7], [-32.9, 32.7], [-32.9, 32.7], [-32.9, 32.7], [-32.9, 32.7], [-32.9, 32.7], [-32.9, 32.7], [-32.9, 32.7], [-32.9, 32.7], [-32.9, 32.7], [-32.9, 32.7], [-32.9, 32.7], [-32.9, 32.7], [-32.9, 32.7], [-32.9, 32.7], [-32.9, 32.7], [-32.9, 32.7], [-32.9, 32.7], [-32.9, 32.7], [-32.9, 32.7], [-32.9, 32.7], [-32.9, 32.7], [-32.9, 32.7], [-32.9, 32.7], [-32.9, 32.7], [-32.9, 32.7], [-32.9, 32.7], [-32.9, 32.7], [-32.9, 32.7], [-32.9, 32.7], [-32.9, 32.7], [-32.9, 32.7], [-32.9, 32.7], [-32.9, 32.7], [-32.9, 32.7], [-32.9, 32.7], [-32.9, 32.7], [-32.9, 32.7], [-32.9, 32.7], [-32.9, 32.7], [-32.9, 32.7], [-32.9, 32.7], [-32.9, 32.7], [-32.9, 32.7], [-32.9, 32.7], [-32.9, 32.7], [-32.9, 32.7], [-32.9, 32.7], [-32.9, 32.7], [-32.9, 32.7], [-32.9, 32.7], [-32.9, 32.7], [-32.9, 32.7], [-32.9, 32.7], [-32.9, 32.7], [-32.9, 32.7], [-32.9, 32.7], [-32.9, 32.7], [-32.9, 32.7], [-32.9, 32.7], [-32.9, 32.7], [-32.9, 32.7], [-32.9, 32.7], [-32.9, 32.7], [-32.9, 32.7], [-32.9, 32.7], [-32.9, 32.7], [-32.9, 32.7], [-32.9, 32.7], [-32.9, 32.7], [-32.9, 32.7], [-32.9, 32.7], [-32.9, 32.7], [-32.9, 32.7], [-32.9, 32.7], [-32.9, 32.7], [-32.9, 32.7], [-32.9, 32.7], [-32.9, 32.7], [-32.9, 32.7], [-32.9, 32.7], [-32.9, 32.7], [-32.9, 32.7], [-32.9, 32.7], [-32.9, 32.7], [-32.9, 32.7], [-32.9, 32.7], [-32.9, 32.7], [-32.9, 32.7], [-32.9, 32.7], [-32.9, 32.7], [-32.9, 32.7], [-32.9, 32.7], [-32.9, 32.7], [-32.9, 32.7], [-32.9, 32.7], [-32.9, 32.7], [-32.9, 32.7], [-32.9, 32.7], [-32.9, 32.7], [-32.9, 32.7], [-32.9, 32.7], [-32.9, 32.7], [-32.9, 32.7], [-32.9, 32.7], [-32.9, 32.7], [-32.9, 32.7], [-32.9, 32.7], [-32.9, 32.7], [-32.9, 32.7], [-32.9, 32.7], [-32.9, 32.7], [-32.9, 32.7], [-32.9, 32.7], [-32.9, 32.7], [-32.9, 32.7], [-32.9, 32.7], [-32.9, 32.7], [-32.9, 32.7], [-32.9, 32.7], [-32.9, 32.7], [-32.9, 32.7], [-32.9, 32.7], [-32.9, 32.7], [-32.9, 32.7], [-32.9, 32.7], [-32.9, 32.7], [-32.9, 32.7], [-32.9, 32.7], [-32.9, 32.7], [-32.9, 32.7], [-32.9, 32.7], [-32.9, 32.7], [-32.9, 32.7], [-32.9, 32.7], [-32.9, 32.7], [-32.9, 32.7], [-32.9, 32.7], [-32.9, 32.7], [-32.9, 32.7], [-32.9, 32.7], [-32.9, 32.7], [-32.9, 32.7], [-32.9, 32.7], [-32.9, 32.7], [-32.9, 32.7], [-32.9, 32.7], [-32.9, 32.7], [-32.9, 32.7], [-32.9, 32.7], [-32.9, 32.7], [-32.9, 32.7], [-32.9, 32.7], [-32.9, 32.7], [-32.9, 32.7], [-32.9, 32.7], [-32.9, 32.7], [-32.9, 32.7], [-32.9, 32.7], [-32.9, 32.7], [-32.9, 32.7], [-32.9, 32.7], [-32.9, 32.7], [-32.9, 32.7], [-32.9, 32.7], [-32.9, 32.7], [-32.9, 32.7], [-32.9, 32.7], [-32.9, 32.7], [-32.9, 32.7], [-32.9, 32.7], [-32.9, 32.7], [-32.9, 32.7], [-32.9, 32.7], [-32.9, 32.7], [-32.9, 32.7], [-32.9, 32.7], [-32.9, 32.7], [-32.9, 32.7], [-32.9, 32.7], [-32.9, 32.7], [-32.9, 32.7], [-32.9, 32.7], [-32.9, 32.7], [-32.9, 32.7], [-32.9, 32.7], [-32.9, 32.7], [-32.9, 32.7], [-32.9, 32.7], [-32.9, 32.7], [-32.9, 32.7], [-32.9, 32.7], [-32.9, 32.7], [-32.9, 32.7], [-32.9, 32.7], [-32.9, 32.7], [-32.9, 32.7], [-32.9, 32.7], [-32.9, 32.7], [-32.9, 32.7], [-32.9, 32.7], [-32.9, 32.7], [-32.9, 32.7], [-32.9, 32.7], [-32.9, 32.7], [-32.9, 32.7], [-32.9, 32.7], [-32.9, 32.7], [-32.9, 32.7], [-32.9, 32.7], [-32.9, 32.7], [-32.9, 32.7], [-32.9, 32.7]]]}}, {"type": "Feature", "id": "TC10013233WindRadii_64_2609220000", "properties": {"description": "Tropical Cyclone SIX-26", "name": "Tropical Cyclone SIX-26", "htmldescription": "Green Tropical Cylone SIX-26 in off-shore from: 19 Sep 2026 15:00:00 to:20 Sep 2026 03:00:00.", "link": "https://www.gdacs.org/report.aspx?eventtype=TC&eventid=1001323&episodeid=3", "featureIndex": "883", "iconeventlink": "https://www.gdacs.org/images/gdacs_icons/maps/Green/TC.png", "iconitemlink": "https://www.gdacs.org/images/gdacs_icons/maps/Green/TC.png", "alertlevel": "Green", "eventtype": "TC", "eventname": "SIX-26", "polygonlabel": "22/09 00:00", "polygontype": "WindRadii_64_2609220000", "fromdate": "19 Sep 2026 15:00:00", "todate": "20 Sep 2026 03:00:00", "country": "", "countrylist": "", "iso3": "", "severity": "83.3328", "latitude": "33.3", "longitude": "-33.2", "imageoverview": "https://www.gdacs.org/contentdata/resources/imgtemp/gdacs/tc/1001323/clouds_1001323_3.png", "Class": "Poly_WindRadii_64_2609220000"}, "geometry": {"type": "Polygon", "coordinates": [[[-32.9, 32.7], [-32.9, 32.7], [-32.9, 32.7], [-32.9, 32.7], [-32.9, 32.7], [-32.9, 32.7], [-32.9, 32.7], [-32.9, 32.7], [-32.9, 32.7], [-32.9, 32.7], [-32.9, 32.7], [-32.9, 32.7], [-32.9, 32.7], [-32.9, 32.7], [-32.9, 32.7], [-32.9, 32.7], [-32.9, 32.7], [-32.9, 32.7], [-32.9, 32.7], [-32.9, 32.7], [-32.9, 32.7], [-32.9, 32.7], [-32.9, 32.7], [-32.9, 32.7], [-32.9, 32.7], [-32.9, 32.7], [-32.9, 32.7], [-32.9, 32.7], [-32.9, 32.7], [-32.9, 32.7], [-32.9, 32.7], [-32.9, 32.7], [-32.9, 32.7], [-32.9, 32.7], [-32.9, 32.7], [-32.9, 32.7], [-32.9, 32.7], [-32.9, 32.7], [-32.9, 32.7], [-32.9, 32.7], [-32.9, 32.7], [-32.9, 32.7], [-32.9, 32.7], [-32.9, 32.7], [-32.9, 32.7], [-32.9, 32.7], [-32.9, 32.7], [-32.9, 32.7], [-32.9, 32.7], [-32.9, 32.7], [-32.9, 32.7], [-32.9, 32.7], [-32.9, 32.7], [-32.9, 32.7], [-32.9, 32.7], [-32.9, 32.7], [-32.9, 32.7], [-32.9, 32.7], [-32.9, 32.7], [-32.9, 32.7], [-32.9, 32.7], [-32.9, 32.7], [-32.9, 32.7], [-32.9, 32.7], [-32.9, 32.7], [-32.9, 32.7], [-32.9, 32.7], [-32.9, 32.7], [-32.9, 32.7], [-32.9, 32.7], [-32.9, 32.7], [-32.9, 32.7], [-32.9, 32.7], [-32.9, 32.7], [-32.9, 32.7], [-32.9, 32.7], [-32.9, 32.7], [-32.9, 32.7], [-32.9, 32.7], [-32.9, 32.7], [-32.9, 32.7], [-32.9, 32.7], [-32.9, 32.7], [-32.9, 32.7], [-32.9, 32.7], [-32.9, 32.7], [-32.9, 32.7], [-32.9, 32.7], [-32.9, 32.7], [-32.9, 32.7], [-32.9, 32.7], [-32.9, 32.7], [-32.9, 32.7], [-32.9, 32.7], [-32.9, 32.7], [-32.9, 32.7], [-32.9, 32.7], [-32.9, 32.7], [-32.9, 32.7], [-32.9, 32.7], [-32.9, 32.7], [-32.9, 32.7], [-32.9, 32.7], [-32.9, 32.7], [-32.9, 32.7], [-32.9, 32.7], [-32.9, 32.7], [-32.9, 32.7], [-32.9, 32.7], [-32.9, 32.7], [-32.9, 32.7], [-32.9, 32.7], [-32.9, 32.7], [-32.9, 32.7], [-32.9, 32.7], [-32.9, 32.7], [-32.9, 32.7], [-32.9, 32.7], [-32.9, 32.7], [-32.9, 32.7], [-32.9, 32.7], [-32.9, 32.7], [-32.9, 32.7], [-32.9, 32.7], [-32.9, 32.7], [-32.9, 32.7], [-32.9, 32.7], [-32.9, 32.7], [-32.9, 32.7], [-32.9, 32.7], [-32.9, 32.7], [-32.9, 32.7], [-32.9, 32.7], [-32.9, 32.7], [-32.9, 32.7], [-32.9, 32.7], [-32.9, 32.7], [-32.9, 32.7], [-32.9, 32.7], [-32.9, 32.7], [-32.9, 32.7], [-32.9, 32.7], [-32.9, 32.7], [-32.9, 32.7], [-32.9, 32.7], [-32.9, 32.7], [-32.9, 32.7], [-32.9, 32.7], [-32.9, 32.7], [-32.9, 32.7], [-32.9, 32.7], [-32.9, 32.7], [-32.9, 32.7], [-32.9, 32.7], [-32.9, 32.7], [-32.9, 32.7], [-32.9, 32.7], [-32.9, 32.7], [-32.9, 32.7], [-32.9, 32.7], [-32.9, 32.7], [-32.9, 32.7], [-32.9, 32.7], [-32.9, 32.7], [-32.9, 32.7], [-32.9, 32.7], [-32.9, 32.7], [-32.9, 32.7], [-32.9, 32.7], [-32.9, 32.7], [-32.9, 32.7], [-32.9, 32.7], [-32.9, 32.7], [-32.9, 32.7], [-32.9, 32.7], [-32.9, 32.7], [-32.9, 32.7], [-32.9, 32.7], [-32.9, 32.7], [-32.9, 32.7], [-32.9, 32.7], [-32.9, 32.7], [-32.9, 32.7], [-32.9, 32.7], [-32.9, 32.7], [-32.9, 32.7], [-32.9, 32.7], [-32.9, 32.7], [-32.9, 32.7], [-32.9, 32.7], [-32.9, 32.7], [-32.9, 32.7], [-32.9, 32.7], [-32.9, 32.7], [-32.9, 32.7], [-32.9, 32.7], [-32.9, 32.7], [-32.9, 32.7], [-32.9, 32.7], [-32.9, 32.7], [-32.9, 32.7], [-32.9, 32.7], [-32.9, 32.7], [-32.9, 32.7], [-32.9, 32.7], [-32.9, 32.7], [-32.9, 32.7], [-32.9, 32.7], [-32.9, 32.7], [-32.9, 32.7], [-32.9, 32.7], [-32.9, 32.7], [-32.9, 32.7], [-32.9, 32.7], [-32.9, 32.7], [-32.9, 32.7], [-32.9, 32.7], [-32.9, 32.7], [-32.9, 32.7], [-32.9, 32.7], [-32.9, 32.7], [-32.9, 32.7], [-32.9, 32.7], [-32.9, 32.7], [-32.9, 32.7], [-32.9, 32.7], [-32.9, 32.7], [-32.9, 32.7], [-32.9, 32.7], [-32.9, 32.7], [-32.9, 32.7], [-32.9, 32.7], [-32.9, 32.7], [-32.9, 32.7], [-32.9, 32.7], [-32.9, 32.7], [-32.9, 32.7], [-32.9, 32.7], [-32.9, 32.7], [-32.9, 32.7], [-32.9, 32.7], [-32.9, 32.7], [-32.9, 32.7], [-32.9, 32.7], [-32.9, 32.7], [-32.9, 32.7], [-32.9, 32.7], [-32.9, 32.7], [-32.9, 32.7], [-32.9, 32.7], [-32.9, 32.7], [-32.9, 32.7], [-32.9, 32.7], [-32.9, 32.7], [-32.9, 32.7], [-32.9, 32.7], [-32.9, 32.7], [-32.9, 32.7], [-32.9, 32.7], [-32.9, 32.7], [-32.9, 32.7], [-32.9, 32.7], [-32.9, 32.7], [-32.9, 32.7], [-32.9, 32.7], [-32.9, 32.7], [-32.9, 32.7], [-32.9, 32.7], [-32.9, 32.7], [-32.9, 32.7], [-32.9, 32.7], [-32.9, 32.7], [-32.9, 32.7], [-32.9, 32.7], [-32.9, 32.7], [-32.9, 32.7], [-32.9, 32.7], [-32.9, 32.7], [-32.9, 32.7], [-32.9, 32.7], [-32.9, 32.7], [-32.9, 32.7], [-32.9, 32.7], [-32.9, 32.7], [-32.9, 32.7], [-32.9, 32.7], [-32.9, 32.7], [-32.9, 32.7], [-32.9, 32.7], [-32.9, 32.7], [-32.9, 32.7], [-32.9, 32.7], [-32.9, 32.7], [-32.9, 32.7], [-32.9, 32.7], [-32.9, 32.7], [-32.9, 32.7], [-32.9, 32.7], [-32.9, 32.7], [-32.9, 32.7], [-32.9, 32.7], [-32.9, 32.7], [-32.9, 32.7], [-32.9, 32.7], [-32.9, 32.7], [-32.9, 32.7], [-32.9, 32.7], [-32.9, 32.7], [-32.9, 32.7], [-32.9, 32.7], [-32.9, 32.7], [-32.9, 32.7], [-32.9, 32.7], [-32.9, 32.7], [-32.9, 32.7], [-32.9, 32.7], [-32.9, 32.7], [-32.9, 32.7], [-32.9, 32.7], [-32.9, 32.7], [-32.9, 32.7], [-32.9, 32.7], [-32.9, 32.7], [-32.9, 32.7], [-32.9, 32.7], [-32.9, 32.7], [-32.9, 32.7], [-32.9, 32.7], [-32.9, 32.7], [-32.9, 32.7], [-32.9, 32.7], [-32.9, 32.7], [-32.9, 32.7], [-32.9, 32.7], [-32.9, 32.7], [-32.9, 32.7], [-32.9, 32.7], [-32.9, 32.7], [-32.9, 32.7], [-32.9, 32.7], [-32.9, 32.7], [-32.9, 32.7], [-32.9, 32.7], [-32.9, 32.7], [-32.9, 32.7], [-32.9, 32.7], [-32.9, 32.7], [-32.9, 32.7], [-32.9, 32.7], [-32.9, 32.7], [-32.9, 32.7], [-32.9, 32.7], [-32.9, 32.7], [-32.9, 32.7], [-32.9, 32.7], [-32.9, 32.7], [-32.9, 32.7], [-32.9, 32.7], [-32.9, 32.7], [-32.9, 32.7], [-32.9, 32.7], [-32.9, 32.7], [-32.9, 32.7], [-32.9, 32.7], [-32.9, 32.7]]]}}, {"type": "Feature", "id": "TC10013233Polygon_Point_6", "properties": {"description": "Tropical Cyclone SIX-26", "name": "Tropical Cyclone SIX-26", "htmldescription": "Green Tropical Cylone SIX-26 in off-shore from: 19 Sep 2026 15:00:00 to:20 Sep 2026 03:00:00.", "link": "https://www.gdacs.org/report.aspx?eventtype=TC&eventid=1001323&episodeid=3", "featureIndex": "884", "iconeventlink": "https://www.gdacs.org/images/gdacs_icons/maps/Green/TC.png", "iconitemlink": "https://www.gdacs.org/images/gdacs_icons/maps/Green/TC.png", "alertlevel": "Green", "eventtype": "TC", "eventname": "SIX-26", "polygonlabel": "22/09 00:00 UTC", "polygontype": "Polygon_Point_6", "fromdate": "19 Sep 2026 15:00:00", "todate": "20 Sep 2026 03:00:00", "country": "", "countrylist": "", "iso3": "", "severity": "83.3328", "latitude": "33.3", "longitude": "-33.2", "imageoverview": "https://www.gdacs.org/contentdata/resources/imgtemp/gdacs/tc/1001323/clouds_1001323_3.png", "Class": "Poly_Polygon_Point_6"}, "geometry": {"type": "Polygon", "coordinates": [[[-32.9, 32.67], [-32.89852796977018, 32.67003613631385], [-32.89705948579011, 32.670144458199836], [-32.89559808576634, 32.67032470470106], [-32.89414729033952, 32.670576441587905], [-32.8927105946029, 32.67089906240417], [-32.891291459682364, 32.671291789928034], [-32.88989330439823, 32.67175367804451], [-32.888519497029044, 32.672283614024664], [-32.88717334719709, 32.6728803212063], [-32.885858097895216, 32.673542362069554], [-32.8845769176742, 32.6742681417], [-32.88333289300941, 32.67505591163093], [-32.88212902086522, 32.675903774055584], [-32.88096820147509, 32.67680968639912], [-32.87985323135459, 32.677771466239356], [-32.8787867965644, 32.6787867965644], [-32.87777146623935, 32.67985323135459], [-32.87680968639911, 32.680968201475096], [-32.87590377405558, 32.682129020865226], [-32.87505591163092, 32.683332893009414], [-32.87426814169999, 32.68457691767421], [-32.87354236206955, 32.68585809789522], [-32.872880321206296, 32.687173347197096], [-32.87228361402466, 32.68851949702905], [-32.871753678044506, 32.68989330439823], [-32.87129178992803, 32.69129145968237], [-32.87089906240416, 32.69271059460291], [-32.8705764415879, 32.69414729033952], [-32.870324704701055, 32.69559808576634], [-32.87014445819983, 32.69705948579011], [-32.87003613631384, 32.69852796977018], [-32.87, 32.7], [-32.87003613631384, 32.70147203022982], [-32.87014445819983, 32.70294051420989], [-32.870324704701055, 32.704401914233664], [-32.8705764415879, 32.70585270966048], [-32.87089906240416, 32.7072894053971], [-32.87129178992803, 32.70870854031764], [-32.871753678044506, 32.71010669560177], [-32.87228361402466, 32.71148050297096], [-32.872880321206296, 32.71282665280291], [-32.87354236206955, 32.714141902104785], [-32.87426814169999, 32.7154230823258], [-32.87505591163092, 32.71666710699059], [-32.87590377405558, 32.71787097913478], [-32.87680968639911, 32.71903179852491], [-32.87777146623935, 32.720146768645414], [-32.8787867965644, 32.7212132034356], [-32.87985323135459, 32.72222853376065], [-32.88096820147509, 32.72319031360089], [-32.88212902086522, 32.72409622594442], [-32.88333289300941, 32.72494408836908], [-32.8845769176742, 32.72573185830001], [-32.885858097895216, 32.72645763793045], [-32.88717334719709, 32.727119678793706], [-32.888519497029044, 32.72771638597534], [-32.88989330439823, 32.728246321955496], [-32.891291459682364, 32.72870821007197], [-32.8927105946029, 32.72910093759584], [-32.89414729033952, 32.7294235584121], [-32.89559808576634, 32.72967529529895], [-32.89705948579011, 32.72985554180017], [-32.89852796977018, 32.72996386368616], [-32.9, 32.730000000000004], [-32.90147203022982, 32.72996386368616], [-32.90294051420989, 32.72985554180017], [-32.90440191423366, 32.72967529529895], [-32.90585270966048, 32.7294235584121], [-32.907289405397094, 32.72910093759584], [-32.90870854031763, 32.72870821007197], [-32.91010669560177, 32.728246321955496], [-32.91148050297095, 32.72771638597534], [-32.912826652802906, 32.727119678793706], [-32.91414190210478, 32.72645763793045], [-32.915423082325795, 32.72573185830001], [-32.91666710699059, 32.72494408836908], [-32.917870979134776, 32.72409622594442], [-32.919031798524905, 32.72319031360089], [-32.92014676864541, 32.72222853376065], [-32.9212132034356, 32.7212132034356], [-32.922228533760645, 32.720146768645414], [-32.923190313600884, 32.71903179852491], [-32.92409622594442, 32.71787097913478], [-32.924944088369074, 32.71666710699059], [-32.925731858300004, 32.7154230823258], [-32.92645763793045, 32.714141902104785], [-32.9271196787937, 32.71282665280291], [-32.92771638597534, 32.71148050297096], [-32.92824632195549, 32.71010669560177], [-32.92870821007197, 32.70870854031764], [-32.929100937595834, 32.7072894053971], [-32.9294235584121, 32.70585270966048], [-32.92967529529894, 32.704401914233664], [-32.929855541800165, 32.70294051420989], [-32.929963863686154, 32.70147203022982], [-32.93, 32.7], [-32.929963863686154, 32.69852796977018], [-32.929855541800165, 32.69705948579011], [-32.92967529529894, 32.69559808576634], [-32.9294235584121, 32.69414729033952], [-32.929100937595834, 32.69271059460291], [-32.92870821007197, 32.69129145968237], [-32.92824632195549, 32.68989330439823], [-32.92771638597534, 32.68851949702905], [-32.9271196787937, 32.687173347197096], [-32.92645763793045, 32.68585809789522], [-32.925731858300004, 32.68457691767421], [-32.924944088369074, 32.683332893009414], [-32.92409622594442, 32.682129020865226], [-32.923190313600884, 32.680968201475096], [-32.922228533760645, 32.67985323135459], [-32.9212132034356, 32.6787867965644], [-32.92014676864541, 32.677771466239356], [-32.919031798524905, 32.67680968639912], [-32.917870979134776, 32.675903774055584], [-32.91666710699059, 32.67505591163093], [-32.915423082325795, 32.6742681417], [-32.91414190210478, 32.673542362069554], [-32.912826652802906, 32.6728803212063], [-32.91148050297095, 32.672283614024664], [-32.91010669560177, 32.67175367804451], [-32.90870854031763, 32.671291789928034], [-32.907289405397094, 32.67089906240417], [-32.90585270966048, 32.670576441587905], [-32.90440191423366, 32.67032470470106], [-32.90294051420989, 32.670144458199836], [-32.90147203022982, 32.67003613631385], [-32.9, 32.67]]]}}, {"type": "Feature", "id": "TC10013233WindRadii_34_2609221200", "properties": {"description": "Tropical Cyclone SIX-26", "name": "Tropical Cyclone SIX-26", "htmldescription": "Green Tropical Cylone SIX-26 in off-shore from: 19 Sep 2026 15:00:00 to:20 Sep 2026 03:00:00.", "link": "https://www.gdacs.org/report.aspx?eventtype=TC&eventid=1001323&episodeid=3", "featureIndex": "885", "iconeventlink": "https://www.gdacs.org/images/gdacs_icons/maps/Green/TC.png", "iconitemlink": "https://www.gdacs.org/images/gdacs_icons/maps/Green/TC.png", "alertlevel": "Green", "eventtype": "TC", "eventname": "SIX-26", "polygonlabel": "22/09 12:00", "polygontype": "WindRadii_34_2609221200", "fromdate": "19 Sep 2026 15:00:00", "todate": "20 Sep 2026 03:00:00", "country": "", "countrylist": "", "iso3": "", "severity": "83.3328", "latitude": "33.3", "longitude": "-33.2", "imageoverview": "https://www.gdacs.org/contentdata/resources/imgtemp/gdacs/tc/1001323/clouds_1001323_3.png", "Class": "Poly_WindRadii_34_2609221200"}, "geometry": {"type": "Polygon", "coordinates": [[[-33.9, 31.6], [-33.9, 31.6], [-33.9, 31.6], [-33.9, 31.6], [-33.9, 31.6], [-33.9, 31.6], [-33.9, 31.6], [-33.9, 31.6], [-33.9, 31.6], [-33.9, 31.6], [-33.9, 31.6], [-33.9, 31.6], [-33.9, 31.6], [-33.9, 31.6], [-33.9, 31.6], [-33.9, 31.6], [-33.9, 31.6], [-33.9, 31.6], [-33.9, 31.6], [-33.9, 31.6], [-33.9, 31.6], [-33.9, 31.6], [-33.9, 31.6], [-33.9, 31.6], [-33.9, 31.6], [-33.9, 31.6], [-33.9, 31.6], [-33.9, 31.6], [-33.9, 31.6], [-33.9, 31.6], [-33.9, 31.6], [-33.9, 31.6], [-33.9, 31.6], [-33.9, 31.6], [-33.9, 31.6], [-33.9, 31.6], [-33.9, 31.6], [-33.9, 31.6], [-33.9, 31.6], [-33.9, 31.6], [-33.9, 31.6], [-33.9, 31.6], [-33.9, 31.6], [-33.9, 31.6], [-33.9, 31.6], [-33.9, 31.6], [-33.9, 31.6], [-33.9, 31.6], [-33.9, 31.6], [-33.9, 31.6], [-33.9, 31.6], [-33.9, 31.6], [-33.9, 31.6], [-33.9, 31.6], [-33.9, 31.6], [-33.9, 31.6], [-33.9, 31.6], [-33.9, 31.6], [-33.9, 31.6], [-33.9, 31.6], [-33.9, 31.6], [-33.9, 31.6], [-33.9, 31.6], [-33.9, 31.6], [-33.9, 31.6], [-33.9, 31.6], [-33.9, 31.6], [-33.9, 31.6], [-33.9, 31.6], [-33.9, 31.6], [-33.9, 31.6], [-33.9, 31.6], [-33.9, 31.6], [-33.9, 31.6], [-33.9, 31.6], [-33.9, 31.6], [-33.9, 31.6], [-33.9, 31.6], [-33.9, 31.6], [-33.9, 31.6], [-33.9, 31.6], [-33.9, 31.6], [-33.9, 31.6], [-33.9, 31.6], [-33.9, 31.6], [-33.9, 31.6], [-33.9, 31.6], [-33.9, 31.6], [-33.9, 31.6], [-33.9, 31.6], [-33.9, 31.6], [-33.9, 31.6], [-33.9, 31.6], [-33.9, 31.6], [-33.9, 31.6], [-33.9, 31.6], [-33.9, 31.6], [-33.9, 31.6], [-33.9, 31.6], [-33.9, 31.6], [-33.9, 31.6], [-33.9, 31.6], [-33.9, 31.6], [-33.9, 31.6], [-33.9, 31.6], [-33.9, 31.6], [-33.9, 31.6], [-33.9, 31.6], [-33.9, 31.6], [-33.9, 31.6], [-33.9, 31.6], [-33.9, 31.6], [-33.9, 31.6], [-33.9, 31.6], [-33.9, 31.6], [-33.9, 31.6], [-33.9, 31.6], [-33.9, 31.6], [-33.9, 31.6], [-33.9, 31.6], [-33.9, 31.6], [-33.9, 31.6], [-33.9, 31.6], [-33.9, 31.6], [-33.9, 31.6], [-33.9, 31.6], [-33.9, 31.6], [-33.9, 31.6], [-33.9, 31.6], [-33.9, 31.6], [-33.9, 31.6], [-33.9, 31.6], [-33.9, 31.6], [-33.9, 31.6], [-33.9, 31.6], [-33.9, 31.6], [-33.9, 31.6], [-33.9, 31.6], [-33.9, 31.6], [-33.9, 31.6], [-33.9, 31.6], [-33.9, 31.6], [-33.9, 31.6], [-33.9, 31.6], [-33.9, 31.6], [-33.9, 31.6], [-33.9, 31.6], [-33.9, 31.6], [-33.9, 31.6], [-33.9, 31.6], [-33.9, 31.6], [-33.9, 31.6], [-33.9, 31.6], [-33.9, 31.6], [-33.9, 31.6], [-33.9, 31.6], [-33.9, 31.6], [-33.9, 31.6], [-33.9, 31.6], [-33.9, 31.6], [-33.9, 31.6], [-33.9, 31.6], [-33.9, 31.6], [-33.9, 31.6], [-33.9, 31.6], [-33.9, 31.6], [-33.9, 31.6], [-33.9, 31.6], [-33.9, 31.6], [-33.9, 31.6], [-33.9, 31.6], [-33.9, 31.6], [-33.9, 31.6], [-33.9, 31.6], [-33.9, 31.6], [-33.9, 31.6], [-33.9, 31.6], [-33.9, 31.6], [-33.9, 31.6], [-33.9, 31.6], [-33.9, 31.6], [-33.9, 31.6], [-33.9, 31.6], [-33.9, 31.6], [-33.9, 31.6], [-33.9, 31.6], [-33.9, 31.6], [-33.9, 31.6], [-33.9, 31.6], [-33.9, 31.6], [-33.9, 31.6], [-33.9, 31.6], [-33.9, 31.6], [-33.9, 31.6], [-33.9, 31.6], [-33.9, 31.6], [-33.9, 31.6], [-33.9, 31.6], [-33.9, 31.6], [-33.9, 31.6], [-33.9, 31.6], [-33.9, 31.6], [-33.9, 31.6], [-33.9, 31.6], [-33.9, 31.6], [-33.9, 31.6], [-33.9, 31.6], [-33.9, 31.6], [-33.9, 31.6], [-33.9, 31.6], [-33.9, 31.6], [-33.9, 31.6], [-33.9, 31.6], [-33.9, 31.6], [-33.9, 31.6], [-33.9, 31.6], [-33.9, 31.6], [-33.9, 31.6], [-33.9, 31.6], [-33.9, 31.6], [-33.9, 31.6], [-33.9, 31.6], [-33.9, 31.6], [-33.9, 31.6], [-33.9, 31.6], [-33.9, 31.6], [-33.9, 31.6], [-33.9, 31.6], [-33.9, 31.6], [-33.9, 31.6], [-33.9, 31.6], [-33.9, 31.6], [-33.9, 31.6], [-33.9, 31.6], [-33.9, 31.6], [-33.9, 31.6], [-33.9, 31.6], [-33.9, 31.6], [-33.9, 31.6], [-33.9, 31.6], [-33.9, 31.6], [-33.9, 31.6], [-33.9, 31.6], [-33.9, 31.6], [-33.9, 31.6], [-33.9, 31.6], [-33.9, 31.6], [-33.9, 31.6], [-33.9, 31.6], [-33.9, 31.6], [-33.9, 31.6], [-33.9, 31.6], [-33.9, 31.6], [-33.9, 31.6], [-33.9, 31.6], [-33.9, 31.6], [-33.9, 31.6], [-33.9, 31.6], [-33.9, 31.6], [-33.9, 31.6], [-33.9, 31.6], [-33.9, 31.6], [-33.9, 31.6], [-33.9, 31.6], [-33.9, 31.6], [-33.9, 31.6], [-33.9, 31.6], [-33.9, 31.6], [-33.9, 31.6], [-33.9, 31.6], [-33.9, 31.6], [-33.9, 31.6], [-33.9, 31.6], [-33.9, 31.6], [-33.9, 31.6], [-33.9, 31.6], [-33.9, 31.6], [-33.9, 31.6], [-33.9, 31.6], [-33.9, 31.6], [-33.9, 31.6], [-33.9, 31.6], [-33.9, 31.6], [-33.9, 31.6], [-33.9, 31.6], [-33.9, 31.6], [-33.9, 31.6], [-33.9, 31.6], [-33.9, 31.6], [-33.9, 31.6], [-33.9, 31.6], [-33.9, 31.6], [-33.9, 31.6], [-33.9, 31.6], [-33.9, 31.6], [-33.9, 31.6], [-33.9, 31.6], [-33.9, 31.6], [-33.9, 31.6], [-33.9, 31.6], [-33.9, 31.6], [-33.9, 31.6], [-33.9, 31.6], [-33.9, 31.6], [-33.9, 31.6], [-33.9, 31.6], [-33.9, 31.6], [-33.9, 31.6], [-33.9, 31.6], [-33.9, 31.6], [-33.9, 31.6], [-33.9, 31.6], [-33.9, 31.6], [-33.9, 31.6], [-33.9, 31.6], [-33.9, 31.6], [-33.9, 31.6], [-33.9, 31.6], [-33.9, 31.6], [-33.9, 31.6], [-33.9, 31.6], [-33.9, 31.6], [-33.9, 31.6], [-33.9, 31.6], [-33.9, 31.6], [-33.9, 31.6], [-33.9, 31.6], [-33.9, 31.6], [-33.9, 31.6], [-33.9, 31.6], [-33.9, 31.6], [-33.9, 31.6], [-33.9, 31.6], [-33.9, 31.6], [-33.9, 31.6], [-33.9, 31.6], [-33.9, 31.6], [-33.9, 31.6], [-33.9, 31.6], [-33.9, 31.6], [-33.9, 31.6], [-33.9, 31.6], [-33.9, 31.6], [-33.9, 31.6], [-33.9, 31.6], [-33.9, 31.6], [-33.9, 31.6], [-33.9, 31.6], [-33.9, 31.6], [-33.9, 31.6], [-33.9, 31.6], [-33.9, 31.6], [-33.9, 31.6], [-33.9, 31.6], [-33.9, 31.6], [-33.9, 31.6], [-33.9, 31.6], [-33.9, 31.6], [-33.9, 31.6], [-33.9, 31.6], [-33.9, 31.6], [-33.9, 31.6], [-33.9, 31.6], [-33.9, 31.6], [-33.9, 31.6]]]}}, {"type": "Feature", "id": "TC10013233WindRadii_50_2609221200", "properties": {"description": "Tropical Cyclone SIX-26", "name": "Tropical Cyclone SIX-26", "htmldescription": "Green Tropical Cylone SIX-26 in off-shore from: 19 Sep 2026 15:00:00 to:20 Sep 2026 03:00:00.", "link": "https://www.gdacs.org/report.aspx?eventtype=TC&eventid=1001323&episodeid=3", "featureIndex": "886", "iconeventlink": "https://www.gdacs.org/images/gdacs_icons/maps/Green/TC.png", "iconitemlink": "https://www.gdacs.org/images/gdacs_icons/maps/Green/TC.png", "alertlevel": "Green", "eventtype": "TC", "eventname": "SIX-26", "polygonlabel": "22/09 12:00", "polygontype": "WindRadii_50_2609221200", "fromdate": "19 Sep 2026 15:00:00", "todate": "20 Sep 2026 03:00:00", "country": "", "countrylist": "", "iso3": "", "severity": "83.3328", "latitude": "33.3", "longitude": "-33.2", "imageoverview": "https://www.gdacs.org/contentdata/resources/imgtemp/gdacs/tc/1001323/clouds_1001323_3.png", "Class": "Poly_WindRadii_50_2609221200"}, "geometry": {"type": "Polygon", "coordinates": [[[-33.9, 31.6], [-33.9, 31.6], [-33.9, 31.6], [-33.9, 31.6], [-33.9, 31.6], [-33.9, 31.6], [-33.9, 31.6], [-33.9, 31.6], [-33.9, 31.6], [-33.9, 31.6], [-33.9, 31.6], [-33.9, 31.6], [-33.9, 31.6], [-33.9, 31.6], [-33.9, 31.6], [-33.9, 31.6], [-33.9, 31.6], [-33.9, 31.6], [-33.9, 31.6], [-33.9, 31.6], [-33.9, 31.6], [-33.9, 31.6], [-33.9, 31.6], [-33.9, 31.6], [-33.9, 31.6], [-33.9, 31.6], [-33.9, 31.6], [-33.9, 31.6], [-33.9, 31.6], [-33.9, 31.6], [-33.9, 31.6], [-33.9, 31.6], [-33.9, 31.6], [-33.9, 31.6], [-33.9, 31.6], [-33.9, 31.6], [-33.9, 31.6], [-33.9, 31.6], [-33.9, 31.6], [-33.9, 31.6], [-33.9, 31.6], [-33.9, 31.6], [-33.9, 31.6], [-33.9, 31.6], [-33.9, 31.6], [-33.9, 31.6], [-33.9, 31.6], [-33.9, 31.6], [-33.9, 31.6], [-33.9, 31.6], [-33.9, 31.6], [-33.9, 31.6], [-33.9, 31.6], [-33.9, 31.6], [-33.9, 31.6], [-33.9, 31.6], [-33.9, 31.6], [-33.9, 31.6], [-33.9, 31.6], [-33.9, 31.6], [-33.9, 31.6], [-33.9, 31.6], [-33.9, 31.6], [-33.9, 31.6], [-33.9, 31.6], [-33.9, 31.6], [-33.9, 31.6], [-33.9, 31.6], [-33.9, 31.6], [-33.9, 31.6], [-33.9, 31.6], [-33.9, 31.6], [-33.9, 31.6], [-33.9, 31.6], [-33.9, 31.6], [-33.9, 31.6], [-33.9, 31.6], [-33.9, 31.6], [-33.9, 31.6], [-33.9, 31.6], [-33.9, 31.6], [-33.9, 31.6], [-33.9, 31.6], [-33.9, 31.6], [-33.9, 31.6], [-33.9, 31.6], [-33.9, 31.6], [-33.9, 31.6], [-33.9, 31.6], [-33.9, 31.6], [-33.9, 31.6], [-33.9, 31.6], [-33.9, 31.6], [-33.9, 31.6], [-33.9, 31.6], [-33.9, 31.6], [-33.9, 31.6], [-33.9, 31.6], [-33.9, 31.6], [-33.9, 31.6], [-33.9, 31.6], [-33.9, 31.6], [-33.9, 31.6], [-33.9, 31.6], [-33.9, 31.6], [-33.9, 31.6], [-33.9, 31.6], [-33.9, 31.6], [-33.9, 31.6], [-33.9, 31.6], [-33.9, 31.6], [-33.9, 31.6], [-33.9, 31.6], [-33.9, 31.6], [-33.9, 31.6], [-33.9, 31.6], [-33.9, 31.6], [-33.9, 31.6], [-33.9, 31.6], [-33.9, 31.6], [-33.9, 31.6], [-33.9, 31.6], [-33.9, 31.6], [-33.9, 31.6], [-33.9, 31.6], [-33.9, 31.6], [-33.9, 31.6], [-33.9, 31.6], [-33.9, 31.6], [-33.9, 31.6], [-33.9, 31.6], [-33.9, 31.6], [-33.9, 31.6], [-33.9, 31.6], [-33.9, 31.6], [-33.9, 31.6], [-33.9, 31.6], [-33.9, 31.6], [-33.9, 31.6], [-33.9, 31.6], [-33.9, 31.6], [-33.9, 31.6], [-33.9, 31.6], [-33.9, 31.6], [-33.9, 31.6], [-33.9, 31.6], [-33.9, 31.6], [-33.9, 31.6], [-33.9, 31.6], [-33.9, 31.6], [-33.9, 31.6], [-33.9, 31.6], [-33.9, 31.6], [-33.9, 31.6], [-33.9, 31.6], [-33.9, 31.6], [-33.9, 31.6], [-33.9, 31.6], [-33.9, 31.6], [-33.9, 31.6], [-33.9, 31.6], [-33.9, 31.6], [-33.9, 31.6], [-33.9, 31.6], [-33.9, 31.6], [-33.9, 31.6], [-33.9, 31.6], [-33.9, 31.6], [-33.9, 31.6], [-33.9, 31.6], [-33.9, 31.6], [-33.9, 31.6], [-33.9, 31.6], [-33.9, 31.6], [-33.9, 31.6], [-33.9, 31.6], [-33.9, 31.6], [-33.9, 31.6], [-33.9, 31.6], [-33.9, 31.6], [-33.9, 31.6], [-33.9, 31.6], [-33.9, 31.6], [-33.9, 31.6], [-33.9, 31.6], [-33.9, 31.6], [-33.9, 31.6], [-33.9, 31.6], [-33.9, 31.6], [-33.9, 31.6], [-33.9, 31.6], [-33.9, 31.6], [-33.9, 31.6], [-33.9, 31.6], [-33.9, 31.6], [-33.9, 31.6], [-33.9, 31.6], [-33.9, 31.6], [-33.9, 31.6], [-33.9, 31.6], [-33.9, 31.6], [-33.9, 31.6], [-33.9, 31.6], [-33.9, 31.6], [-33.9, 31.6], [-33.9, 31.6], [-33.9, 31.6], [-33.9, 31.6], [-33.9, 31.6], [-33.9, 31.6], [-33.9, 31.6], [-33.9, 31.6], [-33.9, 31.6], [-33.9, 31.6], [-33.9, 31.6], [-33.9, 31.6], [-33.9, 31.6], [-33.9, 31.6], [-33.9, 31.6], [-33.9, 31.6], [-33.9, 31.6], [-33.9, 31.6], [-33.9, 31.6], [-33.9, 31.6], [-33.9, 31.6], [-33.9, 31.6], [-33.9, 31.6], [-33.9, 31.6], [-33.9, 31.6], [-33.9, 31.6], [-33.9, 31.6], [-33.9, 31.6], [-33.9, 31.6], [-33.9, 31.6], [-33.9, 31.6], [-33.9, 31.6], [-33.9, 31.6], [-33.9, 31.6], [-33.9, 31.6], [-33.9, 31.6], [-33.9, 31.6], [-33.9, 31.6], [-33.9, 31.6], [-33.9, 31.6], [-33.9, 31.6], [-33.9, 31.6], [-33.9, 31.6], [-33.9, 31.6], [-33.9, 31.6], [-33.9, 31.6], [-33.9, 31.6], [-33.9, 31.6], [-33.9, 31.6], [-33.9, 31.6], [-33.9, 31.6], [-33.9, 31.6], [-33.9, 31.6], [-33.9, 31.6], [-33.9, 31.6], [-33.9, 31.6], [-33.9, 31.6], [-33.9, 31.6], [-33.9, 31.6], [-33.9, 31.6], [-33.9, 31.6], [-33.9, 31.6], [-33.9, 31.6], [-33.9, 31.6], [-33.9, 31.6], [-33.9, 31.6], [-33.9, 31.6], [-33.9, 31.6], [-33.9, 31.6], [-33.9, 31.6], [-33.9, 31.6], [-33.9, 31.6], [-33.9, 31.6], [-33.9, 31.6], [-33.9, 31.6], [-33.9, 31.6], [-33.9, 31.6], [-33.9, 31.6], [-33.9, 31.6], [-33.9, 31.6], [-33.9, 31.6], [-33.9, 31.6], [-33.9, 31.6], [-33.9, 31.6], [-33.9, 31.6], [-33.9, 31.6], [-33.9, 31.6], [-33.9, 31.6], [-33.9, 31.6], [-33.9, 31.6], [-33.9, 31.6], [-33.9, 31.6], [-33.9, 31.6], [-33.9, 31.6], [-33.9, 31.6], [-33.9, 31.6], [-33.9, 31.6], [-33.9, 31.6], [-33.9, 31.6], [-33.9, 31.6], [-33.9, 31.6], [-33.9, 31.6], [-33.9, 31.6], [-33.9, 31.6], [-33.9, 31.6], [-33.9, 31.6], [-33.9, 31.6], [-33.9, 31.6], [-33.9, 31.6], [-33.9, 31.6], [-33.9, 31.6], [-33.9, 31.6], [-33.9, 31.6], [-33.9, 31.6], [-33.9, 31.6], [-33.9, 31.6], [-33.9, 31.6], [-33.9, 31.6], [-33.9, 31.6], [-33.9, 31.6], [-33.9, 31.6], [-33.9, 31.6], [-33.9, 31.6], [-33.9, 31.6], [-33.9, 31.6], [-33.9, 31.6], [-33.9, 31.6], [-33.9, 31.6], [-33.9, 31.6], [-33.9, 31.6], [-33.9, 31.6], [-33.9, 31.6], [-33.9, 31.6], [-33.9, 31.6], [-33.9, 31.6], [-33.9, 31.6], [-33.9, 31.6], [-33.9, 31.6], [-33.9, 31.6], [-33.9, 31.6], [-33.9, 31.6], [-33.9, 31.6], [-33.9, 31.6], [-33.9, 31.6], [-33.9, 31.6], [-33.9, 31.6], [-33.9, 31.6], [-33.9, 31.6], [-33.9, 31.6], [-33.9, 31.6], [-33.9, 31.6], [-33.9, 31.6], [-33.9, 31.6], [-33.9, 31.6], [-33.9, 31.6], [-33.9, 31.6], [-33.9, 31.6], [-33.9, 31.6], [-33.9, 31.6], [-33.9, 31.6], [-33.9, 31.6]]]}}, {"type": "Feature", "id": "TC10013233WindRadii_64_2609221200", "properties": {"description": "Tropical Cyclone SIX-26", "name": "Tropical Cyclone SIX-26", "htmldescription": "Green Tropical Cylone SIX-26 in off-shore from: 19 Sep 2026 15:00:00 to:20 Sep 2026 03:00:00.", "link": "https://www.gdacs.org/report.aspx?eventtype=TC&eventid=1001323&episodeid=3", "featureIndex": "887", "iconeventlink": "https://www.gdacs.org/images/gdacs_icons/maps/Green/TC.png", "iconitemlink": "https://www.gdacs.org/images/gdacs_icons/maps/Green/TC.png", "alertlevel": "Green", "eventtype": "TC", "eventname": "SIX-26", "polygonlabel": "22/09 12:00", "polygontype": "WindRadii_64_2609221200", "fromdate": "19 Sep 2026 15:00:00", "todate": "20 Sep 2026 03:00:00", "country": "", "countrylist": "", "iso3": "", "severity": "83.3328", "latitude": "33.3", "longitude": "-33.2", "imageoverview": "https://www.gdacs.org/contentdata/resources/imgtemp/gdacs/tc/1001323/clouds_1001323_3.png", "Class": "Poly_WindRadii_64_2609221200"}, "geometry": {"type": "Polygon", "coordinates": [[[-33.9, 31.6], [-33.9, 31.6], [-33.9, 31.6], [-33.9, 31.6], [-33.9, 31.6], [-33.9, 31.6], [-33.9, 31.6], [-33.9, 31.6], [-33.9, 31.6], [-33.9, 31.6], [-33.9, 31.6], [-33.9, 31.6], [-33.9, 31.6], [-33.9, 31.6], [-33.9, 31.6], [-33.9, 31.6], [-33.9, 31.6], [-33.9, 31.6], [-33.9, 31.6], [-33.9, 31.6], [-33.9, 31.6], [-33.9, 31.6], [-33.9, 31.6], [-33.9, 31.6], [-33.9, 31.6], [-33.9, 31.6], [-33.9, 31.6], [-33.9, 31.6], [-33.9, 31.6], [-33.9, 31.6], [-33.9, 31.6], [-33.9, 31.6], [-33.9, 31.6], [-33.9, 31.6], [-33.9, 31.6], [-33.9, 31.6], [-33.9, 31.6], [-33.9, 31.6], [-33.9, 31.6], [-33.9, 31.6], [-33.9, 31.6], [-33.9, 31.6], [-33.9, 31.6], [-33.9, 31.6], [-33.9, 31.6], [-33.9, 31.6], [-33.9, 31.6], [-33.9, 31.6], [-33.9, 31.6], [-33.9, 31.6], [-33.9, 31.6], [-33.9, 31.6], [-33.9, 31.6], [-33.9, 31.6], [-33.9, 31.6], [-33.9, 31.6], [-33.9, 31.6], [-33.9, 31.6], [-33.9, 31.6], [-33.9, 31.6], [-33.9, 31.6], [-33.9, 31.6], [-33.9, 31.6], [-33.9, 31.6], [-33.9, 31.6], [-33.9, 31.6], [-33.9, 31.6], [-33.9, 31.6], [-33.9, 31.6], [-33.9, 31.6], [-33.9, 31.6], [-33.9, 31.6], [-33.9, 31.6], [-33.9, 31.6], [-33.9, 31.6], [-33.9, 31.6], [-33.9, 31.6], [-33.9, 31.6], [-33.9, 31.6], [-33.9, 31.6], [-33.9, 31.6], [-33.9, 31.6], [-33.9, 31.6], [-33.9, 31.6], [-33.9, 31.6], [-33.9, 31.6], [-33.9, 31.6], [-33.9, 31.6], [-33.9, 31.6], [-33.9, 31.6], [-33.9, 31.6], [-33.9, 31.6], [-33.9, 31.6], [-33.9, 31.6], [-33.9, 31.6], [-33.9, 31.6], [-33.9, 31.6], [-33.9, 31.6], [-33.9, 31.6], [-33.9, 31.6], [-33.9, 31.6], [-33.9, 31.6], [-33.9, 31.6], [-33.9, 31.6], [-33.9, 31.6], [-33.9, 31.6], [-33.9, 31.6], [-33.9, 31.6], [-33.9, 31.6], [-33.9, 31.6], [-33.9, 31.6], [-33.9, 31.6], [-33.9, 31.6], [-33.9, 31.6], [-33.9, 31.6], [-33.9, 31.6], [-33.9, 31.6], [-33.9, 31.6], [-33.9, 31.6], [-33.9, 31.6], [-33.9, 31.6], [-33.9, 31.6], [-33.9, 31.6], [-33.9, 31.6], [-33.9, 31.6], [-33.9, 31.6], [-33.9, 31.6], [-33.9, 31.6], [-33.9, 31.6], [-33.9, 31.6], [-33.9, 31.6], [-33.9, 31.6], [-33.9, 31.6], [-33.9, 31.6], [-33.9, 31.6], [-33.9, 31.6], [-33.9, 31.6], [-33.9, 31.6], [-33.9, 31.6], [-33.9, 31.6], [-33.9, 31.6], [-33.9, 31.6], [-33.9, 31.6], [-33.9, 31.6], [-33.9, 31.6], [-33.9, 31.6], [-33.9, 31.6], [-33.9, 31.6], [-33.9, 31.6], [-33.9, 31.6], [-33.9, 31.6], [-33.9, 31.6], [-33.9, 31.6], [-33.9, 31.6], [-33.9, 31.6], [-33.9, 31.6], [-33.9, 31.6], [-33.9, 31.6], [-33.9, 31.6], [-33.9, 31.6], [-33.9, 31.6], [-33.9, 31.6], [-33.9, 31.6], [-33.9, 31.6], [-33.9, 31.6], [-33.9, 31.6], [-33.9, 31.6], [-33.9, 31.6], [-33.9, 31.6], [-33.9, 31.6], [-33.9, 31.6], [-33.9, 31.6], [-33.9, 31.6], [-33.9, 31.6], [-33.9, 31.6], [-33.9, 31.6], [-33.9, 31.6], [-33.9, 31.6], [-33.9, 31.6], [-33.9, 31.6], [-33.9, 31.6], [-33.9, 31.6], [-33.9, 31.6], [-33.9, 31.6], [-33.9, 31.6], [-33.9, 31.6], [-33.9, 31.6], [-33.9, 31.6], [-33.9, 31.6], [-33.9, 31.6], [-33.9, 31.6], [-33.9, 31.6], [-33.9, 31.6], [-33.9, 31.6], [-33.9, 31.6], [-33.9, 31.6], [-33.9, 31.6], [-33.9, 31.6], [-33.9, 31.6], [-33.9, 31.6], [-33.9, 31.6], [-33.9, 31.6], [-33.9, 31.6], [-33.9, 31.6], [-33.9, 31.6], [-33.9, 31.6], [-33.9, 31.6], [-33.9, 31.6], [-33.9, 31.6], [-33.9, 31.6], [-33.9, 31.6], [-33.9, 31.6], [-33.9, 31.6], [-33.9, 31.6], [-33.9, 31.6], [-33.9, 31.6], [-33.9, 31.6], [-33.9, 31.6], [-33.9, 31.6], [-33.9, 31.6], [-33.9, 31.6], [-33.9, 31.6], [-33.9, 31.6], [-33.9, 31.6], [-33.9, 31.6], [-33.9, 31.6], [-33.9, 31.6], [-33.9, 31.6], [-33.9, 31.6], [-33.9, 31.6], [-33.9, 31.6], [-33.9, 31.6], [-33.9, 31.6], [-33.9, 31.6], [-33.9, 31.6], [-33.9, 31.6], [-33.9, 31.6], [-33.9, 31.6], [-33.9, 31.6], [-33.9, 31.6], [-33.9, 31.6], [-33.9, 31.6], [-33.9, 31.6], [-33.9, 31.6], [-33.9, 31.6], [-33.9, 31.6], [-33.9, 31.6], [-33.9, 31.6], [-33.9, 31.6], [-33.9, 31.6], [-33.9, 31.6], [-33.9, 31.6], [-33.9, 31.6], [-33.9, 31.6], [-33.9, 31.6], [-33.9, 31.6], [-33.9, 31.6], [-33.9, 31.6], [-33.9, 31.6], [-33.9, 31.6], [-33.9, 31.6], [-33.9, 31.6], [-33.9, 31.6], [-33.9, 31.6], [-33.9, 31.6], [-33.9, 31.6], [-33.9, 31.6], [-33.9, 31.6], [-33.9, 31.6], [-33.9, 31.6], [-33.9, 31.6], [-33.9, 31.6], [-33.9, 31.6], [-33.9, 31.6], [-33.9, 31.6], [-33.9, 31.6], [-33.9, 31.6], [-33.9, 31.6], [-33.9, 31.6], [-33.9, 31.6], [-33.9, 31.6], [-33.9, 31.6], [-33.9, 31.6], [-33.9, 31.6], [-33.9, 31.6], [-33.9, 31.6], [-33.9, 31.6], [-33.9, 31.6], [-33.9, 31.6], [-33.9, 31.6], [-33.9, 31.6], [-33.9, 31.6], [-33.9, 31.6], [-33.9, 31.6], [-33.9, 31.6], [-33.9, 31.6], [-33.9, 31.6], [-33.9, 31.6], [-33.9, 31.6], [-33.9, 31.6], [-33.9, 31.6], [-33.9, 31.6], [-33.9, 31.6], [-33.9, 31.6], [-33.9, 31.6], [-33.9, 31.6], [-33.9, 31.6], [-33.9, 31.6], [-33.9, 31.6], [-33.9, 31.6], [-33.9, 31.6], [-33.9, 31.6], [-33.9, 31.6], [-33.9, 31.6], [-33.9, 31.6], [-33.9, 31.6], [-33.9, 31.6], [-33.9, 31.6], [-33.9, 31.6], [-33.9, 31.6], [-33.9, 31.6], [-33.9, 31.6], [-33.9, 31.6], [-33.9, 31.6], [-33.9, 31.6], [-33.9, 31.6], [-33.9, 31.6], [-33.9, 31.6], [-33.9, 31.6], [-33.9, 31.6], [-33.9, 31.6], [-33.9, 31.6], [-33.9, 31.6], [-33.9, 31.6], [-33.9, 31.6], [-33.9, 31.6], [-33.9, 31.6], [-33.9, 31.6], [-33.9, 31.6], [-33.9, 31.6], [-33.9, 31.6], [-33.9, 31.6], [-33.9, 31.6], [-33.9, 31.6], [-33.9, 31.6], [-33.9, 31.6], [-33.9, 31.6], [-33.9, 31.6], [-33.9, 31.6], [-33.9, 31.6], [-33.9, 31.6], [-33.9, 31.6], [-33.9, 31.6], [-33.9, 31.6], [-33.9, 31.6], [-33.9, 31.6], [-33.9, 31.6], [-33.9, 31.6], [-33.9, 31.6], [-33.9, 31.6], [-33.9, 31.6], [-33.9, 31.6], [-33.9, 31.6], [-33.9, 31.6], [-33.9, 31.6]]]}}, {"type": "Feature", "id": "TC10013233Polygon_Point_7", "properties": {"description": "Tropical Cyclone SIX-26", "name": "Tropical Cyclone SIX-26", "htmldescription": "Green Tropical Cylone SIX-26 in off-shore from: 19 Sep 2026 15:00:00 to:20 Sep 2026 03:00:00.", "link": "https://www.gdacs.org/report.aspx?eventtype=TC&eventid=1001323&episodeid=3", "featureIndex": "888", "iconeventlink": "https://www.gdacs.org/images/gdacs_icons/maps/Green/TC.png", "iconitemlink": "https://www.gdacs.org/images/gdacs_icons/maps/Green/TC.png", "alertlevel": "Green", "eventtype": "TC", "eventname": "SIX-26", "polygonlabel": "22/09 12:00 UTC", "polygontype": "Polygon_Point_7", "fromdate": "19 Sep 2026 15:00:00", "todate": "20 Sep 2026 03:00:00", "country": "", "countrylist": "", "iso3": "", "severity": "83.3328", "latitude": "33.3", "longitude": "-33.2", "imageoverview": "https://www.gdacs.org/contentdata/resources/imgtemp/gdacs/tc/1001323/clouds_1001323_3.png", "Class": "Poly_Polygon_Point_7"}, "geometry": {"type": "Polygon", "coordinates": [[[-33.9, 31.57], [-33.89852796977018, 31.570036136313846], [-33.89705948579011, 31.570144458199835], [-33.89559808576634, 31.570324704701058], [-33.89414729033952, 31.570576441587903], [-33.8927105946029, 31.570899062404163], [-33.891291459682364, 31.571291789928033], [-33.88989330439823, 31.57175367804451], [-33.888519497029044, 31.572283614024663], [-33.88717334719709, 31.5728803212063], [-33.885858097895216, 31.57354236206955], [-33.8845769176742, 31.574268141699992], [-33.88333289300941, 31.575055911630923], [-33.88212902086522, 31.575903774055583], [-33.88096820147509, 31.57680968639912], [-33.87985323135459, 31.57777146623935], [-33.8787867965644, 31.578786796564405], [-33.87777146623935, 31.57985323135459], [-33.87680968639911, 31.58096820147509], [-33.87590377405558, 31.582129020865228], [-33.87505591163092, 31.583332893009413], [-33.87426814169999, 31.584576917674205], [-33.87354236206955, 31.585858097895223], [-33.872880321206296, 31.587173347197094], [-33.87228361402466, 31.588519497029047], [-33.871753678044506, 31.589893304398235], [-33.87129178992803, 31.591291459682367], [-33.87089906240416, 31.592710594602902], [-33.8705764415879, 31.594147290339517], [-33.870324704701055, 31.59559808576634], [-33.87014445819983, 31.597059485790115], [-33.87003613631384, 31.598527969770178], [-33.87, 31.6], [-33.87003613631384, 31.601472030229825], [-33.87014445819983, 31.602940514209887], [-33.870324704701055, 31.604401914233662], [-33.8705764415879, 31.605852709660486], [-33.87089906240416, 31.6072894053971], [-33.87129178992803, 31.608708540317636], [-33.871753678044506, 31.610106695601768], [-33.87228361402466, 31.611480502970956], [-33.872880321206296, 31.61282665280291], [-33.87354236206955, 31.61414190210478], [-33.87426814169999, 31.615423082325798], [-33.87505591163092, 31.61666710699059], [-33.87590377405558, 31.617870979134775], [-33.87680968639911, 31.61903179852491], [-33.87777146623935, 31.620146768645412], [-33.8787867965644, 31.621213203435598], [-33.87985323135459, 31.62222853376065], [-33.88096820147509, 31.623190313600883], [-33.88212902086522, 31.62409622594442], [-33.88333289300941, 31.62494408836908], [-33.8845769176742, 31.62573185830001], [-33.885858097895216, 31.626457637930454], [-33.88717334719709, 31.627119678793704], [-33.888519497029044, 31.62771638597534], [-33.88989330439823, 31.628246321955494], [-33.891291459682364, 31.62870821007197], [-33.8927105946029, 31.62910093759584], [-33.89414729033952, 31.6294235584121], [-33.89559808576634, 31.629675295298945], [-33.89705948579011, 31.62985554180017], [-33.89852796977018, 31.629963863686157], [-33.9, 31.630000000000003], [-33.90147203022982, 31.629963863686157], [-33.90294051420989, 31.62985554180017], [-33.90440191423366, 31.629675295298945], [-33.90585270966048, 31.6294235584121], [-33.907289405397094, 31.62910093759584], [-33.90870854031763, 31.62870821007197], [-33.91010669560177, 31.628246321955494], [-33.91148050297095, 31.62771638597534], [-33.912826652802906, 31.627119678793704], [-33.91414190210478, 31.626457637930454], [-33.915423082325795, 31.62573185830001], [-33.91666710699059, 31.62494408836908], [-33.917870979134776, 31.62409622594442], [-33.919031798524905, 31.623190313600883], [-33.92014676864541, 31.62222853376065], [-33.9212132034356, 31.621213203435598], [-33.922228533760645, 31.620146768645412], [-33.923190313600884, 31.61903179852491], [-33.92409622594442, 31.617870979134775], [-33.924944088369074, 31.61666710699059], [-33.925731858300004, 31.615423082325798], [-33.92645763793045, 31.61414190210478], [-33.9271196787937, 31.61282665280291], [-33.92771638597534, 31.611480502970956], [-33.92824632195549, 31.610106695601768], [-33.92870821007197, 31.608708540317636], [-33.929100937595834, 31.6072894053971], [-33.9294235584121, 31.605852709660486], [-33.92967529529894, 31.604401914233662], [-33.929855541800165, 31.602940514209887], [-33.929963863686154, 31.601472030229825], [-33.93, 31.6], [-33.929963863686154, 31.598527969770178], [-33.929855541800165, 31.597059485790115], [-33.92967529529894, 31.59559808576634], [-33.9294235584121, 31.594147290339517], [-33.929100937595834, 31.592710594602902], [-33.92870821007197, 31.591291459682367], [-33.92824632195549, 31.589893304398235], [-33.92771638597534, 31.588519497029047], [-33.9271196787937, 31.587173347197094], [-33.92645763793045, 31.585858097895223], [-33.925731858300004, 31.584576917674205], [-33.924944088369074, 31.583332893009413], [-33.92409622594442, 31.582129020865228], [-33.923190313600884, 31.58096820147509], [-33.922228533760645, 31.57985323135459], [-33.9212132034356, 31.578786796564405], [-33.92014676864541, 31.57777146623935], [-33.919031798524905, 31.57680968639912], [-33.917870979134776, 31.575903774055583], [-33.91666710699059, 31.575055911630923], [-33.915423082325795, 31.574268141699992], [-33.91414190210478, 31.57354236206955], [-33.912826652802906, 31.5728803212063], [-33.91148050297095, 31.572283614024663], [-33.91010669560177, 31.57175367804451], [-33.90870854031763, 31.571291789928033], [-33.907289405397094, 31.570899062404163], [-33.90585270966048, 31.570576441587903], [-33.90440191423366, 31.570324704701058], [-33.90294051420989, 31.570144458199835], [-33.90147203022982, 31.570036136313846], [-33.9, 31.57]]]}}, {"type": "Feature", "id": "TC10013233WindRadii_34_2609230000", "properties": {"description": "Tropical Cyclone SIX-26", "name": "Tropical Cyclone SIX-26", "htmldescription": "Green Tropical Cylone SIX-26 in off-shore from: 19 Sep 2026 15:00:00 to:20 Sep 2026 03:00:00.", "link": "https://www.gdacs.org/report.aspx?eventtype=TC&eventid=1001323&episodeid=3", "featureIndex": "889", "iconeventlink": "https://www.gdacs.org/images/gdacs_icons/maps/Green/TC.png", "iconitemlink": "https://www.gdacs.org/images/gdacs_icons/maps/Green/TC.png", "alertlevel": "Green", "eventtype": "TC", "eventname": "SIX-26", "polygonlabel": "23/09 00:00", "polygontype": "WindRadii_34_2609230000", "fromdate": "19 Sep 2026 15:00:00", "todate": "20 Sep 2026 03:00:00", "country": "", "countrylist": "", "iso3": "", "severity": "83.3328", "latitude": "33.3", "longitude": "-33.2", "imageoverview": "https://www.gdacs.org/contentdata/resources/imgtemp/gdacs/tc/1001323/clouds_1001323_3.png", "Class": "Poly_WindRadii_34_2609230000"}, "geometry": {"type": "Polygon", "coordinates": [[[-35.6, 30.4], [-35.6, 30.4], [-35.6, 30.4], [-35.6, 30.4], [-35.6, 30.4], [-35.6, 30.4], [-35.6, 30.4], [-35.6, 30.4], [-35.6, 30.4], [-35.6, 30.4], [-35.6, 30.4], [-35.6, 30.4], [-35.6, 30.4], [-35.6, 30.4], [-35.6, 30.4], [-35.6, 30.4], [-35.6, 30.4], [-35.6, 30.4], [-35.6, 30.4], [-35.6, 30.4], [-35.6, 30.4], [-35.6, 30.4], [-35.6, 30.4], [-35.6, 30.4], [-35.6, 30.4], [-35.6, 30.4], [-35.6, 30.4], [-35.6, 30.4], [-35.6, 30.4], [-35.6, 30.4], [-35.6, 30.4], [-35.6, 30.4], [-35.6, 30.4], [-35.6, 30.4], [-35.6, 30.4], [-35.6, 30.4], [-35.6, 30.4], [-35.6, 30.4], [-35.6, 30.4], [-35.6, 30.4], [-35.6, 30.4], [-35.6, 30.4], [-35.6, 30.4], [-35.6, 30.4], [-35.6, 30.4], [-35.6, 30.4], [-35.6, 30.4], [-35.6, 30.4], [-35.6, 30.4], [-35.6, 30.4], [-35.6, 30.4], [-35.6, 30.4], [-35.6, 30.4], [-35.6, 30.4], [-35.6, 30.4], [-35.6, 30.4], [-35.6, 30.4], [-35.6, 30.4], [-35.6, 30.4], [-35.6, 30.4], [-35.6, 30.4], [-35.6, 30.4], [-35.6, 30.4], [-35.6, 30.4], [-35.6, 30.4], [-35.6, 30.4], [-35.6, 30.4], [-35.6, 30.4], [-35.6, 30.4], [-35.6, 30.4], [-35.6, 30.4], [-35.6, 30.4], [-35.6, 30.4], [-35.6, 30.4], [-35.6, 30.4], [-35.6, 30.4], [-35.6, 30.4], [-35.6, 30.4], [-35.6, 30.4], [-35.6, 30.4], [-35.6, 30.4], [-35.6, 30.4], [-35.6, 30.4], [-35.6, 30.4], [-35.6, 30.4], [-35.6, 30.4], [-35.6, 30.4], [-35.6, 30.4], [-35.6, 30.4], [-35.6, 30.4], [-35.6, 30.4], [-35.6, 30.4], [-35.6, 30.4], [-35.6, 30.4], [-35.6, 30.4], [-35.6, 30.4], [-35.6, 30.4], [-35.6, 30.4], [-35.6, 30.4], [-35.6, 30.4], [-35.6, 30.4], [-35.6, 30.4], [-35.6, 30.4], [-35.6, 30.4], [-35.6, 30.4], [-35.6, 30.4], [-35.6, 30.4], [-35.6, 30.4], [-35.6, 30.4], [-35.6, 30.4], [-35.6, 30.4], [-35.6, 30.4], [-35.6, 30.4], [-35.6, 30.4], [-35.6, 30.4], [-35.6, 30.4], [-35.6, 30.4], [-35.6, 30.4], [-35.6, 30.4], [-35.6, 30.4], [-35.6, 30.4], [-35.6, 30.4], [-35.6, 30.4], [-35.6, 30.4], [-35.6, 30.4], [-35.6, 30.4], [-35.6, 30.4], [-35.6, 30.4], [-35.6, 30.4], [-35.6, 30.4], [-35.6, 30.4], [-35.6, 30.4], [-35.6, 30.4], [-35.6, 30.4], [-35.6, 30.4], [-35.6, 30.4], [-35.6, 30.4], [-35.6, 30.4], [-35.6, 30.4], [-35.6, 30.4], [-35.6, 30.4], [-35.6, 30.4], [-35.6, 30.4], [-35.6, 30.4], [-35.6, 30.4], [-35.6, 30.4], [-35.6, 30.4], [-35.6, 30.4], [-35.6, 30.4], [-35.6, 30.4], [-35.6, 30.4], [-35.6, 30.4], [-35.6, 30.4], [-35.6, 30.4], [-35.6, 30.4], [-35.6, 30.4], [-35.6, 30.4], [-35.6, 30.4], [-35.6, 30.4], [-35.6, 30.4], [-35.6, 30.4], [-35.6, 30.4], [-35.6, 30.4], [-35.6, 30.4], [-35.6, 30.4], [-35.6, 30.4], [-35.6, 30.4], [-35.6, 30.4], [-35.6, 30.4], [-35.6, 30.4], [-35.6, 30.4], [-35.6, 30.4], [-35.6, 30.4], [-35.6, 30.4], [-35.6, 30.4], [-35.6, 30.4], [-35.6, 30.4], [-35.6, 30.4], [-35.6, 30.4], [-35.6, 30.4], [-35.6, 30.4], [-35.6, 30.4], [-35.6, 30.4], [-35.6, 30.4], [-35.6, 30.4], [-35.6, 30.4], [-35.6, 30.4], [-35.6, 30.4], [-35.6, 30.4], [-35.6, 30.4], [-35.6, 30.4], [-35.6, 30.4], [-35.6, 30.4], [-35.6, 30.4], [-35.6, 30.4], [-35.6, 30.4], [-35.6, 30.4], [-35.6, 30.4], [-35.6, 30.4], [-35.6, 30.4], [-35.6, 30.4], [-35.6, 30.4], [-35.6, 30.4], [-35.6, 30.4], [-35.6, 30.4], [-35.6, 30.4], [-35.6, 30.4], [-35.6, 30.4], [-35.6, 30.4], [-35.6, 30.4], [-35.6, 30.4], [-35.6, 30.4], [-35.6, 30.4], [-35.6, 30.4], [-35.6, 30.4], [-35.6, 30.4], [-35.6, 30.4], [-35.6, 30.4], [-35.6, 30.4], [-35.6, 30.4], [-35.6, 30.4], [-35.6, 30.4], [-35.6, 30.4], [-35.6, 30.4], [-35.6, 30.4], [-35.6, 30.4], [-35.6, 30.4], [-35.6, 30.4], [-35.6, 30.4], [-35.6, 30.4], [-35.6, 30.4], [-35.6, 30.4], [-35.6, 30.4], [-35.6, 30.4], [-35.6, 30.4], [-35.6, 30.4], [-35.6, 30.4], [-35.6, 30.4], [-35.6, 30.4], [-35.6, 30.4], [-35.6, 30.4], [-35.6, 30.4], [-35.6, 30.4], [-35.6, 30.4], [-35.6, 30.4], [-35.6, 30.4], [-35.6, 30.4], [-35.6, 30.4], [-35.6, 30.4], [-35.6, 30.4], [-35.6, 30.4], [-35.6, 30.4], [-35.6, 30.4], [-35.6, 30.4], [-35.6, 30.4], [-35.6, 30.4], [-35.6, 30.4], [-35.6, 30.4], [-35.6, 30.4], [-35.6, 30.4], [-35.6, 30.4], [-35.6, 30.4], [-35.6, 30.4], [-35.6, 30.4], [-35.6, 30.4], [-35.6, 30.4], [-35.6, 30.4], [-35.6, 30.4], [-35.6, 30.4], [-35.6, 30.4], [-35.6, 30.4], [-35.6, 30.4], [-35.6, 30.4], [-35.6, 30.4], [-35.6, 30.4], [-35.6, 30.4], [-35.6, 30.4], [-35.6, 30.4], [-35.6, 30.4], [-35.6, 30.4], [-35.6, 30.4], [-35.6, 30.4], [-35.6, 30.4], [-35.6, 30.4], [-35.6, 30.4], [-35.6, 30.4], [-35.6, 30.4], [-35.6, 30.4], [-35.6, 30.4], [-35.6, 30.4], [-35.6, 30.4], [-35.6, 30.4], [-35.6, 30.4], [-35.6, 30.4], [-35.6, 30.4], [-35.6, 30.4], [-35.6, 30.4], [-35.6, 30.4], [-35.6, 30.4], [-35.6, 30.4], [-35.6, 30.4], [-35.6, 30.4], [-35.6, 30.4], [-35.6, 30.4], [-35.6, 30.4], [-35.6, 30.4], [-35.6, 30.4], [-35.6, 30.4], [-35.6, 30.4], [-35.6, 30.4], [-35.6, 30.4], [-35.6, 30.4], [-35.6, 30.4], [-35.6, 30.4], [-35.6, 30.4], [-35.6, 30.4], [-35.6, 30.4], [-35.6, 30.4], [-35.6, 30.4], [-35.6, 30.4], [-35.6, 30.4], [-35.6, 30.4], [-35.6, 30.4], [-35.6, 30.4], [-35.6, 30.4], [-35.6, 30.4], [-35.6, 30.4], [-35.6, 30.4], [-35.6, 30.4], [-35.6, 30.4], [-35.6, 30.4], [-35.6, 30.4], [-35.6, 30.4], [-35.6, 30.4], [-35.6, 30.4], [-35.6, 30.4], [-35.6, 30.4], [-35.6, 30.4], [-35.6, 30.4], [-35.6, 30.4], [-35.6, 30.4], [-35.6, 30.4], [-35.6, 30.4], [-35.6, 30.4], [-35.6, 30.4], [-35.6, 30.4], [-35.6, 30.4], [-35.6, 30.4], [-35.6, 30.4], [-35.6, 30.4], [-35.6, 30.4], [-35.6, 30.4], [-35.6, 30.4], [-35.6, 30.4], [-35.6, 30.4], [-35.6, 30.4], [-35.6, 30.4], [-35.6, 30.4], [-35.6, 30.4], [-35.6, 30.4], [-35.6, 30.4], [-35.6, 30.4], [-35.6, 30.4], [-35.6, 30.4], [-35.6, 30.4]]]}}, {"type": "Feature", "id": "TC10013233WindRadii_50_2609230000", "properties": {"description": "Tropical Cyclone SIX-26", "name": "Tropical Cyclone SIX-26", "htmldescription": "Green Tropical Cylone SIX-26 in off-shore from: 19 Sep 2026 15:00:00 to:20 Sep 2026 03:00:00.", "link": "https://www.gdacs.org/report.aspx?eventtype=TC&eventid=1001323&episodeid=3", "featureIndex": "890", "iconeventlink": "https://www.gdacs.org/images/gdacs_icons/maps/Green/TC.png", "iconitemlink": "https://www.gdacs.org/images/gdacs_icons/maps/Green/TC.png", "alertlevel": "Green", "eventtype": "TC", "eventname": "SIX-26", "polygonlabel": "23/09 00:00", "polygontype": "WindRadii_50_2609230000", "fromdate": "19 Sep 2026 15:00:00", "todate": "20 Sep 2026 03:00:00", "country": "", "countrylist": "", "iso3": "", "severity": "83.3328", "latitude": "33.3", "longitude": "-33.2", "imageoverview": "https://www.gdacs.org/contentdata/resources/imgtemp/gdacs/tc/1001323/clouds_1001323_3.png", "Class": "Poly_WindRadii_50_2609230000"}, "geometry": {"type": "Polygon", "coordinates": [[[-35.6, 30.4], [-35.6, 30.4], [-35.6, 30.4], [-35.6, 30.4], [-35.6, 30.4], [-35.6, 30.4], [-35.6, 30.4], [-35.6, 30.4], [-35.6, 30.4], [-35.6, 30.4], [-35.6, 30.4], [-35.6, 30.4], [-35.6, 30.4], [-35.6, 30.4], [-35.6, 30.4], [-35.6, 30.4], [-35.6, 30.4], [-35.6, 30.4], [-35.6, 30.4], [-35.6, 30.4], [-35.6, 30.4], [-35.6, 30.4], [-35.6, 30.4], [-35.6, 30.4], [-35.6, 30.4], [-35.6, 30.4], [-35.6, 30.4], [-35.6, 30.4], [-35.6, 30.4], [-35.6, 30.4], [-35.6, 30.4], [-35.6, 30.4], [-35.6, 30.4], [-35.6, 30.4], [-35.6, 30.4], [-35.6, 30.4], [-35.6, 30.4], [-35.6, 30.4], [-35.6, 30.4], [-35.6, 30.4], [-35.6, 30.4], [-35.6, 30.4], [-35.6, 30.4], [-35.6, 30.4], [-35.6, 30.4], [-35.6, 30.4], [-35.6, 30.4], [-35.6, 30.4], [-35.6, 30.4], [-35.6, 30.4], [-35.6, 30.4], [-35.6, 30.4], [-35.6, 30.4], [-35.6, 30.4], [-35.6, 30.4], [-35.6, 30.4], [-35.6, 30.4], [-35.6, 30.4], [-35.6, 30.4], [-35.6, 30.4], [-35.6, 30.4], [-35.6, 30.4], [-35.6, 30.4], [-35.6, 30.4], [-35.6, 30.4], [-35.6, 30.4], [-35.6, 30.4], [-35.6, 30.4], [-35.6, 30.4], [-35.6, 30.4], [-35.6, 30.4], [-35.6, 30.4], [-35.6, 30.4], [-35.6, 30.4], [-35.6, 30.4], [-35.6, 30.4], [-35.6, 30.4], [-35.6, 30.4], [-35.6, 30.4], [-35.6, 30.4], [-35.6, 30.4], [-35.6, 30.4], [-35.6, 30.4], [-35.6, 30.4], [-35.6, 30.4], [-35.6, 30.4], [-35.6, 30.4], [-35.6, 30.4], [-35.6, 30.4], [-35.6, 30.4], [-35.6, 30.4], [-35.6, 30.4], [-35.6, 30.4], [-35.6, 30.4], [-35.6, 30.4], [-35.6, 30.4], [-35.6, 30.4], [-35.6, 30.4], [-35.6, 30.4], [-35.6, 30.4], [-35.6, 30.4], [-35.6, 30.4], [-35.6, 30.4], [-35.6, 30.4], [-35.6, 30.4], [-35.6, 30.4], [-35.6, 30.4], [-35.6, 30.4], [-35.6, 30.4], [-35.6, 30.4], [-35.6, 30.4], [-35.6, 30.4], [-35.6, 30.4], [-35.6, 30.4], [-35.6, 30.4], [-35.6, 30.4], [-35.6, 30.4], [-35.6, 30.4], [-35.6, 30.4], [-35.6, 30.4], [-35.6, 30.4], [-35.6, 30.4], [-35.6, 30.4], [-35.6, 30.4], [-35.6, 30.4], [-35.6, 30.4], [-35.6, 30.4], [-35.6, 30.4], [-35.6, 30.4], [-35.6, 30.4], [-35.6, 30.4], [-35.6, 30.4], [-35.6, 30.4], [-35.6, 30.4], [-35.6, 30.4], [-35.6, 30.4], [-35.6, 30.4], [-35.6, 30.4], [-35.6, 30.4], [-35.6, 30.4], [-35.6, 30.4], [-35.6, 30.4], [-35.6, 30.4], [-35.6, 30.4], [-35.6, 30.4], [-35.6, 30.4], [-35.6, 30.4], [-35.6, 30.4], [-35.6, 30.4], [-35.6, 30.4], [-35.6, 30.4], [-35.6, 30.4], [-35.6, 30.4], [-35.6, 30.4], [-35.6, 30.4], [-35.6, 30.4], [-35.6, 30.4], [-35.6, 30.4], [-35.6, 30.4], [-35.6, 30.4], [-35.6, 30.4], [-35.6, 30.4], [-35.6, 30.4], [-35.6, 30.4], [-35.6, 30.4], [-35.6, 30.4], [-35.6, 30.4], [-35.6, 30.4], [-35.6, 30.4], [-35.6, 30.4], [-35.6, 30.4], [-35.6, 30.4], [-35.6, 30.4], [-35.6, 30.4], [-35.6, 30.4], [-35.6, 30.4], [-35.6, 30.4], [-35.6, 30.4], [-35.6, 30.4], [-35.6, 30.4], [-35.6, 30.4], [-35.6, 30.4], [-35.6, 30.4], [-35.6, 30.4], [-35.6, 30.4], [-35.6, 30.4], [-35.6, 30.4], [-35.6, 30.4], [-35.6, 30.4], [-35.6, 30.4], [-35.6, 30.4], [-35.6, 30.4], [-35.6, 30.4], [-35.6, 30.4], [-35.6, 30.4], [-35.6, 30.4], [-35.6, 30.4], [-35.6, 30.4], [-35.6, 30.4], [-35.6, 30.4], [-35.6, 30.4], [-35.6, 30.4], [-35.6, 30.4], [-35.6, 30.4], [-35.6, 30.4], [-35.6, 30.4], [-35.6, 30.4], [-35.6, 30.4], [-35.6, 30.4], [-35.6, 30.4], [-35.6, 30.4], [-35.6, 30.4], [-35.6, 30.4], [-35.6, 30.4], [-35.6, 30.4], [-35.6, 30.4], [-35.6, 30.4], [-35.6, 30.4], [-35.6, 30.4], [-35.6, 30.4], [-35.6, 30.4], [-35.6, 30.4], [-35.6, 30.4], [-35.6, 30.4], [-35.6, 30.4], [-35.6, 30.4], [-35.6, 30.4], [-35.6, 30.4], [-35.6, 30.4], [-35.6, 30.4], [-35.6, 30.4], [-35.6, 30.4], [-35.6, 30.4], [-35.6, 30.4], [-35.6, 30.4], [-35.6, 30.4], [-35.6, 30.4], [-35.6, 30.4], [-35.6, 30.4], [-35.6, 30.4], [-35.6, 30.4], [-35.6, 30.4], [-35.6, 30.4], [-35.6, 30.4], [-35.6, 30.4], [-35.6, 30.4], [-35.6, 30.4], [-35.6, 30.4], [-35.6, 30.4], [-35.6, 30.4], [-35.6, 30.4], [-35.6, 30.4], [-35.6, 30.4], [-35.6, 30.4], [-35.6, 30.4], [-35.6, 30.4], [-35.6, 30.4], [-35.6, 30.4], [-35.6, 30.4], [-35.6, 30.4], [-35.6, 30.4], [-35.6, 30.4], [-35.6, 30.4], [-35.6, 30.4], [-35.6, 30.4], [-35.6, 30.4], [-35.6, 30.4], [-35.6, 30.4], [-35.6, 30.4], [-35.6, 30.4], [-35.6, 30.4], [-35.6, 30.4], [-35.6, 30.4], [-35.6, 30.4], [-35.6, 30.4], [-35.6, 30.4], [-35.6, 30.4], [-35.6, 30.4], [-35.6, 30.4], [-35.6, 30.4], [-35.6, 30.4], [-35.6, 30.4], [-35.6, 30.4], [-35.6, 30.4], [-35.6, 30.4], [-35.6, 30.4], [-35.6, 30.4], [-35.6, 30.4], [-35.6, 30.4], [-35.6, 30.4], [-35.6, 30.4], [-35.6, 30.4], [-35.6, 30.4], [-35.6, 30.4], [-35.6, 30.4], [-35.6, 30.4], [-35.6, 30.4], [-35.6, 30.4], [-35.6, 30.4], [-35.6, 30.4], [-35.6, 30.4], [-35.6, 30.4], [-35.6, 30.4], [-35.6, 30.4], [-35.6, 30.4], [-35.6, 30.4], [-35.6, 30.4], [-35.6, 30.4], [-35.6, 30.4], [-35.6, 30.4], [-35.6, 30.4], [-35.6, 30.4], [-35.6, 30.4], [-35.6, 30.4], [-35.6, 30.4], [-35.6, 30.4], [-35.6, 30.4], [-35.6, 30.4], [-35.6, 30.4], [-35.6, 30.4], [-35.6, 30.4], [-35.6, 30.4], [-35.6, 30.4], [-35.6, 30.4], [-35.6, 30.4], [-35.6, 30.4], [-35.6, 30.4], [-35.6, 30.4], [-35.6, 30.4], [-35.6, 30.4], [-35.6, 30.4], [-35.6, 30.4], [-35.6, 30.4], [-35.6, 30.4], [-35.6, 30.4], [-35.6, 30.4], [-35.6, 30.4], [-35.6, 30.4], [-35.6, 30.4], [-35.6, 30.4], [-35.6, 30.4], [-35.6, 30.4], [-35.6, 30.4], [-35.6, 30.4], [-35.6, 30.4], [-35.6, 30.4], [-35.6, 30.4], [-35.6, 30.4], [-35.6, 30.4], [-35.6, 30.4], [-35.6, 30.4], [-35.6, 30.4], [-35.6, 30.4], [-35.6, 30.4], [-35.6, 30.4], [-35.6, 30.4], [-35.6, 30.4], [-35.6, 30.4], [-35.6, 30.4], [-35.6, 30.4], [-35.6, 30.4], [-35.6, 30.4], [-35.6, 30.4], [-35.6, 30.4], [-35.6, 30.4]]]}}, {"type": "Feature", "id": "TC10013233WindRadii_64_2609230000", "properties": {"description": "Tropical Cyclone SIX-26", "name": "Tropical Cyclone SIX-26", "htmldescription": "Green Tropical Cylone SIX-26 in off-shore from: 19 Sep 2026 15:00:00 to:20 Sep 2026 03:00:00.", "link": "https://www.gdacs.org/report.aspx?eventtype=TC&eventid=1001323&episodeid=3", "featureIndex": "891", "iconeventlink": "https://www.gdacs.org/images/gdacs_icons/maps/Green/TC.png", "iconitemlink": "https://www.gdacs.org/images/gdacs_icons/maps/Green/TC.png", "alertlevel": "Green", "eventtype": "TC", "eventname": "SIX-26", "polygonlabel": "23/09 00:00", "polygontype": "WindRadii_64_2609230000", "fromdate": "19 Sep 2026 15:00:00", "todate": "20 Sep 2026 03:00:00", "country": "", "countrylist": "", "iso3": "", "severity": "83.3328", "latitude": "33.3", "longitude": "-33.2", "imageoverview": "https://www.gdacs.org/contentdata/resources/imgtemp/gdacs/tc/1001323/clouds_1001323_3.png", "Class": "Poly_WindRadii_64_2609230000"}, "geometry": {"type": "Polygon", "coordinates": [[[-35.6, 30.4], [-35.6, 30.4], [-35.6, 30.4], [-35.6, 30.4], [-35.6, 30.4], [-35.6, 30.4], [-35.6, 30.4], [-35.6, 30.4], [-35.6, 30.4], [-35.6, 30.4], [-35.6, 30.4], [-35.6, 30.4], [-35.6, 30.4], [-35.6, 30.4], [-35.6, 30.4], [-35.6, 30.4], [-35.6, 30.4], [-35.6, 30.4], [-35.6, 30.4], [-35.6, 30.4], [-35.6, 30.4], [-35.6, 30.4], [-35.6, 30.4], [-35.6, 30.4], [-35.6, 30.4], [-35.6, 30.4], [-35.6, 30.4], [-35.6, 30.4], [-35.6, 30.4], [-35.6, 30.4], [-35.6, 30.4], [-35.6, 30.4], [-35.6, 30.4], [-35.6, 30.4], [-35.6, 30.4], [-35.6, 30.4], [-35.6, 30.4], [-35.6, 30.4], [-35.6, 30.4], [-35.6, 30.4], [-35.6, 30.4], [-35.6, 30.4], [-35.6, 30.4], [-35.6, 30.4], [-35.6, 30.4], [-35.6, 30.4], [-35.6, 30.4], [-35.6, 30.4], [-35.6, 30.4], [-35.6, 30.4], [-35.6, 30.4], [-35.6, 30.4], [-35.6, 30.4], [-35.6, 30.4], [-35.6, 30.4], [-35.6, 30.4], [-35.6, 30.4], [-35.6, 30.4], [-35.6, 30.4], [-35.6, 30.4], [-35.6, 30.4], [-35.6, 30.4], [-35.6, 30.4], [-35.6, 30.4], [-35.6, 30.4], [-35.6, 30.4], [-35.6, 30.4], [-35.6, 30.4], [-35.6, 30.4], [-35.6, 30.4], [-35.6, 30.4], [-35.6, 30.4], [-35.6, 30.4], [-35.6, 30.4], [-35.6, 30.4], [-35.6, 30.4], [-35.6, 30.4], [-35.6, 30.4], [-35.6, 30.4], [-35.6, 30.4], [-35.6, 30.4], [-35.6, 30.4], [-35.6, 30.4], [-35.6, 30.4], [-35.6, 30.4], [-35.6, 30.4], [-35.6, 30.4], [-35.6, 30.4], [-35.6, 30.4], [-35.6, 30.4], [-35.6, 30.4], [-35.6, 30.4], [-35.6, 30.4], [-35.6, 30.4], [-35.6, 30.4], [-35.6, 30.4], [-35.6, 30.4], [-35.6, 30.4], [-35.6, 30.4], [-35.6, 30.4], [-35.6, 30.4], [-35.6, 30.4], [-35.6, 30.4], [-35.6, 30.4], [-35.6, 30.4], [-35.6, 30.4], [-35.6, 30.4], [-35.6, 30.4], [-35.6, 30.4], [-35.6, 30.4], [-35.6, 30.4], [-35.6, 30.4], [-35.6, 30.4], [-35.6, 30.4], [-35.6, 30.4], [-35.6, 30.4], [-35.6, 30.4], [-35.6, 30.4], [-35.6, 30.4], [-35.6, 30.4], [-35.6, 30.4], [-35.6, 30.4], [-35.6, 30.4], [-35.6, 30.4], [-35.6, 30.4], [-35.6, 30.4], [-35.6, 30.4], [-35.6, 30.4], [-35.6, 30.4], [-35.6, 30.4], [-35.6, 30.4], [-35.6, 30.4], [-35.6, 30.4], [-35.6, 30.4], [-35.6, 30.4], [-35.6, 30.4], [-35.6, 30.4], [-35.6, 30.4], [-35.6, 30.4], [-35.6, 30.4], [-35.6, 30.4], [-35.6, 30.4], [-35.6, 30.4], [-35.6, 30.4], [-35.6, 30.4], [-35.6, 30.4], [-35.6, 30.4], [-35.6, 30.4], [-35.6, 30.4], [-35.6, 30.4], [-35.6, 30.4], [-35.6, 30.4], [-35.6, 30.4], [-35.6, 30.4], [-35.6, 30.4], [-35.6, 30.4], [-35.6, 30.4], [-35.6, 30.4], [-35.6, 30.4], [-35.6, 30.4], [-35.6, 30.4], [-35.6, 30.4], [-35.6, 30.4], [-35.6, 30.4], [-35.6, 30.4], [-35.6, 30.4], [-35.6, 30.4], [-35.6, 30.4], [-35.6, 30.4], [-35.6, 30.4], [-35.6, 30.4], [-35.6, 30.4], [-35.6, 30.4], [-35.6, 30.4], [-35.6, 30.4], [-35.6, 30.4], [-35.6, 30.4], [-35.6, 30.4], [-35.6, 30.4], [-35.6, 30.4], [-35.6, 30.4], [-35.6, 30.4], [-35.6, 30.4], [-35.6, 30.4], [-35.6, 30.4], [-35.6, 30.4], [-35.6, 30.4], [-35.6, 30.4], [-35.6, 30.4], [-35.6, 30.4], [-35.6, 30.4], [-35.6, 30.4], [-35.6, 30.4], [-35.6, 30.4], [-35.6, 30.4], [-35.6, 30.4], [-35.6, 30.4], [-35.6, 30.4], [-35.6, 30.4], [-35.6, 30.4], [-35.6, 30.4], [-35.6, 30.4], [-35.6, 30.4], [-35.6, 30.4], [-35.6, 30.4], [-35.6, 30.4], [-35.6, 30.4], [-35.6, 30.4], [-35.6, 30.4], [-35.6, 30.4], [-35.6, 30.4], [-35.6, 30.4], [-35.6, 30.4], [-35.6, 30.4], [-35.6, 30.4], [-35.6, 30.4], [-35.6, 30.4], [-35.6, 30.4], [-35.6, 30.4], [-35.6, 30.4], [-35.6, 30.4], [-35.6, 30.4], [-35.6, 30.4], [-35.6, 30.4], [-35.6, 30.4], [-35.6, 30.4], [-35.6, 30.4], [-35.6, 30.4], [-35.6, 30.4], [-35.6, 30.4], [-35.6, 30.4], [-35.6, 30.4], [-35.6, 30.4], [-35.6, 30.4], [-35.6, 30.4], [-35.6, 30.4], [-35.6, 30.4], [-35.6, 30.4], [-35.6, 30.4], [-35.6, 30.4], [-35.6, 30.4], [-35.6, 30.4], [-35.6, 30.4], [-35.6, 30.4], [-35.6, 30.4], [-35.6, 30.4], [-35.6, 30.4], [-35.6, 30.4], [-35.6, 30.4], [-35.6, 30.4], [-35.6, 30.4], [-35.6, 30.4], [-35.6, 30.4], [-35.6, 30.4], [-35.6, 30.4], [-35.6, 30.4], [-35.6, 30.4], [-35.6, 30.4], [-35.6, 30.4], [-35.6, 30.4], [-35.6, 30.4], [-35.6, 30.4], [-35.6, 30.4], [-35.6, 30.4], [-35.6, 30.4], [-35.6, 30.4], [-35.6, 30.4], [-35.6, 30.4], [-35.6, 30.4], [-35.6, 30.4], [-35.6, 30.4], [-35.6, 30.4], [-35.6, 30.4], [-35.6, 30.4], [-35.6, 30.4], [-35.6, 30.4], [-35.6, 30.4], [-35.6, 30.4], [-35.6, 30.4], [-35.6, 30.4], [-35.6, 30.4], [-35.6, 30.4], [-35.6, 30.4], [-35.6, 30.4], [-35.6, 30.4], [-35.6, 30.4], [-35.6, 30.4], [-35.6, 30.4], [-35.6, 30.4], [-35.6, 30.4], [-35.6, 30.4], [-35.6, 30.4], [-35.6, 30.4], [-35.6, 30.4], [-35.6, 30.4], [-35.6, 30.4], [-35.6, 30.4], [-35.6, 30.4], [-35.6, 30.4], [-35.6, 30.4], [-35.6, 30.4], [-35.6, 30.4], [-35.6, 30.4], [-35.6, 30.4], [-35.6, 30.4], [-35.6, 30.4], [-35.6, 30.4], [-35.6, 30.4], [-35.6, 30.4], [-35.6, 30.4], [-35.6, 30.4], [-35.6, 30.4], [-35.6, 30.4], [-35.6, 30.4], [-35.6, 30.4], [-35.6, 30.4], [-35.6, 30.4], [-35.6, 30.4], [-35.6, 30.4], [-35.6, 30.4], [-35.6, 30.4], [-35.6, 30.4], [-35.6, 30.4], [-35.6, 30.4], [-35.6, 30.4], [-35.6, 30.4], [-35.6, 30.4], [-35.6, 30.4], [-35.6, 30.4], [-35.6, 30.4], [-35.6, 30.4], [-35.6, 30.4], [-35.6, 30.4], [-35.6, 30.4], [-35.6, 30.4], [-35.6, 30.4], [-35.6, 30.4], [-35.6, 30.4], [-35.6, 30.4], [-35.6, 30.4], [-35.6, 30.4], [-35.6, 30.4], [-35.6, 30.4], [-35.6, 30.4], [-35.6, 30.4], [-35.6, 30.4], [-35.6, 30.4], [-35.6, 30.4], [-35.6, 30.4], [-35.6, 30.4], [-35.6, 30.4], [-35.6, 30.4], [-35.6, 30.4], [-35.6, 30.4], [-35.6, 30.4], [-35.6, 30.4], [-35.6, 30.4], [-35.6, 30.4], [-35.6, 30.4], [-35.6, 30.4], [-35.6, 30.4], [-35.6, 30.4], [-35.6, 30.4], [-35.6, 30.4], [-35.6, 30.4]]]}}, {"type": "Feature", "id": "TC10013233Polygon_Point_8", "properties": {"description": "Tropical Cyclone SIX-26", "name": "Tropical Cyclone SIX-26", "htmldescription": "Green Tropical Cylone SIX-26 in off-shore from: 19 Sep 2026 15:00:00 to:20 Sep 2026 03:00:00.", "link": "https://www.gdacs.org/report.aspx?eventtype=TC&eventid=1001323&episodeid=3", "featureIndex": "892", "iconeventlink": "https://www.gdacs.org/images/gdacs_icons/maps/Green/TC.png", "iconitemlink": "https://www.gdacs.org/images/gdacs_icons/maps/Green/TC.png", "alertlevel": "Green", "eventtype": "TC", "eventname": "SIX-26", "polygonlabel": "23/09 00:00 UTC", "polygontype": "Polygon_Point_8", "fromdate": "19 Sep 2026 15:00:00", "todate": "20 Sep 2026 03:00:00", "country": "", "countrylist": "", "iso3": "", "severity": "83.3328", "latitude": "33.3", "longitude": "-33.2", "imageoverview": "https://www.gdacs.org/contentdata/resources/imgtemp/gdacs/tc/1001323/clouds_1001323_3.png", "Class": "Poly_Polygon_Point_8"}, "geometry": {"type": "Polygon", "coordinates": [[[-35.6, 30.369999999999997], [-35.59852796977018, 30.370036136313843], [-35.59705948579011, 30.37014445819983], [-35.59559808576634, 30.370324704701055], [-35.59414729033952, 30.3705764415879], [-35.592710594602906, 30.37089906240416], [-35.59129145968237, 30.37129178992803], [-35.58989330439823, 30.371753678044506], [-35.58851949702905, 30.37228361402466], [-35.587173347197094, 30.372880321206296], [-35.58585809789522, 30.373542362069546], [-35.584576917674205, 30.37426814169999], [-35.58333289300941, 30.37505591163092], [-35.582129020865224, 30.37590377405558], [-35.580968201475095, 30.376809686399117], [-35.57985323135459, 30.37777146623935], [-35.5787867965644, 30.378786796564402], [-35.577771466239355, 30.379853231354588], [-35.576809686399116, 30.38096820147509], [-35.57590377405558, 30.382129020865225], [-35.575055911630926, 30.38333289300941], [-35.574268141699996, 30.384576917674202], [-35.57354236206955, 30.38585809789522], [-35.5728803212063, 30.38717334719709], [-35.57228361402466, 30.388519497029044], [-35.57175367804451, 30.389893304398232], [-35.57129178992803, 30.391291459682364], [-35.570899062404166, 30.3927105946029], [-35.5705764415879, 30.394147290339514], [-35.57032470470106, 30.395598085766338], [-35.570144458199835, 30.397059485790113], [-35.570036136313846, 30.398527969770175], [-35.57, 30.4], [-35.570036136313846, 30.401472030229822], [-35.570144458199835, 30.402940514209885], [-35.57032470470106, 30.40440191423366], [-35.5705764415879, 30.405852709660483], [-35.570899062404166, 30.407289405397098], [-35.57129178992803, 30.408708540317633], [-35.57175367804451, 30.410106695601765], [-35.57228361402466, 30.411480502970953], [-35.5728803212063, 30.412826652802906], [-35.57354236206955, 30.414141902104777], [-35.574268141699996, 30.415423082325795], [-35.575055911630926, 30.416667106990587], [-35.57590377405558, 30.417870979134772], [-35.576809686399116, 30.41903179852491], [-35.577771466239355, 30.42014676864541], [-35.5787867965644, 30.421213203435595], [-35.57985323135459, 30.42222853376065], [-35.580968201475095, 30.42319031360088], [-35.582129020865224, 30.424096225944417], [-35.58333289300941, 30.424944088369077], [-35.584576917674205, 30.425731858300008], [-35.58585809789522, 30.42645763793045], [-35.587173347197094, 30.4271196787937], [-35.58851949702905, 30.427716385975337], [-35.58989330439823, 30.42824632195549], [-35.59129145968237, 30.428708210071967], [-35.592710594602906, 30.429100937595837], [-35.59414729033952, 30.429423558412097], [-35.59559808576634, 30.429675295298942], [-35.59705948579011, 30.429855541800165], [-35.59852796977018, 30.429963863686154], [-35.6, 30.43], [-35.60147203022982, 30.429963863686154], [-35.60294051420989, 30.429855541800165], [-35.60440191423366, 30.429675295298942], [-35.60585270966048, 30.429423558412097], [-35.6072894053971, 30.429100937595837], [-35.608708540317636, 30.428708210071967], [-35.61010669560177, 30.42824632195549], [-35.611480502970956, 30.427716385975337], [-35.61282665280291, 30.4271196787937], [-35.614141902104784, 30.42645763793045], [-35.6154230823258, 30.425731858300008], [-35.61666710699059, 30.424944088369077], [-35.61787097913478, 30.424096225944417], [-35.61903179852491, 30.42319031360088], [-35.62014676864541, 30.42222853376065], [-35.6212132034356, 30.421213203435595], [-35.62222853376065, 30.42014676864541], [-35.62319031360089, 30.41903179852491], [-35.62409622594442, 30.417870979134772], [-35.62494408836908, 30.416667106990587], [-35.62573185830001, 30.415423082325795], [-35.62645763793045, 30.414141902104777], [-35.627119678793704, 30.412826652802906], [-35.62771638597534, 30.411480502970953], [-35.628246321955494, 30.410106695601765], [-35.62870821007197, 30.408708540317633], [-35.62910093759584, 30.407289405397098], [-35.6294235584121, 30.405852709660483], [-35.629675295298945, 30.40440191423366], [-35.62985554180017, 30.402940514209885], [-35.62996386368616, 30.401472030229822], [-35.63, 30.4], [-35.62996386368616, 30.398527969770175], [-35.62985554180017, 30.397059485790113], [-35.629675295298945, 30.395598085766338], [-35.6294235584121, 30.394147290339514], [-35.62910093759584, 30.3927105946029], [-35.62870821007197, 30.391291459682364], [-35.628246321955494, 30.389893304398232], [-35.62771638597534, 30.388519497029044], [-35.627119678793704, 30.38717334719709], [-35.62645763793045, 30.38585809789522], [-35.62573185830001, 30.384576917674202], [-35.62494408836908, 30.38333289300941], [-35.62409622594442, 30.382129020865225], [-35.62319031360089, 30.38096820147509], [-35.62222853376065, 30.379853231354588], [-35.6212132034356, 30.378786796564402], [-35.62014676864541, 30.37777146623935], [-35.61903179852491, 30.376809686399117], [-35.61787097913478, 30.37590377405558], [-35.61666710699059, 30.37505591163092], [-35.6154230823258, 30.37426814169999], [-35.614141902104784, 30.373542362069546], [-35.61282665280291, 30.372880321206296], [-35.611480502970956, 30.37228361402466], [-35.61010669560177, 30.371753678044506], [-35.608708540317636, 30.37129178992803], [-35.6072894053971, 30.37089906240416], [-35.60585270966048, 30.3705764415879], [-35.60440191423366, 30.370324704701055], [-35.60294051420989, 30.37014445819983], [-35.60147203022982, 30.370036136313843], [-35.6, 30.369999999999997]]]}}, {"type": "Feature", "id": "TC10013233WindRadii_34_2609240000", "properties": {"description": "Tropical Cyclone SIX-26", "name": "Tropical Cyclone SIX-26", "htmldescription": "Green Tropical Cylone SIX-26 in off-shore from: 19 Sep 2026 15:00:00 to:20 Sep 2026 03:00:00.", "link": "https://www.gdacs.org/report.aspx?eventtype=TC&eventid=1001323&episodeid=3", "featureIndex": "893", "iconeventlink": "https://www.gdacs.org/images/gdacs_icons/maps/Green/TC.png", "iconitemlink": "https://www.gdacs.org/images/gdacs_icons/maps/Green/TC.png", "alertlevel": "Green", "eventtype": "TC", "eventname": "SIX-26", "polygonlabel": "24/09 00:00", "polygontype": "WindRadii_34_2609240000", "fromdate": "19 Sep 2026 15:00:00", "todate": "20 Sep 2026 03:00:00", "country": "", "countrylist": "", "iso3": "", "severity": "83.3328", "latitude": "33.3", "longitude": "-33.2", "imageoverview": "https://www.gdacs.org/contentdata/resources/imgtemp/gdacs/tc/1001323/clouds_1001323_3.png", "Class": "Poly_WindRadii_34_2609240000"}, "geometry": {"type": "Polygon", "coordinates": [[[-39.1, 29.0], [-39.1, 29.0], [-39.1, 29.0], [-39.1, 29.0], [-39.1, 29.0], [-39.1, 29.0], [-39.1, 29.0], [-39.1, 29.0], [-39.1, 29.0], [-39.1, 29.0], [-39.1, 29.0], [-39.1, 29.0], [-39.1, 29.0], [-39.1, 29.0], [-39.1, 29.0], [-39.1, 29.0], [-39.1, 29.0], [-39.1, 29.0], [-39.1, 29.0], [-39.1, 29.0], [-39.1, 29.0], [-39.1, 29.0], [-39.1, 29.0], [-39.1, 29.0], [-39.1, 29.0], [-39.1, 29.0], [-39.1, 29.0], [-39.1, 29.0], [-39.1, 29.0], [-39.1, 29.0], [-39.1, 29.0], [-39.1, 29.0], [-39.1, 29.0], [-39.1, 29.0], [-39.1, 29.0], [-39.1, 29.0], [-39.1, 29.0], [-39.1, 29.0], [-39.1, 29.0], [-39.1, 29.0], [-39.1, 29.0], [-39.1, 29.0], [-39.1, 29.0], [-39.1, 29.0], [-39.1, 29.0], [-39.1, 29.0], [-39.1, 29.0], [-39.1, 29.0], [-39.1, 29.0], [-39.1, 29.0], [-39.1, 29.0], [-39.1, 29.0], [-39.1, 29.0], [-39.1, 29.0], [-39.1, 29.0], [-39.1, 29.0], [-39.1, 29.0], [-39.1, 29.0], [-39.1, 29.0], [-39.1, 29.0], [-39.1, 29.0], [-39.1, 29.0], [-39.1, 29.0], [-39.1, 29.0], [-39.1, 29.0], [-39.1, 29.0], [-39.1, 29.0], [-39.1, 29.0], [-39.1, 29.0], [-39.1, 29.0], [-39.1, 29.0], [-39.1, 29.0], [-39.1, 29.0], [-39.1, 29.0], [-39.1, 29.0], [-39.1, 29.0], [-39.1, 29.0], [-39.1, 29.0], [-39.1, 29.0], [-39.1, 29.0], [-39.1, 29.0], [-39.1, 29.0], [-39.1, 29.0], [-39.1, 29.0], [-39.1, 29.0], [-39.1, 29.0], [-39.1, 29.0], [-39.1, 29.0], [-39.1, 29.0], [-39.1, 29.0], [-39.1, 29.0], [-39.1, 29.0], [-39.1, 29.0], [-39.1, 29.0], [-39.1, 29.0], [-39.1, 29.0], [-39.1, 29.0], [-39.1, 29.0], [-39.1, 29.0], [-39.1, 29.0], [-39.1, 29.0], [-39.1, 29.0], [-39.1, 29.0], [-39.1, 29.0], [-39.1, 29.0], [-39.1, 29.0], [-39.1, 29.0], [-39.1, 29.0], [-39.1, 29.0], [-39.1, 29.0], [-39.1, 29.0], [-39.1, 29.0], [-39.1, 29.0], [-39.1, 29.0], [-39.1, 29.0], [-39.1, 29.0], [-39.1, 29.0], [-39.1, 29.0], [-39.1, 29.0], [-39.1, 29.0], [-39.1, 29.0], [-39.1, 29.0], [-39.1, 29.0], [-39.1, 29.0], [-39.1, 29.0], [-39.1, 29.0], [-39.1, 29.0], [-39.1, 29.0], [-39.1, 29.0], [-39.1, 29.0], [-39.1, 29.0], [-39.1, 29.0], [-39.1, 29.0], [-39.1, 29.0], [-39.1, 29.0], [-39.1, 29.0], [-39.1, 29.0], [-39.1, 29.0], [-39.1, 29.0], [-39.1, 29.0], [-39.1, 29.0], [-39.1, 29.0], [-39.1, 29.0], [-39.1, 29.0], [-39.1, 29.0], [-39.1, 29.0], [-39.1, 29.0], [-39.1, 29.0], [-39.1, 29.0], [-39.1, 29.0], [-39.1, 29.0], [-39.1, 29.0], [-39.1, 29.0], [-39.1, 29.0], [-39.1, 29.0], [-39.1, 29.0], [-39.1, 29.0], [-39.1, 29.0], [-39.1, 29.0], [-39.1, 29.0], [-39.1, 29.0], [-39.1, 29.0], [-39.1, 29.0], [-39.1, 29.0], [-39.1, 29.0], [-39.1, 29.0], [-39.1, 29.0], [-39.1, 29.0], [-39.1, 29.0], [-39.1, 29.0], [-39.1, 29.0], [-39.1, 29.0], [-39.1, 29.0], [-39.1, 29.0], [-39.1, 29.0], [-39.1, 29.0], [-39.1, 29.0], [-39.1, 29.0], [-39.1, 29.0], [-39.1, 29.0], [-39.1, 29.0], [-39.1, 29.0], [-39.1, 29.0], [-39.1, 29.0], [-39.1, 29.0], [-39.1, 29.0], [-39.1, 29.0], [-39.1, 29.0], [-39.1, 29.0], [-39.1, 29.0], [-39.1, 29.0], [-39.1, 29.0], [-39.1, 29.0], [-39.1, 29.0], [-39.1, 29.0], [-39.1, 29.0], [-39.1, 29.0], [-39.1, 29.0], [-39.1, 29.0], [-39.1, 29.0], [-39.1, 29.0], [-39.1, 29.0], [-39.1, 29.0], [-39.1, 29.0], [-39.1, 29.0], [-39.1, 29.0], [-39.1, 29.0], [-39.1, 29.0], [-39.1, 29.0], [-39.1, 29.0], [-39.1, 29.0], [-39.1, 29.0], [-39.1, 29.0], [-39.1, 29.0], [-39.1, 29.0], [-39.1, 29.0], [-39.1, 29.0], [-39.1, 29.0], [-39.1, 29.0], [-39.1, 29.0], [-39.1, 29.0], [-39.1, 29.0], [-39.1, 29.0], [-39.1, 29.0], [-39.1, 29.0], [-39.1, 29.0], [-39.1, 29.0], [-39.1, 29.0], [-39.1, 29.0], [-39.1, 29.0], [-39.1, 29.0], [-39.1, 29.0], [-39.1, 29.0], [-39.1, 29.0], [-39.1, 29.0], [-39.1, 29.0], [-39.1, 29.0], [-39.1, 29.0], [-39.1, 29.0], [-39.1, 29.0], [-39.1, 29.0], [-39.1, 29.0], [-39.1, 29.0], [-39.1, 29.0], [-39.1, 29.0], [-39.1, 29.0], [-39.1, 29.0], [-39.1, 29.0], [-39.1, 29.0], [-39.1, 29.0], [-39.1, 29.0], [-39.1, 29.0], [-39.1, 29.0], [-39.1, 29.0], [-39.1, 29.0], [-39.1, 29.0], [-39.1, 29.0], [-39.1, 29.0], [-39.1, 29.0], [-39.1, 29.0], [-39.1, 29.0], [-39.1, 29.0], [-39.1, 29.0], [-39.1, 29.0], [-39.1, 29.0], [-39.1, 29.0], [-39.1, 29.0], [-39.1, 29.0], [-39.1, 29.0], [-39.1, 29.0], [-39.1, 29.0], [-39.1, 29.0], [-39.1, 29.0], [-39.1, 29.0], [-39.1, 29.0], [-39.1, 29.0], [-39.1, 29.0], [-39.1, 29.0], [-39.1, 29.0], [-39.1, 29.0], [-39.1, 29.0], [-39.1, 29.0], [-39.1, 29.0], [-39.1, 29.0], [-39.1, 29.0], [-39.1, 29.0], [-39.1, 29.0], [-39.1, 29.0], [-39.1, 29.0], [-39.1, 29.0], [-39.1, 29.0], [-39.1, 29.0], [-39.1, 29.0], [-39.1, 29.0], [-39.1, 29.0], [-39.1, 29.0], [-39.1, 29.0], [-39.1, 29.0], [-39.1, 29.0], [-39.1, 29.0], [-39.1, 29.0], [-39.1, 29.0], [-39.1, 29.0], [-39.1, 29.0], [-39.1, 29.0], [-39.1, 29.0], [-39.1, 29.0], [-39.1, 29.0], [-39.1, 29.0], [-39.1, 29.0], [-39.1, 29.0], [-39.1, 29.0], [-39.1, 29.0], [-39.1, 29.0], [-39.1, 29.0], [-39.1, 29.0], [-39.1, 29.0], [-39.1, 29.0], [-39.1, 29.0], [-39.1, 29.0], [-39.1, 29.0], [-39.1, 29.0], [-39.1, 29.0], [-39.1, 29.0], [-39.1, 29.0], [-39.1, 29.0], [-39.1, 29.0], [-39.1, 29.0], [-39.1, 29.0], [-39.1, 29.0], [-39.1, 29.0], [-39.1, 29.0], [-39.1, 29.0], [-39.1, 29.0], [-39.1, 29.0], [-39.1, 29.0], [-39.1, 29.0], [-39.1, 29.0], [-39.1, 29.0], [-39.1, 29.0], [-39.1, 29.0], [-39.1, 29.0], [-39.1, 29.0], [-39.1, 29.0], [-39.1, 29.0], [-39.1, 29.0], [-39.1, 29.0], [-39.1, 29.0], [-39.1, 29.0], [-39.1, 29.0], [-39.1, 29.0], [-39.1, 29.0], [-39.1, 29.0], [-39.1, 29.0], [-39.1, 29.0], [-39.1, 29.0], [-39.1, 29.0], [-39.1, 29.0], [-39.1, 29.0], [-39.1, 29.0], [-39.1, 29.0], [-39.1, 29.0], [-39.1, 29.0], [-39.1, 29.0], [-39.1, 29.0]]]}}, {"type": "Feature", "id": "TC10013233WindRadii_50_2609240000", "properties": {"description": "Tropical Cyclone SIX-26", "name": "Tropical Cyclone SIX-26", "htmldescription": "Green Tropical Cylone SIX-26 in off-shore from: 19 Sep 2026 15:00:00 to:20 Sep 2026 03:00:00.", "link": "https://www.gdacs.org/report.aspx?eventtype=TC&eventid=1001323&episodeid=3", "featureIndex": "894", "iconeventlink": "https://www.gdacs.org/images/gdacs_icons/maps/Green/TC.png", "iconitemlink": "https://www.gdacs.org/images/gdacs_icons/maps/Green/TC.png", "alertlevel": "Green", "eventtype": "TC", "eventname": "SIX-26", "polygonlabel": "24/09 00:00", "polygontype": "WindRadii_50_2609240000", "fromdate": "19 Sep 2026 15:00:00", "todate": "20 Sep 2026 03:00:00", "country": "", "countrylist": "", "iso3": "", "severity": "83.3328", "latitude": "33.3", "longitude": "-33.2", "imageoverview": "https://www.gdacs.org/contentdata/resources/imgtemp/gdacs/tc/1001323/clouds_1001323_3.png", "Class": "Poly_WindRadii_50_2609240000"}, "geometry": {"type": "Polygon", "coordinates": [[[-39.1, 29.0], [-39.1, 29.0], [-39.1, 29.0], [-39.1, 29.0], [-39.1, 29.0], [-39.1, 29.0], [-39.1, 29.0], [-39.1, 29.0], [-39.1, 29.0], [-39.1, 29.0], [-39.1, 29.0], [-39.1, 29.0], [-39.1, 29.0], [-39.1, 29.0], [-39.1, 29.0], [-39.1, 29.0], [-39.1, 29.0], [-39.1, 29.0], [-39.1, 29.0], [-39.1, 29.0], [-39.1, 29.0], [-39.1, 29.0], [-39.1, 29.0], [-39.1, 29.0], [-39.1, 29.0], [-39.1, 29.0], [-39.1, 29.0], [-39.1, 29.0], [-39.1, 29.0], [-39.1, 29.0], [-39.1, 29.0], [-39.1, 29.0], [-39.1, 29.0], [-39.1, 29.0], [-39.1, 29.0], [-39.1, 29.0], [-39.1, 29.0], [-39.1, 29.0], [-39.1, 29.0], [-39.1, 29.0], [-39.1, 29.0], [-39.1, 29.0], [-39.1, 29.0], [-39.1, 29.0], [-39.1, 29.0], [-39.1, 29.0], [-39.1, 29.0], [-39.1, 29.0], [-39.1, 29.0], [-39.1, 29.0], [-39.1, 29.0], [-39.1, 29.0], [-39.1, 29.0], [-39.1, 29.0], [-39.1, 29.0], [-39.1, 29.0], [-39.1, 29.0], [-39.1, 29.0], [-39.1, 29.0], [-39.1, 29.0], [-39.1, 29.0], [-39.1, 29.0], [-39.1, 29.0], [-39.1, 29.0], [-39.1, 29.0], [-39.1, 29.0], [-39.1, 29.0], [-39.1, 29.0], [-39.1, 29.0], [-39.1, 29.0], [-39.1, 29.0], [-39.1, 29.0], [-39.1, 29.0], [-39.1, 29.0], [-39.1, 29.0], [-39.1, 29.0], [-39.1, 29.0], [-39.1, 29.0], [-39.1, 29.0], [-39.1, 29.0], [-39.1, 29.0], [-39.1, 29.0], [-39.1, 29.0], [-39.1, 29.0], [-39.1, 29.0], [-39.1, 29.0], [-39.1, 29.0], [-39.1, 29.0], [-39.1, 29.0], [-39.1, 29.0], [-39.1, 29.0], [-39.1, 29.0], [-39.1, 29.0], [-39.1, 29.0], [-39.1, 29.0], [-39.1, 29.0], [-39.1, 29.0], [-39.1, 29.0], [-39.1, 29.0], [-39.1, 29.0], [-39.1, 29.0], [-39.1, 29.0], [-39.1, 29.0], [-39.1, 29.0], [-39.1, 29.0], [-39.1, 29.0], [-39.1, 29.0], [-39.1, 29.0], [-39.1, 29.0], [-39.1, 29.0], [-39.1, 29.0], [-39.1, 29.0], [-39.1, 29.0], [-39.1, 29.0], [-39.1, 29.0], [-39.1, 29.0], [-39.1, 29.0], [-39.1, 29.0], [-39.1, 29.0], [-39.1, 29.0], [-39.1, 29.0], [-39.1, 29.0], [-39.1, 29.0], [-39.1, 29.0], [-39.1, 29.0], [-39.1, 29.0], [-39.1, 29.0], [-39.1, 29.0], [-39.1, 29.0], [-39.1, 29.0], [-39.1, 29.0], [-39.1, 29.0], [-39.1, 29.0], [-39.1, 29.0], [-39.1, 29.0], [-39.1, 29.0], [-39.1, 29.0], [-39.1, 29.0], [-39.1, 29.0], [-39.1, 29.0], [-39.1, 29.0], [-39.1, 29.0], [-39.1, 29.0], [-39.1, 29.0], [-39.1, 29.0], [-39.1, 29.0], [-39.1, 29.0], [-39.1, 29.0], [-39.1, 29.0], [-39.1, 29.0], [-39.1, 29.0], [-39.1, 29.0], [-39.1, 29.0], [-39.1, 29.0], [-39.1, 29.0], [-39.1, 29.0], [-39.1, 29.0], [-39.1, 29.0], [-39.1, 29.0], [-39.1, 29.0], [-39.1, 29.0], [-39.1, 29.0], [-39.1, 29.0], [-39.1, 29.0], [-39.1, 29.0], [-39.1, 29.0], [-39.1, 29.0], [-39.1, 29.0], [-39.1, 29.0], [-39.1, 29.0], [-39.1, 29.0], [-39.1, 29.0], [-39.1, 29.0], [-39.1, 29.0], [-39.1, 29.0], [-39.1, 29.0], [-39.1, 29.0], [-39.1, 29.0], [-39.1, 29.0], [-39.1, 29.0], [-39.1, 29.0], [-39.1, 29.0], [-39.1, 29.0], [-39.1, 29.0], [-39.1, 29.0], [-39.1, 29.0], [-39.1, 29.0], [-39.1, 29.0], [-39.1, 29.0], [-39.1, 29.0], [-39.1, 29.0], [-39.1, 29.0], [-39.1, 29.0], [-39.1, 29.0], [-39.1, 29.0], [-39.1, 29.0], [-39.1, 29.0], [-39.1, 29.0], [-39.1, 29.0], [-39.1, 29.0], [-39.1, 29.0], [-39.1, 29.0], [-39.1, 29.0], [-39.1, 29.0], [-39.1, 29.0], [-39.1, 29.0], [-39.1, 29.0], [-39.1, 29.0], [-39.1, 29.0], [-39.1, 29.0], [-39.1, 29.0], [-39.1, 29.0], [-39.1, 29.0], [-39.1, 29.0], [-39.1, 29.0], [-39.1, 29.0], [-39.1, 29.0], [-39.1, 29.0], [-39.1, 29.0], [-39.1, 29.0], [-39.1, 29.0], [-39.1, 29.0], [-39.1, 29.0], [-39.1, 29.0], [-39.1, 29.0], [-39.1, 29.0], [-39.1, 29.0], [-39.1, 29.0], [-39.1, 29.0], [-39.1, 29.0], [-39.1, 29.0], [-39.1, 29.0], [-39.1, 29.0], [-39.1, 29.0], [-39.1, 29.0], [-39.1, 29.0], [-39.1, 29.0], [-39.1, 29.0], [-39.1, 29.0], [-39.1, 29.0], [-39.1, 29.0], [-39.1, 29.0], [-39.1, 29.0], [-39.1, 29.0], [-39.1, 29.0], [-39.1, 29.0], [-39.1, 29.0], [-39.1, 29.0], [-39.1, 29.0], [-39.1, 29.0], [-39.1, 29.0], [-39.1, 29.0], [-39.1, 29.0], [-39.1, 29.0], [-39.1, 29.0], [-39.1, 29.0], [-39.1, 29.0], [-39.1, 29.0], [-39.1, 29.0], [-39.1, 29.0], [-39.1, 29.0], [-39.1, 29.0], [-39.1, 29.0], [-39.1, 29.0], [-39.1, 29.0], [-39.1, 29.0], [-39.1, 29.0], [-39.1, 29.0], [-39.1, 29.0], [-39.1, 29.0], [-39.1, 29.0], [-39.1, 29.0], [-39.1, 29.0], [-39.1, 29.0], [-39.1, 29.0], [-39.1, 29.0], [-39.1, 29.0], [-39.1, 29.0], [-39.1, 29.0], [-39.1, 29.0], [-39.1, 29.0], [-39.1, 29.0], [-39.1, 29.0], [-39.1, 29.0], [-39.1, 29.0], [-39.1, 29.0], [-39.1, 29.0], [-39.1, 29.0], [-39.1, 29.0], [-39.1, 29.0], [-39.1, 29.0], [-39.1, 29.0], [-39.1, 29.0], [-39.1, 29.0], [-39.1, 29.0], [-39.1, 29.0], [-39.1, 29.0], [-39.1, 29.0], [-39.1, 29.0], [-39.1, 29.0], [-39.1, 29.0], [-39.1, 29.0], [-39.1, 29.0], [-39.1, 29.0], [-39.1, 29.0], [-39.1, 29.0], [-39.1, 29.0], [-39.1, 29.0], [-39.1, 29.0], [-39.1, 29.0], [-39.1, 29.0], [-39.1, 29.0], [-39.1, 29.0], [-39.1, 29.0], [-39.1, 29.0], [-39.1, 29.0], [-39.1, 29.0], [-39.1, 29.0], [-39.1, 29.0], [-39.1, 29.0], [-39.1, 29.0], [-39.1, 29.0], [-39.1, 29.0], [-39.1, 29.0], [-39.1, 29.0], [-39.1, 29.0], [-39.1, 29.0], [-39.1, 29.0], [-39.1, 29.0], [-39.1, 29.0], [-39.1, 29.0], [-39.1, 29.0], [-39.1, 29.0], [-39.1, 29.0], [-39.1, 29.0], [-39.1, 29.0], [-39.1, 29.0], [-39.1, 29.0], [-39.1, 29.0], [-39.1, 29.0], [-39.1, 29.0], [-39.1, 29.0], [-39.1, 29.0], [-39.1, 29.0], [-39.1, 29.0], [-39.1, 29.0], [-39.1, 29.0], [-39.1, 29.0], [-39.1, 29.0], [-39.1, 29.0], [-39.1, 29.0], [-39.1, 29.0], [-39.1, 29.0], [-39.1, 29.0], [-39.1, 29.0], [-39.1, 29.0], [-39.1, 29.0], [-39.1, 29.0], [-39.1, 29.0], [-39.1, 29.0], [-39.1, 29.0], [-39.1, 29.0], [-39.1, 29.0], [-39.1, 29.0], [-39.1, 29.0]]]}}, {"type": "Feature", "id": "TC10013233WindRadii_64_2609240000", "properties": {"description": "Tropical Cyclone SIX-26", "name": "Tropical Cyclone SIX-26", "htmldescription": "Green Tropical Cylone SIX-26 in off-shore from: 19 Sep 2026 15:00:00 to:20 Sep 2026 03:00:00.", "link": "https://www.gdacs.org/report.aspx?eventtype=TC&eventid=1001323&episodeid=3", "featureIndex": "895", "iconeventlink": "https://www.gdacs.org/images/gdacs_icons/maps/Green/TC.png", "iconitemlink": "https://www.gdacs.org/images/gdacs_icons/maps/Green/TC.png", "alertlevel": "Green", "eventtype": "TC", "eventname": "SIX-26", "polygonlabel": "24/09 00:00", "polygontype": "WindRadii_64_2609240000", "fromdate": "19 Sep 2026 15:00:00", "todate": "20 Sep 2026 03:00:00", "country": "", "countrylist": "", "iso3": "", "severity": "83.3328", "latitude": "33.3", "longitude": "-33.2", "imageoverview": "https://www.gdacs.org/contentdata/resources/imgtemp/gdacs/tc/1001323/clouds_1001323_3.png", "Class": "Poly_WindRadii_64_2609240000"}, "geometry": {"type": "Polygon", "coordinates": [[[-39.1, 29.0], [-39.1, 29.0], [-39.1, 29.0], [-39.1, 29.0], [-39.1, 29.0], [-39.1, 29.0], [-39.1, 29.0], [-39.1, 29.0], [-39.1, 29.0], [-39.1, 29.0], [-39.1, 29.0], [-39.1, 29.0], [-39.1, 29.0], [-39.1, 29.0], [-39.1, 29.0], [-39.1, 29.0], [-39.1, 29.0], [-39.1, 29.0], [-39.1, 29.0], [-39.1, 29.0], [-39.1, 29.0], [-39.1, 29.0], [-39.1, 29.0], [-39.1, 29.0], [-39.1, 29.0], [-39.1, 29.0], [-39.1, 29.0], [-39.1, 29.0], [-39.1, 29.0], [-39.1, 29.0], [-39.1, 29.0], [-39.1, 29.0], [-39.1, 29.0], [-39.1, 29.0], [-39.1, 29.0], [-39.1, 29.0], [-39.1, 29.0], [-39.1, 29.0], [-39.1, 29.0], [-39.1, 29.0], [-39.1, 29.0], [-39.1, 29.0], [-39.1, 29.0], [-39.1, 29.0], [-39.1, 29.0], [-39.1, 29.0], [-39.1, 29.0], [-39.1, 29.0], [-39.1, 29.0], [-39.1, 29.0], [-39.1, 29.0], [-39.1, 29.0], [-39.1, 29.0], [-39.1, 29.0], [-39.1, 29.0], [-39.1, 29.0], [-39.1, 29.0], [-39.1, 29.0], [-39.1, 29.0], [-39.1, 29.0], [-39.1, 29.0], [-39.1, 29.0], [-39.1, 29.0], [-39.1, 29.0], [-39.1, 29.0], [-39.1, 29.0], [-39.1, 29.0], [-39.1, 29.0], [-39.1, 29.0], [-39.1, 29.0], [-39.1, 29.0], [-39.1, 29.0], [-39.1, 29.0], [-39.1, 29.0], [-39.1, 29.0], [-39.1, 29.0], [-39.1, 29.0], [-39.1, 29.0], [-39.1, 29.0], [-39.1, 29.0], [-39.1, 29.0], [-39.1, 29.0], [-39.1, 29.0], [-39.1, 29.0], [-39.1, 29.0], [-39.1, 29.0], [-39.1, 29.0], [-39.1, 29.0], [-39.1, 29.0], [-39.1, 29.0], [-39.1, 29.0], [-39.1, 29.0], [-39.1, 29.0], [-39.1, 29.0], [-39.1, 29.0], [-39.1, 29.0], [-39.1, 29.0], [-39.1, 29.0], [-39.1, 29.0], [-39.1, 29.0], [-39.1, 29.0], [-39.1, 29.0], [-39.1, 29.0], [-39.1, 29.0], [-39.1, 29.0], [-39.1, 29.0], [-39.1, 29.0], [-39.1, 29.0], [-39.1, 29.0], [-39.1, 29.0], [-39.1, 29.0], [-39.1, 29.0], [-39.1, 29.0], [-39.1, 29.0], [-39.1, 29.0], [-39.1, 29.0], [-39.1, 29.0], [-39.1, 29.0], [-39.1, 29.0], [-39.1, 29.0], [-39.1, 29.0], [-39.1, 29.0], [-39.1, 29.0], [-39.1, 29.0], [-39.1, 29.0], [-39.1, 29.0], [-39.1, 29.0], [-39.1, 29.0], [-39.1, 29.0], [-39.1, 29.0], [-39.1, 29.0], [-39.1, 29.0], [-39.1, 29.0], [-39.1, 29.0], [-39.1, 29.0], [-39.1, 29.0], [-39.1, 29.0], [-39.1, 29.0], [-39.1, 29.0], [-39.1, 29.0], [-39.1, 29.0], [-39.1, 29.0], [-39.1, 29.0], [-39.1, 29.0], [-39.1, 29.0], [-39.1, 29.0], [-39.1, 29.0], [-39.1, 29.0], [-39.1, 29.0], [-39.1, 29.0], [-39.1, 29.0], [-39.1, 29.0], [-39.1, 29.0], [-39.1, 29.0], [-39.1, 29.0], [-39.1, 29.0], [-39.1, 29.0], [-39.1, 29.0], [-39.1, 29.0], [-39.1, 29.0], [-39.1, 29.0], [-39.1, 29.0], [-39.1, 29.0], [-39.1, 29.0], [-39.1, 29.0], [-39.1, 29.0], [-39.1, 29.0], [-39.1, 29.0], [-39.1, 29.0], [-39.1, 29.0], [-39.1, 29.0], [-39.1, 29.0], [-39.1, 29.0], [-39.1, 29.0], [-39.1, 29.0], [-39.1, 29.0], [-39.1, 29.0], [-39.1, 29.0], [-39.1, 29.0], [-39.1, 29.0], [-39.1, 29.0], [-39.1, 29.0], [-39.1, 29.0], [-39.1, 29.0], [-39.1, 29.0], [-39.1, 29.0], [-39.1, 29.0], [-39.1, 29.0], [-39.1, 29.0], [-39.1, 29.0], [-39.1, 29.0], [-39.1, 29.0], [-39.1, 29.0], [-39.1, 29.0], [-39.1, 29.0], [-39.1, 29.0], [-39.1, 29.0], [-39.1, 29.0], [-39.1, 29.0], [-39.1, 29.0], [-39.1, 29.0], [-39.1, 29.0], [-39.1, 29.0], [-39.1, 29.0], [-39.1, 29.0], [-39.1, 29.0], [-39.1, 29.0], [-39.1, 29.0], [-39.1, 29.0], [-39.1, 29.0], [-39.1, 29.0], [-39.1, 29.0], [-39.1, 29.0], [-39.1, 29.0], [-39.1, 29.0], [-39.1, 29.0], [-39.1, 29.0], [-39.1, 29.0], [-39.1, 29.0], [-39.1, 29.0], [-39.1, 29.0], [-39.1, 29.0], [-39.1, 29.0], [-39.1, 29.0], [-39.1, 29.0], [-39.1, 29.0], [-39.1, 29.0], [-39.1, 29.0], [-39.1, 29.0], [-39.1, 29.0], [-39.1, 29.0], [-39.1, 29.0], [-39.1, 29.0], [-39.1, 29.0], [-39.1, 29.0], [-39.1, 29.0], [-39.1, 29.0], [-39.1, 29.0], [-39.1, 29.0], [-39.1, 29.0], [-39.1, 29.0], [-39.1, 29.0], [-39.1, 29.0], [-39.1, 29.0], [-39.1, 29.0], [-39.1, 29.0], [-39.1, 29.0], [-39.1, 29.0], [-39.1, 29.0], [-39.1, 29.0], [-39.1, 29.0], [-39.1, 29.0], [-39.1, 29.0], [-39.1, 29.0], [-39.1, 29.0], [-39.1, 29.0], [-39.1, 29.0], [-39.1, 29.0], [-39.1, 29.0], [-39.1, 29.0], [-39.1, 29.0], [-39.1, 29.0], [-39.1, 29.0], [-39.1, 29.0], [-39.1, 29.0], [-39.1, 29.0], [-39.1, 29.0], [-39.1, 29.0], [-39.1, 29.0], [-39.1, 29.0], [-39.1, 29.0], [-39.1, 29.0], [-39.1, 29.0], [-39.1, 29.0], [-39.1, 29.0], [-39.1, 29.0], [-39.1, 29.0], [-39.1, 29.0], [-39.1, 29.0], [-39.1, 29.0], [-39.1, 29.0], [-39.1, 29.0], [-39.1, 29.0], [-39.1, 29.0], [-39.1, 29.0], [-39.1, 29.0], [-39.1, 29.0], [-39.1, 29.0], [-39.1, 29.0], [-39.1, 29.0], [-39.1, 29.0], [-39.1, 29.0], [-39.1, 29.0], [-39.1, 29.0], [-39.1, 29.0], [-39.1, 29.0], [-39.1, 29.0], [-39.1, 29.0], [-39.1, 29.0], [-39.1, 29.0], [-39.1, 29.0], [-39.1, 29.0], [-39.1, 29.0], [-39.1, 29.0], [-39.1, 29.0], [-39.1, 29.0], [-39.1, 29.0], [-39.1, 29.0], [-39.1, 29.0], [-39.1, 29.0], [-39.1, 29.0], [-39.1, 29.0], [-39.1, 29.0], [-39.1, 29.0], [-39.1, 29.0], [-39.1, 29.0], [-39.1, 29.0], [-39.1, 29.0], [-39.1, 29.0], [-39.1, 29.0], [-39.1, 29.0], [-39.1, 29.0], [-39.1, 29.0], [-39.1, 29.0], [-39.1, 29.0], [-39.1, 29.0], [-39.1, 29.0], [-39.1, 29.0], [-39.1, 29.0], [-39.1, 29.0], [-39.1, 29.0], [-39.1, 29.0], [-39.1, 29.0], [-39.1, 29.0], [-39.1, 29.0], [-39.1, 29.0], [-39.1, 29.0], [-39.1, 29.0], [-39.1, 29.0], [-39.1, 29.0], [-39.1, 29.0], [-39.1, 29.0], [-39.1, 29.0], [-39.1, 29.0], [-39.1, 29.0], [-39.1, 29.0], [-39.1, 29.0], [-39.1, 29.0], [-39.1, 29.0], [-39.1, 29.0], [-39.1, 29.0], [-39.1, 29.0], [-39.1, 29.0], [-39.1, 29.0], [-39.1, 29.0], [-39.1, 29.0], [-39.1, 29.0], [-39.1, 29.0], [-39.1, 29.0], [-39.1, 29.0], [-39.1, 29.0], [-39.1, 29.0], [-39.1, 29.0], [-39.1, 29.0], [-39.1, 29.0]]]}}, {"type": "Feature", "id": "TC10013233Polygon_Point_9", "properties": {"description": "Tropical Cyclone SIX-26", "name": "Tropical Cyclone SIX-26", "htmldescription": "Green Tropical Cylone SIX-26 in off-shore from: 19 Sep 2026 15:00:00 to:20 Sep 2026 03:00:00.", "link": "https://www.gdacs.org/report.aspx?eventtype=TC&eventid=1001323&episodeid=3", "featureIndex": "896", "iconeventlink": "https://www.gdacs.org/images/gdacs_icons/maps/Green/TC.png", "iconitemlink": "https://www.gdacs.org/images/gdacs_icons/maps/Green/TC.png", "alertlevel": "Green", "eventtype": "TC", "eventname": "SIX-26", "polygonlabel": "24/09 00:00 UTC", "polygontype": "Polygon_Point_9", "fromdate": "19 Sep 2026 15:00:00", "todate": "20 Sep 2026 03:00:00", "country": "", "countrylist": "", "iso3": "", "severity": "83.3328", "latitude": "33.3", "longitude": "-33.2", "imageoverview": "https://www.gdacs.org/contentdata/resources/imgtemp/gdacs/tc/1001323/clouds_1001323_3.png", "Class": "Poly_Polygon_Point_9"}, "geometry": {"type": "Polygon", "coordinates": [[[-39.1, 28.97], [-39.09852796977018, 28.970036136313844], [-39.09705948579011, 28.970144458199833], [-39.09559808576634, 28.970324704701056], [-39.09414729033952, 28.9705764415879], [-39.092710594602906, 28.97089906240416], [-39.09129145968237, 28.97129178992803], [-39.08989330439823, 28.971753678044507], [-39.08851949702905, 28.97228361402466], [-39.087173347197094, 28.972880321206297], [-39.08585809789522, 28.973542362069548], [-39.084576917674205, 28.97426814169999], [-39.08333289300941, 28.97505591163092], [-39.082129020865224, 28.97590377405558], [-39.080968201475095, 28.97680968639912], [-39.07985323135459, 28.97777146623935], [-39.0787867965644, 28.978786796564403], [-39.077771466239355, 28.97985323135459], [-39.076809686399116, 28.98096820147509], [-39.07590377405558, 28.982129020865226], [-39.075055911630926, 28.98333289300941], [-39.074268141699996, 28.984576917674204], [-39.07354236206955, 28.98585809789522], [-39.0728803212063, 28.987173347197093], [-39.07228361402466, 28.988519497029046], [-39.07175367804451, 28.989893304398233], [-39.07129178992803, 28.991291459682365], [-39.070899062404166, 28.9927105946029], [-39.0705764415879, 28.994147290339516], [-39.07032470470106, 28.99559808576634], [-39.070144458199835, 28.997059485790114], [-39.070036136313846, 28.998527969770176], [-39.07, 29.0], [-39.070036136313846, 29.001472030229824], [-39.070144458199835, 29.002940514209886], [-39.07032470470106, 29.00440191423366], [-39.0705764415879, 29.005852709660484], [-39.070899062404166, 29.0072894053971], [-39.07129178992803, 29.008708540317635], [-39.07175367804451, 29.010106695601767], [-39.07228361402466, 29.011480502970954], [-39.0728803212063, 29.012826652802907], [-39.07354236206955, 29.01414190210478], [-39.074268141699996, 29.015423082325796], [-39.075055911630926, 29.01666710699059], [-39.07590377405558, 29.017870979134774], [-39.076809686399116, 29.01903179852491], [-39.077771466239355, 29.02014676864541], [-39.0787867965644, 29.021213203435597], [-39.07985323135459, 29.02222853376065], [-39.080968201475095, 29.02319031360088], [-39.082129020865224, 29.02409622594442], [-39.08333289300941, 29.02494408836908], [-39.084576917674205, 29.02573185830001], [-39.08585809789522, 29.026457637930452], [-39.087173347197094, 29.027119678793703], [-39.08851949702905, 29.02771638597534], [-39.08989330439823, 29.028246321955493], [-39.09129145968237, 29.02870821007197], [-39.092710594602906, 29.02910093759584], [-39.09414729033952, 29.0294235584121], [-39.09559808576634, 29.029675295298944], [-39.09705948579011, 29.029855541800167], [-39.09852796977018, 29.029963863686156], [-39.1, 29.03], [-39.10147203022982, 29.029963863686156], [-39.10294051420989, 29.029855541800167], [-39.10440191423366, 29.029675295298944], [-39.10585270966048, 29.0294235584121], [-39.1072894053971, 29.02910093759584], [-39.108708540317636, 29.02870821007197], [-39.11010669560177, 29.028246321955493], [-39.111480502970956, 29.02771638597534], [-39.11282665280291, 29.027119678793703], [-39.114141902104784, 29.026457637930452], [-39.1154230823258, 29.02573185830001], [-39.11666710699059, 29.02494408836908], [-39.11787097913478, 29.02409622594442], [-39.11903179852491, 29.02319031360088], [-39.12014676864541, 29.02222853376065], [-39.1212132034356, 29.021213203435597], [-39.12222853376065, 29.02014676864541], [-39.12319031360089, 29.01903179852491], [-39.12409622594442, 29.017870979134774], [-39.12494408836908, 29.01666710699059], [-39.12573185830001, 29.015423082325796], [-39.12645763793045, 29.01414190210478], [-39.127119678793704, 29.012826652802907], [-39.12771638597534, 29.011480502970954], [-39.128246321955494, 29.010106695601767], [-39.12870821007197, 29.008708540317635], [-39.12910093759584, 29.0072894053971], [-39.1294235584121, 29.005852709660484], [-39.129675295298945, 29.00440191423366], [-39.12985554180017, 29.002940514209886], [-39.12996386368616, 29.001472030229824], [-39.13, 29.0], [-39.12996386368616, 28.998527969770176], [-39.12985554180017, 28.997059485790114], [-39.129675295298945, 28.99559808576634], [-39.1294235584121, 28.994147290339516], [-39.12910093759584, 28.9927105946029], [-39.12870821007197, 28.991291459682365], [-39.128246321955494, 28.989893304398233], [-39.12771638597534, 28.988519497029046], [-39.127119678793704, 28.987173347197093], [-39.12645763793045, 28.98585809789522], [-39.12573185830001, 28.984576917674204], [-39.12494408836908, 28.98333289300941], [-39.12409622594442, 28.982129020865226], [-39.12319031360089, 28.98096820147509], [-39.12222853376065, 28.97985323135459], [-39.1212132034356, 28.978786796564403], [-39.12014676864541, 28.97777146623935], [-39.11903179852491, 28.97680968639912], [-39.11787097913478, 28.97590377405558], [-39.11666710699059, 28.97505591163092], [-39.1154230823258, 28.97426814169999], [-39.114141902104784, 28.973542362069548], [-39.11282665280291, 28.972880321206297], [-39.111480502970956, 28.97228361402466], [-39.11010669560177, 28.971753678044507], [-39.108708540317636, 28.97129178992803], [-39.1072894053971, 28.97089906240416], [-39.10585270966048, 28.9705764415879], [-39.10440191423366, 28.970324704701056], [-39.10294051420989, 28.970144458199833], [-39.10147203022982, 28.970036136313844], [-39.1, 28.97]]]}}, {"type": "Feature", "id": "TC10013233Line_0", "properties": {"description": "Tropical Cyclone SIX-26", "name": "Tropical Cyclone SIX-26", "htmldescription": "Green Tropical Cylone SIX-26 in off-shore from: 19 Sep 2026 15:00:00 to:20 Sep 2026 03:00:00.", "link": "https://www.gdacs.org/report.aspx?eventtype=TC&eventid=1001323&episodeid=3", "featureIndex": "897", "iconeventlink": "https://www.gdacs.org/images/gdacs_icons/maps/Green/TC.png", "iconitemlink": "https://www.gdacs.org/images/gdacs_icons/maps/Green/TC.png", "alertlevel": "Green", "eventtype": "TC", "eventname": "SIX-26", "polygonlabel": "TD", "polygontype": "Line_0", "fromdate": "19 Sep 2026 15:00:00", "todate": "20 Sep 2026 03:00:00", "country": "", "countrylist": "", "iso3": "", "severity": "83.3328", "latitude": "33.3", "longitude": "-33.2", "imageoverview": "https://www.gdacs.org/contentdata/resources/imgtemp/gdacs/tc/1001323/clouds_1001323_3.png", "Class": "Line_Line_0"}, "geometry": {"type": "LineString", "coordinates": [[-32.9, 32.7], [-33.9, 31.6]]}}, {"type": "Feature", "id": "TC10013233Line_1", "properties": {"description": "Tropical Cyclone SIX-26", "name": "Tropical Cyclone SIX-26", "htmldescription": "Green Tropical Cylone SIX-26 in off-shore from: 19 Sep 2026 15:00:00 to:20 Sep 2026 03:00:00.", "link": "https://www.gdacs.org/report.aspx?eventtype=TC&eventid=1001323&episodeid=3", "featureIndex": "898", "iconeventlink": "https://www.gdacs.org/images/gdacs_icons/maps/Green/TC.png", "iconitemlink": "https://www.gdacs.org/images/gdacs_icons/maps/Green/TC.png", "alertlevel": "Green", "eventtype": "TC", "eventname": "SIX-26", "polygonlabel": "TD", "polygontype": "Line_1", "fromdate": "19 Sep 2026 15:00:00", "todate": "20 Sep 2026 03:00:00", "country": "", "countrylist": "", "iso3": "", "severity": "83.3328", "latitude": "33.3", "longitude": "-33.2", "imageoverview": "https://www.gdacs.org/contentdata/resources/imgtemp/gdacs/tc/1001323/clouds_1001323_3.png", "Class": "Line_Line_1"}, "geometry": {"type": "LineString", "coordinates": [[-33.4, 32.9], [-33.2, 33.3]]}}, {"type": "Feature", "id": "TC10013233Line_2", "properties": {"description": "Tropical Cyclone SIX-26", "name": "Tropical Cyclone SIX-26", "htmldescription": "Green Tropical Cylone SIX-26 in off-shore from: 19 Sep 2026 15:00:00 to:20 Sep 2026 03:00:00.", "link": "https://www.gdacs.org/report.aspx?eventtype=TC&eventid=1001323&episodeid=3", "featureIndex": "899", "iconeventlink": "https://www.gdacs.org/images/gdacs_icons/maps/Green/TC.png", "iconitemlink": "https://www.gdacs.org/images/gdacs_icons/maps/Green/TC.png", "alertlevel": "Green", "eventtype": "TC", "eventname": "SIX-26", "polygonlabel": "TD", "polygontype": "Line_2", "fromdate": "19 Sep 2026 15:00:00", "todate": "20 Sep 2026 03:00:00", "country": "", "countrylist": "", "iso3": "", "severity": "83.3328", "latitude": "33.3", "longitude": "-33.2", "imageoverview": "https://www.gdacs.org/contentdata/resources/imgtemp/gdacs/tc/1001323/clouds_1001323_3.png", "Class": "Line_Line_2"}, "geometry": {"type": "LineString", "coordinates": [[-33.6, 32.6], [-33.4, 32.9]]}}, {"type": "Feature", "id": "TC10013233Line_3", "properties": {"description": "Tropical Cyclone SIX-26", "name": "Tropical Cyclone SIX-26", "htmldescription": "Green Tropical Cylone SIX-26 in off-shore from: 19 Sep 2026 15:00:00 to:20 Sep 2026 03:00:00.", "link": "https://www.gdacs.org/report.aspx?eventtype=TC&eventid=1001323&episodeid=3", "featureIndex": "900", "iconeventlink": "https://www.gdacs.org/images/gdacs_icons/maps/Green/TC.png", "iconitemlink": "https://www.gdacs.org/images/gdacs_icons/maps/Green/TC.png", "alertlevel": "Green", "eventtype": "TC", "eventname": "SIX-26", "polygonlabel": "TD", "polygontype": "Line_3", "fromdate": "19 Sep 2026 15:00:00", "todate": "20 Sep 2026 03:00:00", "country": "", "countrylist": "", "iso3": "", "severity": "83.3328", "latitude": "33.3", "longitude": "-33.2", "imageoverview": "https://www.gdacs.org/contentdata/resources/imgtemp/gdacs/tc/1001323/clouds_1001323_3.png", "Class": "Line_Line_3"}, "geometry": {"type": "LineString", "coordinates": [[-33.9, 31.6], [-35.6, 30.4]]}}, {"type": "Feature", "id": "TC10013233Line_4", "properties": {"description": "Tropical Cyclone SIX-26", "name": "Tropical Cyclone SIX-26", "htmldescription": "Green Tropical Cylone SIX-26 in off-shore from: 19 Sep 2026 15:00:00 to:20 Sep 2026 03:00:00.", "link": "https://www.gdacs.org/report.aspx?eventtype=TC&eventid=1001323&episodeid=3", "featureIndex": "901", "iconeventlink": "https://www.gdacs.org/images/gdacs_icons/maps/Green/TC.png", "iconitemlink": "https://www.gdacs.org/images/gdacs_icons/maps/Green/TC.png", "alertlevel": "Green", "eventtype": "TC", "eventname": "SIX-26", "polygonlabel": "TD", "polygontype": "Line_4", "fromdate": "19 Sep 2026 15:00:00", "todate": "20 Sep 2026 03:00:00", "country": "", "countrylist": "", "iso3": "", "severity": "83.3328", "latitude": "33.3", "longitude": "-33.2", "imageoverview": "https://www.gdacs.org/contentdata/resources/imgtemp/gdacs/tc/1001323/clouds_1001323_3.png", "Class": "Line_Line_4"}, "geometry": {"type": "LineString", "coordinates": [[-35.6, 30.4], [-39.1, 29.0]]}}, {"type": "Feature", "id": "TC10013233Line_5", "properties": {"description": "Tropical Cyclone SIX-26", "name": "Tropical Cyclone SIX-26", "htmldescription": "Green Tropical Cylone SIX-26 in off-shore from: 19 Sep 2026 15:00:00 to:20 Sep 2026 03:00:00.", "link": "https://www.gdacs.org/report.aspx?eventtype=TC&eventid=1001323&episodeid=3", "featureIndex": "902", "iconeventlink": "https://www.gdacs.org/images/gdacs_icons/maps/Green/TC.png", "iconitemlink": "https://www.gdacs.org/images/gdacs_icons/maps/Green/TC.png", "alertlevel": "Green", "eventtype": "TC", "eventname": "SIX-26", "polygonlabel": "TS", "polygontype": "Line_5", "fromdate": "19 Sep 2026 15:00:00", "todate": "20 Sep 2026 03:00:00", "country": "", "countrylist": "", "iso3": "", "severity": "83.3328", "latitude": "33.3", "longitude": "-33.2", "imageoverview": "https://www.gdacs.org/contentdata/resources/imgtemp/gdacs/tc/1001323/clouds_1001323_3.png", "Class": "Line_Line_5"}, "geometry": {"type": "LineString", "coordinates": [[-32.4, 33.6], [-32.9, 32.7]]}}, {"type": "Feature", "id": "TC10013233Line_6", "properties": {"description": "Tropical Cyclone SIX-26", "name": "Tropical Cyclone SIX-26", "htmldescription": "Green Tropical Cylone SIX-26 in off-shore from: 19 Sep 2026 15:00:00 to:20 Sep 2026 03:00:00.", "link": "https://www.gdacs.org/report.aspx?eventtype=TC&eventid=1001323&episodeid=3", "featureIndex": "903", "iconeventlink": "https://www.gdacs.org/images/gdacs_icons/maps/Green/TC.png", "iconitemlink": "https://www.gdacs.org/images/gdacs_icons/maps/Green/TC.png", "alertlevel": "Green", "eventtype": "TC", "eventname": "SIX-26", "polygonlabel": "TS", "polygontype": "Line_6", "fromdate": "19 Sep 2026 15:00:00", "todate": "20 Sep 2026 03:00:00", "country": "", "countrylist": "", "iso3": "", "severity": "83.3328", "latitude": "33.3", "longitude": "-33.2", "imageoverview": "https://www.gdacs.org/contentdata/resources/imgtemp/gdacs/tc/1001323/clouds_1001323_3.png", "Class": "Line_Line_6"}, "geometry": {"type": "LineString", "coordinates": [[-32.5, 34.0], [-32.4, 33.6]]}}, {"type": "Feature", "id": "TC10013233Line_7", "properties": {"description": "Tropical Cyclone SIX-26", "name": "Tropical Cyclone SIX-26", "htmldescription": "Green Tropical Cylone SIX-26 in off-shore from: 19 Sep 2026 15:00:00 to:20 Sep 2026 03:00:00.", "link": "https://www.gdacs.org/report.aspx?eventtype=TC&eventid=1001323&episodeid=3", "featureIndex": "904", "iconeventlink": "https://www.gdacs.org/images/gdacs_icons/maps/Green/TC.png", "iconitemlink": "https://www.gdacs.org/images/gdacs_icons/maps/Green/TC.png", "alertlevel": "Green", "eventtype": "TC", "eventname": "SIX-26", "polygonlabel": "TS", "polygontype": "Line_7", "fromdate": "19 Sep 2026 15:00:00", "todate": "20 Sep 2026 03:00:00", "country": "", "countrylist": "", "iso3": "", "severity": "83.3328", "latitude": "33.3", "longitude": "-33.2", "imageoverview": "https://www.gdacs.org/contentdata/resources/imgtemp/gdacs/tc/1001323/clouds_1001323_3.png", "Class": "Line_Line_7"}, "geometry": {"type": "LineString", "coordinates": [[-33.0, 33.8], [-32.5, 34.0]]}}, {"type": "Feature", "id": "TC10013233Line_8", "properties": {"description": "Tropical Cyclone SIX-26", "name": "Tropical Cyclone SIX-26", "htmldescription": "Green Tropical Cylone SIX-26 in off-shore from: 19 Sep 2026 15:00:00 to:20 Sep 2026 03:00:00.", "link": "https://www.gdacs.org/report.aspx?eventtype=TC&eventid=1001323&episodeid=3", "featureIndex": "905", "iconeventlink": "https://www.gdacs.org/images/gdacs_icons/maps/Green/TC.png", "iconitemlink": "https://www.gdacs.org/images/gdacs_icons/maps/Green/TC.png", "alertlevel": "Green", "eventtype": "TC", "eventname": "SIX-26", "polygonlabel": "TS", "polygontype": "Line_8", "fromdate": "19 Sep 2026 15:00:00", "todate": "20 Sep 2026 03:00:00", "country": "", "countrylist": "", "iso3": "", "severity": "83.3328", "latitude": "33.3", "longitude": "-33.2", "imageoverview": "https://www.gdacs.org/contentdata/resources/imgtemp/gdacs/tc/1001323/clouds_1001323_3.png", "Class": "Line_Line_8"}, "geometry": {"type": "LineString", "coordinates": [[-33.2, 33.3], [-33.0, 33.8]]}}, {"type": "Feature", "id": "TC10013233Cones", "properties": {"description": "Tropical Cyclone SIX-26", "name": "Tropical Cyclone SIX-26", "htmldescription": "Green Tropical Cylone SIX-26 in off-shore from: 19 Sep 2026 15:00:00 to:20 Sep 2026 03:00:00.", "link": "https://www.gdacs.org/report.aspx?eventtype=TC&eventid=1001323&episodeid=3", "featureIndex": "906", "iconeventlink": "https://www.gdacs.org/images/gdacs_icons/maps/Green/TC.png", "iconitemlink": "https://www.gdacs.org/images/gdacs_icons/maps/Green/TC.png", "alertlevel": "Green", "eventtype": "TC", "eventname": "SIX-26", "polygonlabel": "Uncertainty Cones", "polygontype": "Cones", "fromdate": "19 Sep 2026 15:00:00", "todate": "20 Sep 2026 03:00:00", "country": "", "countrylist": "", "iso3": "", "severity": "83.3328", "latitude": "33.3", "longitude": "-33.2", "imageoverview": "https://www.gdacs.org/contentdata/resources/imgtemp/gdacs/tc/1001323/clouds_1001323_3.png", "Class": "Poly_Cones"}, "geometry": {"type": "Polygon", "coordinates": [[[-39.09999999999999, 26.481000000000016], [-38.9994856490473, 26.482534506738926], [-38.899093759348105, 26.487136157395515], [-38.79894664295589, 26.49479934556732], [-38.6991663137056, 26.505514734840016], [-38.5998743385583, 26.519269270162216], [-38.5011916894911, 26.536046193751524], [-38.403238596110896, 26.55582506551081], [-38.30613439917341, 26.578581787931427], [-38.20999740518491, 26.604288635452523], [-38.1149447422638, 26.632914288240322], [-38.02109221743811, 26.66442387034632], [-37.9285541755525, 26.69877899219831], [-37.8374433599566, 26.735937797372415], [-37.74787077514459, 26.775855013588416], [-37.6599455515136, 26.818482007867026], [-37.573774812404594, 26.863766845782017], [-37.48946354358981, 26.911654354733912], [-37.40711446536301, 26.962086191169515], [-37.32682790739109, 27.015000911664725], [-34.38582774173139, 29.059593708115006], [-34.33233113501641, 29.096958402254618], [-34.280378987544, 29.135910651863014], [-34.2300345950032, 29.176402999624013], [-34.1813592942815, 29.218386111849213], [-34.1344123887348, 29.26180883858361], [-34.089251075936, 29.306618275923213], [-34.0459303779881, 29.352759830471115], [-34.0045030744885, 29.400177285850507], [-33.9650196382253, 29.44881287119631], [-32.80367529164596, 30.956184219240022], [-31.8655482679198, 32.067543068533304], [-31.839948902369297, 32.098308435865505], [-31.815641045792802, 32.12980687168511], [-31.792654313569297, 32.162000000000006], [-31.7710167114912, 32.194848598442405], [-31.7507546016436, 32.22831264605501], [-31.7318926702863, 32.26235137205041], [-31.714453897777, 32.296923305484505], [-31.698459530574002, 32.33198632578161], [-31.683929055349804, 32.367497714052604], [-31.670880175250296, 32.403414205140905], [-31.659328788325805, 32.439692040334805], [-31.649288968162004, 32.47628702068011], [-31.4064932555744, 33.42410670956821], [-31.399728523746095, 33.453093641693805], [-31.3941824686316, 33.482259556587806], [-31.3898618472447, 33.5115689200756], [-31.3867719235971, 33.540986023212504], [-31.384916462284796, 33.570475025789705], [-31.384297723901497, 33.6], [-31.384916462284796, 33.6295249742103], [-31.3867719235971, 33.6590139767875], [-31.3898618472447, 33.6884310799244], [-31.3941824686316, 33.7177404434122], [-31.399728523746095, 33.7469063583062], [-31.4064932555744, 33.7758932904318], [-31.4144684223329, 33.8046659236773], [-31.423644307509203, 33.8331892030212], [-31.4340097317007, 33.8614283772412], [-31.445552066234796, 33.8893490412535], [-31.4582572485548, 33.9169171780299], [-31.472109799353003, 33.9440992000421], [-31.487092841430197, 33.9708619901836], [-31.5031881202575, 33.9971729421169], [-31.5203760262171, 34.023], [-31.538635618492997, 34.0483116975413], [-31.5579446505847, 34.0730771963363], [-31.578279597411, 34.0972663234394], [-31.599615683971603, 34.1208496081255], [-31.621926915531503, 34.1437983177948], [-31.645186109291803, 34.1660844929796], [-31.669364927507797, 34.1876809814083], [-31.9611703609119, 34.431382848055], [-31.979658265999305, 34.4467100160103], [-31.998780127337, 34.4614929366215], [-32.0185126478826, 34.4757135991769], [-32.0388317865993, 34.4893546779898], [-32.0597127877465, 34.5023995535068], [-32.0811302110409, 34.5148323325567], [-32.1030579626511, 34.5266378677131], [-32.1254693269895, 34.5378017757501], [-32.1483369992611, 34.5483104551654], [-32.1716331187294, 34.5581511027518], [-32.1953293026616, 34.5673117291961], [-32.2193966809076, 34.575781173686], [-32.2438059310742, 34.583549117508], [-32.2685273142502, 34.5906060966193], [-32.2935307112381, 34.5969435131777], [-32.3187856592502, 34.6025536460174], [-32.3442613890226, 34.6074296600557], [-32.3699268623027, 34.6115656146206], [-32.3957508096649, 34.6149564706885], [-32.4217017686072, 34.6175980970237], [-32.4477481218835, 34.6194872752113], [-32.4738581360246, 34.6206217035789], [-32.49999999999999, 34.621], [-32.5261418639754, 34.6206217035789], [-32.55225187811649, 34.6194872752113], [-32.57829823139279, 34.6175980970237], [-32.6042491903351, 34.6149564706885], [-32.630073137697295, 34.6115656146206], [-32.6557386109774, 34.6074296600557], [-32.68121434074979, 34.6025536460174], [-32.7064692887619, 34.5969435131777], [-32.73147268574979, 34.5906060966193], [-32.756194068925794, 34.583549117508], [-32.78060331909239, 34.575781173686], [-32.804670697338395, 34.5673117291961], [-32.82836688127059, 34.5581511027518], [-32.851663000738895, 34.5483104551654], [-32.87453067301049, 34.5378017757501], [-32.89694203734889, 34.5266378677131], [-32.91886978895919, 34.5148323325567], [-32.940287212253494, 34.5023995535068], [-32.96116821340069, 34.4893546779898], [-32.9814873521174, 34.4757135991769], [-33.001219872663, 34.4614929366215], [-33.020341734000695, 34.4467100160103], [-33.03882963908809, 34.431382848055], [-33.05666106326059, 34.4155301065489], [-33.07381428167459, 34.3991711056153], [-33.090268395775595, 34.3823257761772], [-33.10600335876029, 34.3650146416736], [-33.120999999999995, 34.3472587930553], [-33.3860933055211, 34.0164076536432], [-33.39494674731899, 34.0050787552582], [-33.4033190073423, 33.9935], [-33.41119988528159, 33.9816854947981], [-33.4185797795012, 33.9696496338074], [-33.4254496987368, 33.9574070808703], [-33.43180127304989, 33.944972751652], [-33.437626764025694, 33.932361795467], [-33.4429190742008, 33.9195895768231], [-33.4476717557104, 33.9066716567012], [-33.45187901814429, 33.8936237735971], [-33.455535735601096, 33.8804618243465], [-33.45863745293399, 33.8672018447571], [-33.4611803911783, 33.8538599900715], [-33.46316145215519, 33.8404525152846], [-33.46332769808972, 33.838873478823025], [-33.897810011877525, 33.37294183935059], [-34.710139061729244, 32.543200120166496], [-36.15715029602966, 32.04026733703198], [-39.60012566144167, 31.480730729837795], [-39.69880831050887, 31.463953806248504], [-39.79676140388918, 31.4441749344892], [-39.89386560082659, 31.421418212068602], [-39.99000259481509, 31.395711364547505], [-40.08505525773617, 31.367085711759707], [-40.178907782561886, 31.33557612965371], [-40.271445824447476, 31.3012210078017], [-40.36255664004339, 31.264062202627592], [-40.45212922485538, 31.224144986411595], [-40.54005444848637, 31.181517992133003], [-40.62622518759538, 31.136233154217994], [-40.71053645641019, 31.088345645266205], [-40.79288553463699, 31.037913808830496], [-40.87317209260888, 30.984999088335304], [-40.95129831352208, 30.929665952216702], [-41.027169012610976, 30.871981815377605], [-41.100691753115676, 30.812016957053096], [-41.171776958902086, 30.749844435186205], [-41.240338023596784, 30.685539997418005], [-41.30629141610357, 30.6191819888004], [-41.36955678237298, 30.550851256345293], [-41.430057043301574, 30.48063105052471], [-41.48771848864059, 30.4086069238428], [-41.542470866800976, 30.334866626603407], [-41.59424747044408, 30.259499999999996], [-41.64298521775378, 30.182598866657692], [-41.688624729292485, 30.104256918761706], [-41.73111040034557, 30.024569603907906], [-41.770390468667394, 29.943634008814694], [-41.80641707754528, 29.861548741037392], [-41.83914633410567, 29.778413808830496], [-41.86853836279118, 29.694330499302993], [-41.894557353942275, 29.609401255015612], [-41.91717160742608, 29.523729549169897], [-41.93635357125829, 29.437419759543], [-41.952079875170774, 29.3505770413184], [-41.96433135908448, 29.2633071989712], [-41.97309309645359, 29.175716557361508], [-41.97835441245078, 29.087911832193594], [-41.98010889697289, 29.000000000000014], [-41.97835441245078, 28.912088167806417], [-41.97309309645359, 28.82428344263852], [-41.96433135908448, 28.73669280102881], [-41.952079875170774, 28.649422958681612], [-41.93635357125829, 28.56258024045701], [-41.91717160742608, 28.476270450830114], [-41.894557353942275, 28.390598744984416], [-41.86853836279118, 28.305669500697018], [-41.83914633410567, 28.221586191169514], [-41.80641707754528, 28.13845125896262], [-41.770390468667394, 28.056365991185316], [-41.73111040034557, 27.975430396092122], [-41.688624729292485, 27.895743081238322], [-41.64298521775378, 27.81740113334232], [-41.59424747044408, 27.740500000000015], [-41.542470866800976, 27.66513337339662], [-41.48771848864059, 27.59139307615721], [-41.430057043301574, 27.519368949475318], [-41.36955678237298, 27.449148743654717], [-41.30629141610357, 27.38081801119961], [-41.240338023596784, 27.314460002582024], [-41.171776958902086, 27.250155564813824], [-41.100691753115676, 27.187983042946914], [-41.027169012610976, 27.128018184622423], [-40.95129831352208, 27.070334047783327], [-40.87317209260888, 27.015000911664725], [-40.79288553463699, 26.962086191169515], [-40.71053645641019, 26.911654354733912], [-40.62622518759538, 26.863766845782017], [-40.54005444848648, 26.818482007867026], [-40.45212922485538, 26.775855013588416], [-40.36255664004339, 26.735937797372415], [-40.271445824447476, 26.69877899219831], [-40.178907782561886, 26.66442387034632], [-40.08505525773617, 26.632914288240322], [-39.99000259481509, 26.604288635452523], [-39.89386560082659, 26.578581787931427], [-39.79676140388918, 26.55582506551081], [-39.69880831050887, 26.536046193751524], [-39.60012566144167, 26.519269270162216], [-39.50083368629438, 26.505514734840016], [-39.401053357044084, 26.49479934556732], [-39.300906240651884, 26.487136157395515], [-39.20051435095278, 26.482534506738926], [-39.09999999999999, 26.481000000000016]]]}}]}